mtllib material.mtl
s 0
usemtl Material
v -18.295565 368.160706 6.564758
v -18.295565 389.513885 6.564758
v -18.295565 368.160706 -6.564850
v -18.295565 389.513885 -6.564850
v 22.721155 368.160706 6.564758
v 22.721155 389.513885 6.564758
v 22.721155 368.160706 -6.564857
v 22.721155 389.513885 -6.564857
v -38.625904 384.252808 20.728340
v -49.313419 512.703125 26.239655
v -38.625904 384.252808 -20.728424
v -49.313419 512.703125 -26.239738
v 41.767063 384.252808 20.728340
v 52.454617 512.703125 26.239655
v 41.767063 384.252808 -20.728424
v 52.454617 512.703125 -26.239738
v -73.644081 288.434387 -31.137978
v -75.859016 288.434357 -58.914791
v -77.536552 297.831635 -31.138618
v -78.224625 297.143463 -58.075943
v -86.933739 301.724121 -31.139019
v -86.933731 299.509064 -58.914791
v -96.330925 297.831573 -31.137737
v -95.642822 297.143463 -58.075947
v -100.223366 288.434357 -31.137474
v -98.008430 288.434357 -58.914791
v -96.330925 279.037201 -31.138062
v -95.642822 279.725250 -58.075947
v -86.933746 275.144806 -31.139030
v -86.933739 277.359650 -58.914791
v -77.536530 279.037201 -31.138222
v -78.224625 279.725250 -58.075943
v -73.644081 288.434357 -48.972538
v -77.536522 297.831543 -48.972538
v -86.933739 301.723999 -48.972538
v -96.330925 297.831543 -48.972542
v -100.223366 288.434357 -48.972542
v -96.330925 279.037170 -48.972542
v -86.933739 275.144714 -48.972538
v -77.536522 279.037140 -48.972538
v -86.933739 288.434357 -60.592484
v -74.669830 293.514282 -31.138260
v -76.640907 293.712097 -58.771099
v -73.920937 288.434357 -55.155464
v -77.536522 297.831543 -40.637672
v -81.853867 300.698364 -31.138973
v -81.655983 298.727173 -58.771099
v -86.933739 301.723999 -40.637672
v -92.013588 300.698303 -31.138191
v -92.211456 298.727173 -58.771099
v -96.330925 297.831543 -40.637672
v -99.197609 293.514252 -31.137604
v -97.226562 293.712097 -58.771103
v -100.223366 288.434357 -40.637672
v -99.197609 283.354492 -31.137699
v -97.226562 283.156616 -58.771103
v -96.330925 279.037170 -40.637672
v -92.013626 276.170563 -31.139069
v -92.211456 278.141541 -58.771099
v -86.933739 275.144714 -40.637672
v -81.853867 276.170532 -31.138466
v -81.655991 278.141541 -58.771099
v -77.536522 279.037140 -40.637672
v -74.669838 283.354523 -31.137959
v -76.640915 283.156616 -58.771099
v -73.644081 288.434357 -40.637669
v -77.651886 297.716187 -55.046730
v -86.933731 301.447144 -55.155468
v -96.215561 297.716187 -55.046730
v -99.946495 288.434357 -55.155468
v -96.215561 279.152527 -55.046730
v -86.933739 275.421570 -55.155468
v -77.651886 279.152527 -55.046730
v -74.669830 283.354492 -48.972538
v -81.853867 276.170471 -48.972538
v -92.013596 276.170471 -48.972542
v -99.197609 283.354492 -48.972542
v -99.197609 293.514221 -48.972542
v -92.013588 300.698242 -48.972542
v -81.853851 300.698242 -48.972538
v -74.669830 293.514221 -48.972538
v -86.933739 282.066406 -60.382774
v -80.565765 288.434357 -60.382774
v -93.301674 288.434357 -60.382774
v -86.933731 294.802307 -60.382774
v -74.911636 293.524384 -55.128281
v -81.843712 300.456451 -55.128284
v -92.023758 300.456451 -55.128284
v -98.955841 293.524384 -55.128284
v -98.955841 283.344330 -55.128284
v -92.023758 276.412262 -55.128284
v -80.971252 282.471863 -60.180828
v -81.843727 276.412262 -55.128284
v -74.911636 283.344330 -55.128281
v -74.669838 283.354492 -40.637669
v -81.853867 276.170471 -40.637672
v -92.013596 276.170471 -40.637672
v -99.197609 283.354492 -40.637672
v -99.197609 293.514221 -40.637672
v -92.013588 300.698242 -40.637672
v -81.853867 300.698242 -40.637672
v -74.669830 293.514221 -40.637669
v -92.896194 282.471893 -60.180832
v -80.971252 294.396820 -60.180828
v -92.896187 294.396820 -60.180828
v 85.084053 262.313629 -59.092388
v 85.157997 312.256287 -59.167171
v 3.249599 213.748337 -44.831528
v 3.249552 263.748383 -44.831528
v 3.249562 313.748383 -44.831528
v -71.493576 213.748337 -44.831528
v -71.493622 263.748383 -44.831528
v -71.493614 313.748383 -44.831528
v 85.108414 164.889053 -52.754173
v 3.249588 163.748322 -38.180775
v -71.493584 163.748337 -38.180775
v -71.493599 363.748413 -38.180775
v 3.249572 363.748413 -44.831528
v 85.108398 359.738251 -52.754173
v -71.493599 163.748337 44.831482
v 3.249574 163.748322 44.831482
v 77.992744 163.748322 44.831482
v 77.992729 363.748413 44.831482
v 3.249557 363.748413 44.831482
v -71.493614 363.748413 44.831482
v -51.994156 370.997009 -33.135616
v 3.249571 370.997009 -33.135616
v 58.493294 370.997009 -33.135624
v 58.493343 370.997009 33.135590
v 3.249560 370.997009 33.135590
v -51.994164 370.997009 33.135590
v -146.236771 176.342224 44.831497
v -127.410599 163.748306 44.831497
v -143.714523 170.045273 44.831497
v -136.823685 165.435577 44.831497
v -127.410583 363.748413 44.831497
v -146.236755 351.154510 44.831497
v -136.823669 362.061157 44.831497
v -143.714523 357.451477 44.831497
v -127.410614 163.748306 -38.180775
v -146.236755 176.342224 -38.180775
v -136.823700 165.435577 -38.180775
v -143.714539 170.045273 -38.180775
v -146.236755 351.154510 -38.180775
v -127.410599 363.748413 -38.180775
v -143.714539 357.451477 -38.180775
v -136.823685 362.061157 -38.180775
v 133.909744 163.748322 44.831497
v 152.735916 176.342224 44.831482
v 143.322861 165.435577 44.831497
v 150.213684 170.045273 44.831482
v 152.735901 351.154510 44.831482
v 133.909790 363.748413 44.831497
v 150.213654 357.451477 44.831482
v 143.322845 362.061157 44.831497
v 148.988052 176.671387 -55.437447
v 133.416489 166.262024 -55.420498
v 146.876663 171.332382 -55.478638
v 141.396942 167.671570 -55.471394
v 133.416473 361.234711 -55.420498
v 148.988083 350.825348 -55.437447
v 141.396973 359.825165 -55.471397
v 146.876694 356.164368 -55.478638
v 85.158035 212.371017 -59.167171
v -146.236755 220.045288 44.831497
v -146.236755 263.748383 44.831497
v -146.236771 307.451447 44.831497
v -146.236755 307.451447 -38.180775
v -146.236771 263.748383 -38.180775
v -146.236740 220.045288 -38.180775
v 149.016327 220.045288 -55.490574
v 149.086899 263.748383 -55.561935
v 149.016281 307.451447 -55.490574
v 152.735886 307.451447 44.831482
v 152.735886 263.748383 44.831482
v 152.735931 220.045288 44.831482
v 80.340408 308.824127 44.831482
v 3.249603 308.824127 44.831482
v -73.841255 308.824127 44.831482
v 80.340401 263.748383 44.831482
v -73.841240 263.748383 44.831482
v 80.340393 218.672592 44.831482
v 3.249585 218.672592 44.831482
v -73.841248 218.672592 44.831482
v 77.992737 363.748413 -0.000015
v -71.493607 363.748413 -0.000023
v -71.493591 163.748337 -0.000023
v 3.249582 163.748322 -0.000015
v 77.992752 163.748322 -0.000015
v 58.493347 370.997009 -0.000015
v 3.249566 370.997009 -0.000015
v -51.994160 370.997009 -0.000015
v -127.410614 163.748306 -0.000015
v -136.823700 165.435577 -0.000015
v -143.714554 170.045273 -0.000015
v -146.236755 176.342224 -0.000015
v -127.410614 363.748413 -0.000015
v -136.823700 362.061157 -0.000015
v -143.714539 357.451477 -0.000015
v -146.236755 351.154510 -0.000015
v 133.909760 163.748322 -0.000023
v 143.322815 165.435577 -0.000023
v 150.213684 170.045273 -0.000023
v 152.735870 176.342224 -0.000023
v 133.909790 363.748413 -0.000023
v 143.322845 362.061157 -0.000023
v 150.213669 357.451477 -0.000023
v 152.735901 351.154510 -0.000023
v -146.236755 220.045288 -0.000015
v -146.236771 263.748383 -0.000015
v -146.236771 307.451447 -0.000015
v 152.735886 220.045288 -0.000023
v 152.735886 263.748383 -0.000023
v 152.735901 307.451447 -0.000023
v 3.249603 306.504089 42.278122
v -69.873367 306.504089 42.278122
v 76.372520 306.504089 42.278114
v 76.372505 263.748383 42.278114
v 3.249594 263.748383 42.278122
v -69.873375 263.748383 42.278122
v 76.372498 220.992661 42.278114
v 3.249586 220.992661 42.278122
v -69.873383 220.992661 42.278122
v 77.992737 313.748383 -44.831528
v 77.992722 263.748383 -44.831528
v 77.992744 363.748413 -38.180775
v 77.992714 213.748337 -44.831528
v 77.992760 163.748322 -38.180775
v 133.909760 163.748322 -38.180779
v 143.322815 165.435577 -38.180779
v 150.213699 170.045273 -38.180779
v 152.735886 176.342224 -38.180779
v 143.322861 362.061157 -38.180779
v 133.909790 363.748413 -38.180779
v 150.213669 357.451477 -38.180779
v 152.735916 351.154510 -38.180779
v 152.735901 307.451447 -38.180779
v 152.735886 220.045288 -38.180779
v 152.735901 263.748383 -38.180779
v 102.081871 313.765900 42.229233
v 102.081871 312.349670 49.270638
v 108.090424 311.277069 42.229233
v 107.650475 310.837097 49.057999
v 110.579231 305.268524 42.229233
v 109.163025 305.268524 49.270645
v 108.090416 299.259949 42.229233
v 107.650475 299.699921 49.057999
v 102.081856 296.771118 42.229233
v 102.081856 298.187347 49.270638
v 96.073318 299.259949 42.229233
v 96.513268 299.699921 49.057999
v 93.584450 305.268524 42.229233
v 95.000710 305.268524 49.270638
v 96.073318 311.277069 42.229233
v 96.513268 310.837128 49.057999
v 102.081871 313.765900 46.750320
v 108.090424 311.277069 46.750320
v 110.579231 305.268524 46.750320
v 108.090416 299.259949 46.750320
v 102.081856 296.771118 46.750320
v 96.073318 299.259949 46.750320
v 93.584503 305.268524 46.750336
v 96.073318 311.277069 46.750320
v 102.081856 305.268524 49.695923
v 105.329910 313.110046 42.229233
v 105.456436 311.849731 49.234215
v 102.081871 313.588867 48.317673
v 108.090424 311.277069 44.637482
v 109.923378 308.516571 42.229233
v 108.663071 308.643097 49.234215
v 110.579231 305.268524 44.637482
v 109.923378 302.020447 42.229233
v 108.663071 301.893921 49.234215
v 108.090416 299.259949 44.637482
v 105.329910 297.427002 42.229233
v 105.456490 298.687286 49.234215
v 102.081856 296.771118 44.637482
v 98.833824 297.427002 42.229233
v 98.707291 298.687286 49.234215
v 96.073318 299.259949 44.637482
v 94.240356 302.020447 42.229233
v 95.500664 301.893921 49.234200
v 93.584503 305.268524 44.637482
v 94.240356 308.516571 42.229233
v 95.500664 308.643097 49.234200
v 96.073318 311.277069 44.637482
v 98.833771 313.110046 42.229233
v 98.707245 311.849731 49.234215
v 102.081871 313.765900 44.637489
v 108.016655 311.203308 48.290115
v 110.402206 305.268524 48.317673
v 108.016655 299.333710 48.290115
v 102.081856 296.948151 48.317673
v 96.147079 299.333710 48.290115
v 93.761528 305.268524 48.317673
v 96.147079 311.203308 48.290115
v 98.833824 313.110046 46.750320
v 94.240356 308.516571 46.750336
v 94.240356 302.020447 46.750320
v 98.833824 297.427002 46.750320
v 105.329910 297.427002 46.750320
v 109.923378 302.020447 46.750320
v 109.923378 308.516571 46.750320
v 105.329910 313.110046 46.750320
v 98.010208 305.268524 49.642761
v 102.081871 309.340179 49.642761
v 102.081856 301.196838 49.642761
v 106.153519 305.268524 49.642761
v 105.336433 312.955444 48.310783
v 109.768768 308.523071 48.310783
v 109.768822 302.013947 48.310783
v 105.336426 297.581604 48.310783
v 98.827301 297.581604 48.310783
v 94.394966 302.013947 48.310783
v 98.269485 309.080933 49.591576
v 94.394913 308.523071 48.310783
v 98.827309 312.955444 48.310783
v 98.833824 313.110046 44.637489
v 94.240356 308.516571 44.637482
v 94.240356 302.020447 44.637482
v 98.833824 297.427002 44.637489
v 105.329910 297.427002 44.637482
v 109.923378 302.020447 44.637482
v 109.923378 308.516571 44.637482
v 105.329910 313.110046 44.637482
v 98.269485 301.456116 49.591576
v 105.894249 309.080933 49.591576
v 105.894249 301.456116 49.591576
v 130.081390 313.765900 42.229233
v 130.081390 312.349670 49.270645
v 136.089935 311.277069 42.229233
v 135.649979 310.837097 49.057999
v 138.578751 305.268524 42.229233
v 137.162537 305.268524 49.270645
v 136.089935 299.259949 42.229233
v 135.649979 299.699921 49.057999
v 130.081390 296.771118 42.229233
v 130.081390 298.187347 49.270645
v 124.072762 299.259949 42.229233
v 124.512779 299.699921 49.057999
v 121.583954 305.268524 42.229233
v 123.000221 305.268524 49.270645
v 124.072777 311.277069 42.229233
v 124.512779 310.837128 49.057999
v 130.081390 313.765900 46.750336
v 136.089935 311.277069 46.750336
v 138.578751 305.268524 46.750336
v 136.089935 299.259949 46.750336
v 130.081390 296.771118 46.750336
v 124.072823 299.259949 46.750336
v 121.583954 305.268524 46.750336
v 124.072762 311.277069 46.750336
v 130.081390 305.268524 49.695923
v 133.329422 313.110046 42.229233
v 133.455948 311.849731 49.234222
v 130.081390 313.588867 48.317673
v 136.089935 311.277069 44.637482
v 137.922897 308.516571 42.229233
v 136.662582 308.643097 49.234222
v 138.578751 305.268524 44.637482
v 137.922882 302.020447 42.229233
v 136.662582 301.893921 49.234222
v 136.089935 299.259949 44.637482
v 133.329422 297.427002 42.229233
v 133.455948 298.687286 49.234222
v 130.081390 296.771118 44.637482
v 126.833275 297.427002 42.229233
v 126.706757 298.687286 49.234222
v 124.072830 299.259949 44.637497
v 122.239815 302.020447 42.229233
v 123.500122 301.893921 49.234222
v 121.583954 305.268524 44.637497
v 122.239815 308.516571 42.229233
v 123.500122 308.643097 49.234222
v 124.072777 311.277069 44.637497
v 126.833282 313.110046 42.229233
v 126.706757 311.849731 49.234222
v 130.081390 313.765900 44.637497
v 136.016159 311.203308 48.290115
v 138.401718 305.268524 48.317673
v 136.016159 299.333710 48.290115
v 130.081390 296.948151 48.317673
v 124.146591 299.333710 48.290115
v 121.760979 305.268524 48.317673
v 124.146591 311.203308 48.290115
v 126.833282 313.110046 46.750336
v 122.239815 308.516571 46.750336
v 122.239815 302.020447 46.750336
v 126.833275 297.427002 46.750336
v 133.329422 297.427002 46.750336
v 137.922882 302.020447 46.750336
v 137.922882 308.516571 46.750336
v 133.329422 313.110046 46.750336
v 126.009720 305.268524 49.642761
v 130.081390 309.340179 49.642761
v 130.081390 301.196838 49.642761
v 134.153030 305.268524 49.642761
v 133.335938 312.955444 48.310791
v 137.768280 308.523071 48.310783
v 137.768280 302.013947 48.310783
v 133.335938 297.581604 48.310783
v 126.826813 297.581604 48.310783
v 122.394424 302.013947 48.310783
v 126.268936 309.080933 49.591576
v 122.394424 308.523071 48.310783
v 126.826820 312.955444 48.310783
v 126.833282 313.110046 44.637497
v 122.239815 308.516571 44.637497
v 122.239815 302.020447 44.637497
v 126.833275 297.427002 44.637497
v 133.329422 297.427002 44.637482
v 137.922882 302.020447 44.637482
v 137.922897 308.516571 44.637482
v 133.329422 313.110046 44.637482
v 126.268936 301.456116 49.591576
v 133.893768 309.080933 49.591583
v 133.893753 301.456116 49.591583
v 130.838074 286.901550 42.229233
v 130.838074 285.485321 49.270638
v 136.846680 284.412720 42.229233
v 136.406677 283.972748 49.057999
v 139.335495 278.404144 42.229233
v 137.919235 278.404144 49.270638
v 136.846680 272.395599 42.229233
v 136.406677 272.835571 49.057999
v 130.838074 269.906769 42.229233
v 130.838074 271.322998 49.270638
v 124.829521 272.395599 42.229233
v 125.269478 272.835571 49.057991
v 122.340706 278.404144 42.229233
v 123.756912 278.404144 49.270638
v 124.829529 284.412720 42.229233
v 125.269478 283.972748 49.057991
v 130.838074 286.901550 46.750320
v 136.846619 284.412720 46.750320
v 139.335495 278.404144 46.750320
v 136.846680 272.395599 46.750320
v 130.838074 269.906769 46.750320
v 124.829521 272.395599 46.750320
v 122.340706 278.404144 46.750336
v 124.829521 284.412720 46.750320
v 130.838074 278.404144 49.695923
v 134.086182 286.245697 42.229233
v 134.212692 284.985382 49.234200
v 130.838074 286.724518 48.317673
v 136.846634 284.412720 44.637482
v 138.679642 281.652222 42.229233
v 137.419327 281.778748 49.234200
v 139.335495 278.404144 44.637482
v 138.679642 275.156097 42.229233
v 137.419327 275.029572 49.234200
v 136.846680 272.395599 44.637482
v 134.086166 270.562561 42.229050
v 134.212692 271.822937 49.234200
v 130.838074 269.906769 44.637482
v 127.590027 270.562622 42.229233
v 127.463501 271.822937 49.234200
v 124.829521 272.395599 44.637482
v 122.996567 275.156097 42.229233
v 124.256866 275.029572 49.234200
v 122.340706 278.404144 44.637482
v 122.996567 281.652222 42.229233
v 124.256874 281.778748 49.234200
v 124.829529 284.412720 44.637482
v 127.590034 286.245697 42.229233
v 127.463501 284.985382 49.234200
v 130.838074 286.901550 44.637482
v 136.772858 284.338959 48.290100
v 139.158478 278.404144 48.317673
v 136.772919 272.469360 48.290100
v 130.838074 270.083801 48.317673
v 124.903290 272.469360 48.290100
v 122.517731 278.404144 48.317665
v 124.903290 284.338959 48.290100
v 127.590034 286.245697 46.750320
v 122.996567 281.652222 46.750336
v 122.996567 275.156097 46.750320
v 127.590027 270.562622 46.750320
v 134.086166 270.562622 46.750320
v 138.679642 275.156097 46.750320
v 138.679642 281.652222 46.750320
v 134.086182 286.245697 46.750320
v 126.766418 278.404144 49.642761
v 130.838074 282.475830 49.642761
v 130.838074 274.332489 49.642761
v 134.909790 278.404144 49.642761
v 134.092636 286.091095 48.310783
v 138.525024 281.658722 48.310783
v 138.525024 275.149597 48.310783
v 134.092636 270.717224 48.310783
v 127.583511 270.717224 48.310783
v 123.151176 275.149597 48.310783
v 127.025696 282.216553 49.591576
v 123.151176 281.658722 48.310783
v 127.583511 286.091095 48.310783
v 127.590034 286.245697 44.637482
v 122.996567 281.652222 44.637482
v 122.996567 275.156097 44.637482
v 127.590027 270.562622 44.637482
v 134.086166 270.562622 44.637482
v 138.679642 275.156097 44.637482
v 138.679642 281.652222 44.637482
v 134.086182 286.245697 44.637482
v 127.025688 274.591766 49.591576
v 134.650513 282.216553 49.591576
v 134.650513 274.591766 49.591576
v 102.460243 285.766449 42.229233
v 102.460243 284.350220 49.270645
v 108.468796 283.277618 42.229233
v 108.028839 282.837646 49.057999
v 110.957611 277.269043 42.229233
v 109.541397 277.269043 49.270645
v 108.468788 271.260498 42.229233
v 108.028839 271.700439 49.057999
v 102.460243 268.771667 42.229233
v 102.460236 270.187897 49.270645
v 96.451691 271.260498 42.229233
v 96.891647 271.700439 49.057999
v 93.962822 277.269043 42.229233
v 95.379082 277.269043 49.270638
v 96.451691 283.277618 42.229233
v 96.891647 282.837646 49.057999
v 102.460243 285.766449 46.750320
v 108.468796 283.277618 46.750320
v 110.957603 277.269043 46.750320
v 108.468788 271.260498 46.750320
v 102.460236 268.771667 46.750320
v 96.451691 271.260498 46.750320
v 93.962868 277.269043 46.750336
v 96.451691 283.277618 46.750320
v 102.460243 277.269043 49.695923
v 105.708290 285.110565 42.229233
v 105.834808 283.850281 49.234215
v 102.460243 285.589417 48.317673
v 108.468796 283.277618 44.637482
v 110.301743 280.517120 42.229233
v 109.041443 280.643646 49.234215
v 110.957611 277.269043 44.637482
v 110.301743 274.020996 42.229233
v 109.041443 273.894470 49.234215
v 108.468788 271.260498 44.637482
v 105.708282 269.427521 42.229233
v 105.834862 270.687836 49.234215
v 102.460236 268.771667 44.637482
v 99.212196 269.427521 42.229233
v 99.085678 270.687836 49.234215
v 96.451691 271.260498 44.637489
v 94.618729 274.020996 42.229233
v 95.879036 273.894470 49.234200
v 93.962868 277.269043 44.637482
v 94.618729 280.517120 42.229233
v 95.879036 280.643646 49.234200
v 96.451691 283.277618 44.637489
v 99.212135 285.110565 42.229233
v 99.085625 283.850281 49.234215
v 102.460243 285.766449 44.637489
v 108.395027 283.203827 48.290115
v 110.780579 277.269043 48.317673
v 108.395027 271.334259 48.290115
v 102.460236 268.948700 48.317673
v 96.525452 271.334259 48.290115
v 94.139893 277.269043 48.317673
v 96.525459 283.203827 48.290115
v 99.212196 285.110565 46.750320
v 94.618729 280.517120 46.750336
v 94.618729 274.020996 46.750320
v 99.212196 269.427521 46.750320
v 105.708282 269.427521 46.750320
v 110.301743 274.020996 46.750320
v 110.301743 280.517120 46.750320
v 105.708290 285.110565 46.750320
v 98.388580 277.269043 49.642761
v 102.460243 281.340729 49.642761
v 102.460236 273.197388 49.642761
v 106.531898 277.269043 49.642761
v 105.714806 284.955963 48.310783
v 110.147141 280.523590 48.310783
v 110.147194 274.014496 48.310783
v 105.714798 269.582123 48.310783
v 99.205666 269.582123 48.310783
v 94.773338 274.014496 48.310783
v 98.647858 281.081451 49.591576
v 94.773285 280.523590 48.310783
v 99.205681 284.955963 48.310783
v 99.212196 285.110565 44.637489
v 94.618729 280.517120 44.637482
v 94.618729 274.020996 44.637482
v 99.212196 269.427521 44.637489
v 105.708282 269.427521 44.637482
v 110.301743 274.020996 44.637482
v 110.301743 280.517120 44.637482
v 105.708290 285.110565 44.637482
v 98.647858 273.456635 49.591576
v 106.272621 281.081451 49.591576
v 106.272621 273.456635 49.591576
v -108.679062 300.321045 46.390884
v -126.529099 270.673645 46.390884
v -135.950104 270.601135 46.390884
v -90.813698 270.574768 46.390892
v -108.679070 240.881226 46.390884
v -108.720840 252.766510 46.390884
v -81.408051 270.601135 46.390884
v -108.621956 288.481903 46.390884
v -118.222290 293.640503 46.390884
v -131.718414 280.144348 46.390884
v -131.718414 261.057922 46.390884
v -118.222275 247.561783 46.390884
v -99.135849 247.561783 46.390884
v -85.639717 261.057922 46.390884
v -85.639717 280.144348 46.390884
v -99.135857 293.640503 46.390884
v -96.079063 257.961945 46.390892
v -96.009140 283.216553 46.390892
v -121.263733 283.286438 46.390884
v -121.333656 258.031860 46.390884
v -108.636765 283.135895 46.390884
v -108.706032 258.112518 46.390884
v -96.159698 270.589569 46.390884
v -121.183060 270.658844 46.390884
v -99.848793 261.752625 46.390884
v -99.799812 279.446808 46.390892
v -117.493996 279.495789 46.390884
v -117.542984 261.801605 46.390884
v -108.671394 270.624207 46.390884
v -108.679062 300.321045 44.811584
v -126.529099 270.673645 44.811600
v -135.950104 270.601135 44.811600
v -90.813698 270.574768 44.811584
v -108.679070 240.881149 44.811325
v -108.720840 252.766510 44.811584
v -81.408051 270.601135 44.811584
v -108.621956 288.481903 44.811584
v -118.222290 293.640503 44.811584
v -131.718414 280.144348 44.811584
v -131.718414 261.057922 44.811584
v -118.222275 247.561783 44.811584
v -99.135849 247.561783 44.811584
v -85.639717 261.057922 44.811584
v -85.639717 280.144348 44.811584
v -99.135857 293.640503 44.811584
v -96.079063 257.961945 44.811584
v -96.009140 283.216553 44.811584
v -121.263733 283.286438 44.811592
v -121.333656 258.031860 44.811592
v -108.636765 283.135895 44.811584
v -108.706032 258.112518 44.811584
v -96.159698 270.589569 44.811584
v -121.183060 270.658844 44.811584
v -99.848793 261.752625 44.811584
v -99.799812 279.446808 44.811584
v -117.493996 279.495789 44.811584
v -117.542984 261.801605 44.811584
v 105.439369 343.486603 -7.348427
v 105.439026 371.270447 -5.073212
v 114.836418 343.487823 -3.432915
v 114.148094 370.431610 -2.707611
v 118.728790 343.487549 5.976974
v 116.513702 371.270447 6.001488
v 114.836357 343.483612 15.368217
v 114.148087 370.431610 14.710594
v 105.439186 343.480255 19.254036
v 105.439026 371.270447 17.076195
v 96.042099 343.476593 15.345840
v 96.729927 370.431610 14.710594
v 92.149712 343.478485 5.937309
v 94.364311 371.270447 6.001495
v 96.042152 343.485046 -3.451897
v 96.729927 370.431610 -2.707611
v 105.439026 361.328186 -7.288261
v 114.836197 361.328186 -3.395706
v 118.728630 361.328186 6.001495
v 114.836189 361.328186 15.398697
v 105.439026 361.328186 19.291138
v 96.041824 361.328186 15.398697
v 92.149376 361.328186 6.001495
v 96.041824 361.328186 -3.395706
v 105.439026 372.948151 6.001495
v 110.519135 343.487427 -6.310875
v 110.716728 371.126770 -4.291336
v 105.439026 367.511108 -7.011292
v 114.836189 352.993225 -3.396362
v 117.703056 343.487640 0.891426
v 115.731834 371.126770 0.723747
v 118.728630 352.993317 6.001495
v 117.703056 343.485504 11.053467
v 115.731834 371.126770 11.279236
v 114.836189 352.993286 15.398590
v 110.519020 343.483521 18.236938
v 110.716728 371.126770 16.294304
v 105.439026 352.993256 19.290932
v 100.359367 343.476349 18.215775
v 100.161224 371.126770 16.294304
v 96.041824 352.993042 15.397842
v 93.175461 343.476318 11.019951
v 95.146179 371.126770 11.279236
v 92.149376 352.992920 5.999893
v 93.175522 343.481232 0.856430
v 95.146179 371.126770 0.723747
v 96.041824 352.993164 -3.396698
v 100.359497 343.486450 -6.319160
v 100.161232 371.126770 -4.291328
v 105.439026 352.992950 -7.291412
v 114.720856 367.402374 -3.280334
v 118.451775 367.511108 6.001488
v 114.720856 367.402374 15.283310
v 105.439026 367.511108 19.014275
v 96.157158 367.402374 15.283310
v 92.426239 367.511108 6.001495
v 96.157158 367.402374 -3.280334
v 100.359154 361.328186 -6.262398
v 93.175140 361.328186 0.921623
v 93.175125 361.328186 11.081360
v 100.359154 361.328186 18.265381
v 110.518852 361.328186 18.265381
v 117.702881 361.328186 11.081360
v 117.702881 361.328186 0.921623
v 110.518860 361.328156 -6.262596
v 99.071037 372.738434 6.001495
v 105.439026 372.738434 -0.366463
v 105.439026 372.738434 12.369446
v 111.806969 372.738434 6.001495
v 110.529030 367.483948 -6.020615
v 117.461082 367.483948 0.911469
v 117.461082 367.483948 11.091515
v 110.529030 367.483948 18.023590
v 100.348984 367.483948 18.023590
v 93.416878 367.483948 11.091515
v 99.476501 372.536499 0.039017
v 93.416878 367.483948 0.911469
v 100.348984 367.483948 -6.020615
v 100.359154 352.993164 -6.263756
v 93.175125 352.992981 0.919884
v 93.175125 352.992889 11.079895
v 100.359146 352.993103 18.264771
v 110.518852 352.993256 18.265205
v 117.702881 352.993317 11.081360
v 117.702881 352.993317 0.921486
v 110.518913 352.993042 -6.264580
v 99.476555 372.536499 11.963966
v 111.401466 372.536499 0.039017
v 111.401459 372.536499 11.963966
v 33.923847 474.293915 -18.745705
v 34.540352 425.091522 -19.099163
v 160.384323 474.293945 -18.362946
v 161.000900 425.091583 -18.719612
v 34.433067 434.540039 -19.035435
v 34.065292 463.887878 -18.820457
v 144.782150 425.089722 -18.512238
v 129.033356 425.089966 -18.596081
v 113.284576 425.090210 -18.679932
v 97.535789 425.090454 -18.763775
v 81.787003 425.090729 -18.847622
v 66.037926 425.090942 -18.931473
v 50.289139 425.091217 -19.015312
v 49.672661 474.293610 -18.661854
v 65.421494 474.293335 -18.578011
v 81.170425 474.293091 -18.494167
v 96.919258 474.292847 -18.410313
v 112.668007 474.292603 -18.326466
v 128.416779 474.292358 -18.242619
v 144.165573 474.292114 -18.158775
v 51.611305 432.505341 -18.954521
v 67.357468 432.701996 -18.869263
v 83.103874 432.898743 -18.783997
v 98.850037 433.095459 -18.698738
v 114.596207 433.292145 -18.613480
v 130.342377 433.488861 -18.528214
v 146.088531 433.685577 -18.442951
v 51.057774 464.612274 -18.724674
v 67.000626 465.127838 -18.636059
v 82.335999 464.715240 -18.557404
v 98.252785 465.184662 -18.469261
v 113.820175 465.147522 -18.386646
v 129.736343 465.600525 -18.298618
v 145.311600 465.590759 -18.215771
v 152.040009 474.291962 -18.116856
v 151.132904 433.748596 -18.415642
v 151.110031 465.663177 -18.184364
v 152.656540 425.089600 -18.470318
v 136.907761 425.089844 -18.554157
v 136.291183 474.292236 -18.200699
v 135.386734 433.551880 -18.500900
v 135.187927 465.668671 -18.269100
v 121.158966 425.090088 -18.638008
v 120.542442 474.292480 -18.284546
v 119.640572 433.355164 -18.586166
v 119.618134 465.219940 -18.355247
v 105.410179 425.090332 -18.721848
v 104.793602 474.292725 -18.368385
v 103.894394 433.158478 -18.671425
v 103.687386 465.252533 -18.439827
v 89.661438 425.090576 -18.805702
v 89.044853 474.292969 -18.452240
v 88.148239 432.961761 -18.756683
v 88.118652 464.787476 -18.526093
v 73.912460 425.090820 -18.889549
v 73.295937 474.293213 -18.536091
v 72.401932 432.765015 -18.841949
v 71.946198 465.189606 -18.609280
v 58.163532 425.091095 -18.973396
v 57.547100 474.293457 -18.619930
v 56.655674 432.568359 -18.927208
v 56.404594 464.679077 -18.695728
v 160.515350 463.887909 -18.438263
v 49.811504 463.887573 -18.736607
v 50.953720 472.919861 -18.664993
v 65.557716 463.887299 -18.652767
v 66.907166 472.590027 -18.582451
v 81.304070 463.887054 -18.568916
v 82.229950 473.181213 -18.496582
v 97.050240 463.886810 -18.485069
v 98.156120 472.897308 -18.413853
v 112.796402 463.886566 -18.401222
v 113.720322 473.115784 -18.329399
v 128.542572 463.886322 -18.317383
v 129.645493 472.848267 -18.246552
v 144.288681 463.886047 -18.233532
v 145.218277 473.039459 -18.162254
v 152.161789 463.885925 -18.191612
v 151.017670 473.034576 -18.131409
v 136.415619 463.886169 -18.275455
v 135.098022 472.843658 -18.217552
v 120.669510 463.886444 -18.359299
v 119.519279 473.110931 -18.298557
v 104.923294 463.886688 -18.443142
v 103.591637 472.892731 -18.384937
v 89.177132 463.886963 -18.526993
v 88.013504 473.176331 -18.465828
v 73.430824 463.887146 -18.610847
v 71.853539 472.585846 -18.556149
v 57.684608 463.887421 -18.694687
v 56.301407 472.915375 -18.636555
v 160.883087 434.540314 -18.685181
v 151.224228 426.460815 -18.467991
v 146.179001 426.465027 -18.494820
v 135.475433 426.474060 -18.551750
v 130.430206 426.478302 -18.578579
v 119.726646 426.487335 -18.635506
v 114.681435 426.491547 -18.662338
v 103.977814 426.500549 -18.719250
v 98.932632 426.504822 -18.746086
v 88.229080 426.513824 -18.803005
v 83.183846 426.518036 -18.829838
v 72.480148 426.527008 -18.886765
v 67.434776 426.531281 -18.913597
v 56.731216 426.540314 -18.970516
v 50.179230 434.539764 -18.950333
v 51.685993 426.544525 -18.997345
v 65.925446 434.539459 -18.865234
v 81.671799 434.539215 -18.780128
v 97.418007 434.538971 -18.695023
v 113.164177 434.538696 -18.609924
v 128.910339 434.538452 -18.524818
v 144.656448 434.538177 -18.439720
v 152.529556 434.538055 -18.397175
v 136.783356 434.538330 -18.482269
v 121.037231 434.538574 -18.567371
v 105.291069 434.538849 -18.652477
v 89.544907 434.539093 -18.737572
v 73.798599 434.539337 -18.822674
v 58.052338 434.539612 -18.907784
v 287.173798 474.296387 -18.358780
v 287.790436 425.094177 -18.715450
v 271.712097 425.092285 -18.507996
v 255.963303 425.092529 -18.591766
v 240.214569 425.092804 -18.675552
v 224.465881 425.093140 -18.759346
v 208.717178 425.093475 -18.843193
v 192.968445 425.093750 -18.927040
v 177.219666 425.094025 -19.010895
v 176.603088 474.296417 -18.657433
v 192.351913 474.296143 -18.573589
v 208.100662 474.295868 -18.489738
v 223.849350 474.295502 -18.405891
v 239.597900 474.295044 -18.322094
v 255.346634 474.294769 -18.238308
v 271.095428 474.294525 -18.154530
v 178.541824 432.510040 -18.950089
v 194.287949 432.706726 -18.864819
v 210.034058 432.903381 -18.779552
v 225.780136 433.100006 -18.694302
v 241.526199 433.296631 -18.609089
v 257.272308 433.493317 -18.523891
v 273.018433 433.690033 -18.438702
v 177.988251 464.616943 -18.720242
v 193.931107 465.132568 -18.631622
v 209.266235 464.719910 -18.552963
v 225.182877 465.189209 -18.464817
v 240.750076 465.151855 -18.382256
v 256.666199 465.604858 -18.294304
v 272.241516 465.595093 -18.211517
v 278.969879 474.294403 -18.112648
v 278.062866 433.753052 -18.411419
v 278.039948 465.667542 -18.180138
v 279.586548 425.092194 -18.466110
v 263.837646 425.092407 -18.549877
v 263.220978 474.294617 -18.196426
v 262.316650 433.556335 -18.496601
v 262.117767 465.673004 -18.264809
v 248.088959 425.092651 -18.633663
v 247.472244 474.294891 -18.280197
v 246.570526 433.359619 -18.581799
v 246.548035 465.224274 -18.350887
v 232.340179 425.092957 -18.717442
v 231.723511 474.295227 -18.363983
v 230.824448 433.162964 -18.667000
v 230.617340 465.256958 -18.435402
v 216.591537 425.093292 -18.801270
v 215.975006 474.295685 -18.447807
v 215.078415 432.966370 -18.752235
v 215.048798 464.792114 -18.521652
v 200.842804 425.093597 -18.885113
v 200.226212 474.296021 -18.531662
v 199.332306 432.769714 -18.837509
v 198.876572 465.194336 -18.604843
v 185.094055 425.093872 -18.968971
v 184.477524 474.296295 -18.615513
v 183.586197 432.573059 -18.922771
v 183.335068 464.683746 -18.691284
v 287.304840 463.890381 -18.434090
v 176.741974 463.890381 -18.732185
v 177.884155 472.924561 -18.660557
v 192.488144 463.890106 -18.648346
v 193.837601 472.594788 -18.578018
v 208.234268 463.889832 -18.564491
v 209.160156 473.185913 -18.492142
v 223.980331 463.889465 -18.480644
v 225.086212 472.901855 -18.409416
v 239.726257 463.889008 -18.396843
v 240.650223 473.120148 -18.325005
v 255.472427 463.888733 -18.313072
v 256.575348 472.852570 -18.242233
v 271.218597 463.888489 -18.229294
v 272.148132 473.043793 -18.158005
v 279.091705 463.888397 -18.187405
v 277.947571 473.038910 -18.127186
v 263.345428 463.888611 -18.271191
v 262.027893 472.847961 -18.213257
v 247.599319 463.888855 -18.354958
v 246.449142 473.115234 -18.294197
v 231.853195 463.889191 -18.438736
v 230.521591 472.897156 -18.380505
v 216.107315 463.889679 -18.522568
v 214.943695 473.180939 -18.461384
v 200.361206 463.889984 -18.606426
v 198.783875 472.590546 -18.551708
v 184.615082 463.890228 -18.690269
v 183.231827 472.920074 -18.632118
v 287.672607 434.542877 -18.679043
v 278.154175 426.465302 -18.463776
v 273.108948 426.469513 -18.490570
v 262.405396 426.478516 -18.547447
v 257.360168 426.482788 -18.574253
v 246.656601 426.491791 -18.631138
v 241.611420 426.496033 -18.657944
v 230.907867 426.505066 -18.714828
v 225.862732 426.509369 -18.741646
v 215.159225 426.518433 -18.798553
v 210.114044 426.522675 -18.825390
v 199.410477 426.531708 -18.882313
v 194.365250 426.535980 -18.909149
v 183.661743 426.545013 -18.966072
v 177.109756 434.542542 -18.943939
v 178.616516 426.549225 -18.992912
v 192.855896 434.542267 -18.858829
v 208.601990 434.541962 -18.773720
v 224.348099 434.541626 -18.688622
v 240.094131 434.541260 -18.603569
v 255.840240 434.540985 -18.518532
v 271.586395 434.540710 -18.433498
v 279.459503 434.540588 -18.390991
v 263.713287 434.540863 -18.476017
v 247.967178 434.541107 -18.561050
v 232.221069 434.541412 -18.646088
v 216.475052 434.541809 -18.731171
v 200.728928 434.542114 -18.816273
v 184.982864 434.542389 -18.901382
v -20.873274 24.950867 -188.352615
v 28.327837 25.443329 -188.964737
v 29.473442 26.513702 -172.737228
v 51.768475 51.652084 -148.278610
v 84.120026 91.029922 -121.439766
v 159.308365 187.367462 -82.464241
v 259.045685 325.630585 -41.553951
v 291.194794 386.043304 -26.294758
v 298.263885 416.953583 -20.221519
v 303.252136 474.298889 -18.653336
v 305.825714 456.856934 -21.488182
v 277.616699 402.026978 -33.125202
v 123.524559 199.409622 -83.770699
v 21.304914 73.606705 -127.728050
v -19.557440 26.162872 -156.402405
v -20.872583 24.777710 -172.603806
v 298.010742 422.214508 -20.489208
v 290.078888 390.783783 -26.768101
v 252.036591 323.665924 -43.610733
v 143.469391 176.301041 -87.016594
v 70.267677 83.855438 -125.104332
v 40.278442 47.950516 -150.934509
v 19.729053 25.196838 -174.523132
v 304.637299 464.621368 -18.716141
v 306.870667 446.955994 -21.796585
v 276.875305 389.877411 -34.230724
v 107.771751 169.472397 -91.107712
v 18.973757 60.381821 -132.224594
v -12.185043 24.789368 -158.173767
v -12.175265 24.871368 -173.749084
v -20.872488 24.819122 -180.478210
v 19.666016 25.222717 -179.567505
v -12.247719 24.901123 -179.547531
v 28.328573 25.317993 -181.090393
v 37.156593 34.982437 -161.763153
v -20.872705 24.736298 -164.729355
v 30.368851 36.767090 -159.684692
v -12.253158 24.817352 -163.625381
v 60.505524 62.302322 -137.427856
v -6.125120 41.441711 -144.100540
v 54.954342 65.404419 -135.279816
v 2.900836 41.564606 -143.101257
v 105.923363 118.942596 -106.826599
v 43.383881 100.769608 -113.768608
v 106.296875 129.128754 -103.327209
v 52.348137 101.274841 -112.354103
v 208.323151 253.677902 -61.339325
v 201.217163 299.314056 -56.971855
v 215.289581 272.373932 -57.251144
v 226.942505 321.716125 -50.382290
v 275.398407 355.410706 -33.414940
v 291.790680 428.908417 -26.922440
v 279.782898 371.048065 -31.241062
v 299.728271 431.492432 -24.855751
v 292.513824 397.938354 -23.553699
v 310.139893 472.961517 -18.811676
v 293.702118 409.277100 -22.699165
v 309.984131 464.688171 -18.687202
v -10.467517 25.055237 -188.472168
v 303.391022 463.892883 -18.728092
v 304.533203 472.928955 -18.656456
v 308.788849 450.096375 -21.010056
v 303.307281 449.929596 -22.456917
v 281.146393 395.530579 -32.748352
v 272.417511 393.191376 -34.921970
v 112.448601 174.156357 -89.061371
v 115.357613 187.408768 -87.296227
v 21.214420 61.639542 -130.906250
v 19.992262 70.629013 -129.457123
v -10.467047 24.800415 -156.979797
v -19.432564 24.715881 -158.083588
v -10.466828 24.883240 -172.726013
v -19.623796 24.795837 -173.656418
v -10.466708 24.924622 -180.599106
v -19.618908 24.826385 -179.455826
v -10.466926 24.841797 -164.852875
v -19.427959 24.744568 -163.536118
v 2.151379 39.162354 -144.818008
v -1.344233 45.611588 -141.899445
v 47.949802 94.215012 -115.164909
v 51.655003 109.246704 -110.565697
v 223.399323 315.449768 -52.003853
v 208.611252 308.062408 -54.520248
v 299.362244 427.895935 -25.424015
v 293.166412 430.630035 -26.201714
v 311.264130 463.892761 -18.686203
v 309.880890 472.924469 -18.628036
v 18.880190 25.286713 -188.837311
v 26.953564 25.296600 -179.658188
v 27.114952 25.448242 -174.543640
v 38.283806 37.783600 -159.355698
v 49.270794 50.288132 -150.088867
v 62.110432 65.899261 -135.003250
v 79.938385 87.447723 -123.784416
v 111.630051 127.908768 -103.279747
v 151.667282 178.856918 -85.744392
v 214.545670 264.242462 -58.345863
v 252.760635 317.659454 -43.977818
v 277.240265 360.993652 -32.265053
v 289.595459 383.632690 -27.126366
v 292.358551 401.103424 -23.155190
v 298.413849 426.855164 -20.057541
v 297.350525 415.130615 -20.726845
v 290.969055 395.648193 -26.020134
v 256.580292 332.668304 -41.480583
v 148.235519 184.474350 -84.111176
v 71.764297 87.279648 -122.899277
v 40.277161 49.199371 -149.175125
v 18.880116 25.189362 -173.091125
v 18.880238 25.231415 -180.964233
v 27.258881 34.381348 -161.908081
v 51.415432 62.514282 -137.498276
v 99.556839 122.165833 -106.416740
v 211.005325 267.626038 -59.168064
v 278.497772 369.624237 -32.028320
v 294.230896 410.185669 -22.912964
v 33.918530 474.286652 -17.745743
v 34.534988 425.084656 -18.099201
v 160.408218 474.287048 -17.363258
v 161.025406 425.086365 -17.719925
v 34.427704 434.532928 -18.035473
v 34.059952 463.880554 -17.820496
v 144.777237 425.082153 -17.512276
v 129.028351 425.082489 -17.596123
v 113.279434 425.082825 -17.679970
v 97.530540 425.083160 -17.763821
v 81.781609 425.083496 -17.847664
v 66.032440 425.083832 -17.931511
v 50.283512 425.084198 -18.015350
v 49.667316 474.286377 -17.661896
v 65.416153 474.286072 -17.578049
v 81.165131 474.285858 -17.494202
v 96.913918 474.285614 -17.410355
v 112.662704 474.285339 -17.326508
v 128.411484 474.285095 -17.242664
v 144.160278 474.284851 -17.158813
v 51.605392 432.498779 -17.954559
v 67.351845 432.695160 -17.869305
v 83.098488 432.891541 -17.784039
v 98.844841 433.087769 -17.698784
v 114.591248 433.283813 -17.613525
v 130.337601 433.479584 -17.528271
v 146.083954 433.674866 -17.443016
v 51.052429 464.604980 -17.724716
v 66.995338 465.120575 -17.636101
v 82.330711 464.707977 -17.557442
v 98.247490 465.177368 -17.469299
v 113.814835 465.140259 -17.386688
v 129.731003 465.593323 -17.298660
v 145.306305 465.583527 -17.215805
v 152.051926 474.284912 -17.116951
v 151.126694 433.737762 -17.415726
v 151.104691 465.655945 -17.184399
v 152.669647 425.083252 -17.470425
v 136.902039 425.082275 -17.554207
v 136.285843 474.284973 -17.200741
v 135.380722 433.542542 -17.500965
v 135.182587 465.661438 -17.269142
v 121.153381 425.082642 -17.638046
v 120.537094 474.285217 -17.284584
v 119.634743 433.346771 -17.586224
v 119.612793 465.212708 -17.355286
v 105.404694 425.082977 -17.721893
v 104.788261 474.285461 -17.368431
v 103.888779 433.150726 -17.671471
v 103.682045 465.245300 -17.439873
v 89.656052 425.083313 -17.805740
v 89.039520 474.285736 -17.452278
v 88.142853 432.954529 -17.756725
v 88.113312 464.780212 -17.526131
v 73.907219 425.083618 -17.889591
v 73.290642 474.285950 -17.536133
v 72.396782 432.758179 -17.841988
v 71.940857 465.182343 -17.609322
v 58.158382 425.083984 -17.973434
v 57.541759 474.286255 -17.619972
v 56.650757 432.561798 -17.927246
v 56.399307 464.671753 -17.695763
v 160.539536 463.880676 -17.438576
v 49.806164 463.880280 -17.736649
v 50.948376 472.912598 -17.665035
v 65.552376 463.880005 -17.652809
v 66.901825 472.582825 -17.582489
v 81.298683 463.879791 -17.568958
v 82.224609 473.174011 -17.496620
v 97.044899 463.879578 -17.485107
v 98.150826 472.890076 -17.413895
v 112.791061 463.879333 -17.401264
v 113.714981 473.108551 -17.329441
v 128.537231 463.879150 -17.317421
v 129.640198 472.841003 -17.246590
v 144.283340 463.878906 -17.233566
v 145.212982 473.032227 -17.162296
v 152.174469 463.878784 -17.191723
v 151.012329 473.027313 -17.131451
v 136.410233 463.878998 -17.275501
v 135.092682 472.836395 -17.217590
v 120.664116 463.879242 -17.359341
v 119.513939 473.103668 -17.298599
v 104.917953 463.879456 -17.443184
v 103.586334 472.885498 -17.384979
v 89.171783 463.879700 -17.527031
v 88.008217 473.169067 -17.465866
v 73.425484 463.879883 -17.610886
v 71.848198 472.578583 -17.556190
v 57.679272 463.880127 -17.694729
v 56.296108 472.908112 -17.636597
v 160.907639 434.533966 -17.685497
v 151.217926 426.453400 -17.468048
v 146.174515 426.457672 -17.494858
v 135.469376 426.466675 -17.551796
v 130.425491 426.470978 -17.578613
v 119.720833 426.479980 -17.635548
v 114.676468 426.484222 -17.662376
v 103.972237 426.493256 -17.719299
v 98.927444 426.497528 -17.746124
v 88.223686 426.506561 -17.803047
v 83.178467 426.510803 -17.829880
v 72.474998 426.519806 -17.886806
v 67.429199 426.524078 -17.913635
v 56.726254 426.533142 -17.970551
v 50.173748 434.532776 -17.950371
v 51.680176 426.537384 -17.997383
v 65.920006 434.532349 -17.865273
v 81.666458 434.531982 -17.780170
v 97.412666 434.531586 -17.695068
v 113.158890 434.531189 -17.609962
v 128.905136 434.530762 -17.524868
v 144.651398 434.530334 -17.439766
v 152.542572 434.530762 -17.397285
v 136.777771 434.530609 -17.482315
v 121.031746 434.531036 -17.567413
v 105.285629 434.531433 -17.652515
v 89.539558 434.531830 -17.737617
v 73.793259 434.532196 -17.822720
v 58.047047 434.532593 -17.907822
v 287.197968 474.289490 -17.359104
v 287.815308 425.088745 -17.715771
v 271.707367 425.084625 -17.508034
v 255.958496 425.084930 -17.591805
v 240.209549 425.085297 -17.675591
v 224.460831 425.085724 -17.759392
v 208.711975 425.086121 -17.843231
v 192.963104 425.086487 -17.927074
v 177.225342 425.087830 -18.010925
v 176.609619 474.289307 -17.657478
v 192.346573 474.288940 -17.573627
v 208.095322 474.288574 -17.489777
v 223.844009 474.288269 -17.405930
v 239.592560 474.287781 -17.322128
v 255.341339 474.287506 -17.238350
v 271.090118 474.287231 -17.154579
v 178.536301 432.502960 -17.950127
v 194.282654 432.699280 -17.864861
v 210.029007 432.895508 -17.779598
v 225.775314 433.091553 -17.694351
v 241.521576 433.287384 -17.609142
v 257.267883 433.482941 -17.523960
v 273.014252 433.677917 -17.438786
v 177.982910 464.609680 -17.720284
v 193.925766 465.125305 -17.631664
v 209.260880 464.712646 -17.553001
v 225.177582 465.181946 -17.464863
v 240.744751 465.144623 -17.382301
v 256.660889 465.597656 -17.294346
v 272.236206 465.587860 -17.211555
v 278.982086 474.287354 -17.112755
v 278.056305 433.740814 -17.411514
v 278.034607 465.660309 -17.180180
v 279.599701 425.085693 -17.466225
v 263.831787 425.084717 -17.549934
v 263.215698 474.287384 -17.196476
v 262.310303 433.545868 -17.496677
v 262.112488 465.665741 -17.264847
v 248.083191 425.085052 -17.633705
v 247.466949 474.287628 -17.280243
v 246.564362 433.350311 -17.581863
v 246.542694 465.217041 -17.350922
v 232.334549 425.085449 -17.717484
v 231.718216 474.287964 -17.364021
v 230.818497 433.154480 -17.667053
v 230.612045 465.249756 -17.435448
v 216.585999 425.085876 -17.801311
v 215.969666 474.288422 -17.447853
v 215.072678 432.958466 -17.752289
v 215.043503 464.784851 -17.521687
v 200.837341 425.086273 -17.885159
v 200.220932 474.288757 -17.531704
v 199.326828 432.762268 -17.837547
v 198.871307 465.187073 -17.604881
v 185.088760 425.086639 -17.969009
v 184.472183 474.289032 -17.615555
v 183.580902 432.565948 -17.922813
v 183.329727 464.676483 -17.691326
v 287.329346 463.883240 -17.434422
v 176.748077 463.883087 -17.732231
v 177.878815 472.917297 -17.660599
v 192.482803 463.882874 -17.648392
v 193.832260 472.587524 -17.578053
v 208.228928 463.882568 -17.564533
v 209.154800 473.178650 -17.492188
v 223.974991 463.882263 -17.480682
v 225.080902 472.894623 -17.409454
v 239.720917 463.881836 -17.396885
v 240.644882 473.112885 -17.325050
v 255.467087 463.881592 -17.313107
v 256.570038 472.845337 -17.242271
v 271.213257 463.881378 -17.229332
v 272.142853 473.036530 -17.158047
v 279.104614 463.881317 -17.187515
v 277.942230 473.031647 -17.127232
v 263.340088 463.881470 -17.271225
v 262.022552 472.840698 -17.213303
v 247.593994 463.881714 -17.354996
v 246.443802 473.108002 -17.294231
v 231.847855 463.881989 -17.438774
v 230.516296 472.889893 -17.380550
v 216.101974 463.882446 -17.522606
v 214.938354 473.173706 -17.461426
v 200.355865 463.882751 -17.606461
v 198.778580 472.583313 -17.551750
v 184.609741 463.882996 -17.690308
v 183.226532 472.912811 -17.632156
v 287.697479 434.536469 -17.679375
v 278.147491 426.457825 -17.463821
v 273.104858 426.462097 -17.490604
v 262.398956 426.471069 -17.547501
v 257.355774 426.475372 -17.574291
v 246.650452 426.484375 -17.631184
v 241.606842 426.488647 -17.657982
v 230.901947 426.497711 -17.714874
v 225.857925 426.502045 -17.741684
v 215.153503 426.511108 -17.798599
v 210.108994 426.515381 -17.825432
v 199.404999 426.524445 -17.882359
v 194.360016 426.528717 -17.909191
v 183.656448 426.537781 -17.966118
v 177.115524 434.535767 -17.943981
v 178.611053 426.542023 -17.992950
v 192.850525 434.534943 -17.858871
v 208.596695 434.534546 -17.773766
v 224.342865 434.534058 -17.688667
v 240.088974 434.533508 -17.603611
v 255.835190 434.533081 -17.518578
v 271.581451 434.532623 -17.433548
v 279.472687 434.533081 -17.391106
v 263.707581 434.532928 -17.476067
v 247.961594 434.533356 -17.561096
v 232.215530 434.533813 -17.646133
v 216.469604 434.534332 -17.731213
v 200.723541 434.534790 -17.816315
v 184.977478 434.535187 -17.901421
v -20.883184 25.950653 -188.335938
v 28.315111 26.443146 -188.953293
v 29.458759 27.504974 -172.731857
v 51.738869 52.562500 -148.216171
v 84.082886 91.830505 -121.281357
v 159.286911 187.941711 -82.060165
v 259.037811 325.871399 -40.801804
v 291.187103 386.131378 -25.392422
v 298.263916 416.959778 -19.243233
v 303.258698 474.291779 -17.653381
v 305.827637 456.898560 -20.525116
v 277.623413 402.197662 -32.281742
v 123.511261 200.011826 -83.380142
v 21.331385 74.538666 -127.602905
v -19.576197 27.149780 -156.396927
v -20.882662 25.777649 -172.598541
v 297.976562 422.190948 -19.520706
v 290.045319 390.841187 -25.877739
v 251.961823 323.838623 -42.897697
v 144.325470 177.984558 -86.358307
v 70.217522 84.659088 -124.972298
v 40.233124 48.849655 -150.890137
v 19.725197 26.196808 -174.519287
v 304.631989 464.614075 -17.716179
v 306.949036 447.101288 -20.818024
v 276.915436 390.099976 -33.387478
v 104.528008 166.230164 -91.747253
v 18.641546 60.926392 -132.244995
v -12.195147 25.789276 -158.168488
v -12.185369 25.871307 -173.743851
v -20.882471 25.819031 -180.467300
v 19.662350 26.222717 -179.560760
v -12.257799 25.901062 -179.542267
v 28.317326 26.317871 -181.081146
v 37.139603 35.949448 -161.736008
v -20.882763 25.736267 -164.724106
v 30.204058 37.562744 -159.712860
v -12.263238 25.817291 -163.620117
v 60.489265 63.200546 -137.332306
v -6.137775 42.400925 -144.059067
v 54.851254 66.193832 -135.210709
v 2.694322 42.301605 -143.124756
v 105.903481 119.692627 -106.591438
v 43.366123 101.588837 -113.597404
v 106.174332 129.732437 -103.106506
v 52.002480 101.698944 -112.280403
v 208.307846 254.091995 -60.767868
v 201.234467 299.728821 -56.352112
v 215.156357 272.602478 -56.681156
v 224.344269 318.812622 -50.432484
v 275.373901 355.554382 -32.593277
v 291.826721 429.056854 -26.012691
v 279.834198 371.269409 -30.375862
v 299.670227 431.493958 -23.944714
v 292.493622 397.979004 -22.624722
v 310.133789 472.956207 -17.814831
v 293.707214 409.342438 -21.753487
v 309.978821 464.680878 -17.687248
v -10.476977 26.055115 -188.457962
v 303.397217 463.885620 -17.728138
v 304.527893 472.921692 -17.656502
v 308.822357 450.172638 -20.032288
v 303.320587 449.998077 -21.502953
v 281.181824 395.732819 -31.892075
v 272.439301 393.398926 -34.092010
v 109.457520 171.193726 -89.609581
v 115.357285 188.052505 -86.927307
v 20.425112 61.648422 -131.073502
v 20.114029 71.677521 -129.307480
v -10.477246 25.800323 -156.974503
v -19.442642 25.715790 -158.078323
v -10.477052 25.883179 -172.720703
v -19.633850 25.795776 -173.651169
v -10.476574 25.924561 -180.589340
v -19.628963 25.826324 -179.450562
v -10.477148 25.841736 -164.847595
v -19.438042 25.744507 -163.530869
v 1.351199 39.229446 -145.050674
v -1.353526 46.565125 -141.847519
v 46.696526 93.578217 -115.392929
v 51.630161 110.037827 -110.377350
v 221.851791 313.871307 -51.776543
v 208.622025 308.447968 -53.881454
v 299.392944 428.018585 -24.496445
v 293.330872 430.937988 -25.254021
v 311.258789 463.885529 -17.686253
v 309.875580 472.917175 -17.628078
v 18.869324 26.286591 -188.825684
v 26.943796 26.296539 -179.651230
v 27.097719 26.439758 -174.542618
v 38.253696 38.729492 -159.326126
v 49.193314 51.148834 -150.049545
v 62.083683 66.776947 -134.902390
v 79.837540 88.183472 -123.659348
v 111.594971 128.618942 -103.027992
v 151.630432 179.435196 -85.368294
v 214.477448 264.565063 -57.766621
v 252.745636 317.913635 -43.250381
v 277.151459 361.040466 -31.450169
v 289.583496 383.724091 -26.234425
v 292.293396 401.076141 -22.232265
v 298.368958 426.794678 -19.087212
v 297.342621 415.148193 -19.755756
v 290.964325 395.737671 -25.114349
v 256.640991 332.997833 -40.708427
v 148.374283 185.262146 -83.670853
v 71.493362 87.818390 -122.836502
v 40.108582 49.960693 -149.173050
v 18.871136 26.189331 -173.086334
v 18.870682 26.231354 -180.955200
v 26.980534 35.062531 -161.987000
v 51.188984 63.172409 -137.482330
v 99.267593 122.589401 -106.271042
v 211.095367 268.151489 -58.543262
v 278.560944 369.868195 -31.166969
v 294.222321 410.234070 -21.972813
v -27.025427 424.594208 -19.102470
v -27.638344 473.796600 -18.749771
v -153.485214 424.597107 -18.720543
v -154.098511 473.799561 -18.371044
v -27.531759 464.348145 -18.821648
v -27.166168 435.000244 -19.027878
v -137.879761 473.797363 -18.163559
v -122.130966 473.797272 -18.247299
v -106.382187 473.797180 -18.331047
v -90.633400 473.797089 -18.414787
v -74.884613 473.797028 -18.498535
v -59.135872 473.797089 -18.582275
v -43.387085 473.796875 -18.666019
v -42.774212 424.594421 -19.018723
v -58.522999 424.594635 -18.934978
v -74.271309 424.594574 -18.851242
v -90.020096 424.594635 -18.767490
v -105.768883 424.594727 -18.683750
v -121.517670 424.594818 -18.600006
v -137.266464 424.594910 -18.516262
v -44.709805 466.382751 -18.711647
v -60.455963 466.186005 -18.629311
v -76.201981 465.988953 -18.546978
v -91.948143 465.792114 -18.464653
v -107.694351 465.595215 -18.382324
v -123.440514 465.398346 -18.299988
v -139.186676 465.201477 -18.217651
v -44.158630 434.275787 -18.942604
v -60.101479 433.760132 -18.861492
v -75.436234 434.172424 -18.777023
v -91.353050 433.702850 -18.695728
v -106.920403 433.739807 -18.612682
v -122.836601 433.286621 -18.531265
v -138.411911 433.296265 -18.448376
v -145.140854 424.594971 -18.474396
v -144.231094 465.138428 -18.191280
v -144.210342 433.223785 -18.418053
v -145.754150 473.797394 -18.121689
v -130.005310 473.797302 -18.205429
v -129.392014 424.594879 -18.558136
v -128.484879 465.335266 -18.273617
v -128.288239 433.218445 -18.502762
v -114.256577 473.797211 -18.289169
v -113.643280 424.594788 -18.641876
v -112.738708 465.532135 -18.355946
v -112.718407 433.667328 -18.582359
v -98.507744 473.797119 -18.372917
v -97.894440 424.594696 -18.725620
v -96.992508 465.729004 -18.438278
v -96.787659 433.634888 -18.667309
v -82.759003 473.797028 -18.456661
v -82.145714 424.594604 -18.809361
v -81.246346 465.925873 -18.520607
v -81.218842 434.100098 -18.746788
v -67.010262 473.797150 -18.540405
v -66.397156 424.594666 -18.893112
v -65.500328 466.122955 -18.602936
v -65.046951 433.698303 -18.835636
v -51.261524 473.796936 -18.624149
v -50.648605 424.594543 -18.976852
v -49.754169 466.319702 -18.685276
v -49.505451 434.208984 -18.914642
v -153.615509 435.003143 -18.646503
v -42.912327 435.000488 -18.944122
v -44.055161 425.968170 -19.002159
v -58.658493 435.000702 -18.860390
v -60.008518 426.297913 -18.914986
v -74.404228 435.000641 -18.776642
v -75.330719 425.706421 -18.837708
v -90.150398 435.000702 -18.692898
v -91.256889 425.990173 -18.751015
v -105.896561 435.000793 -18.609158
v -106.821091 425.771545 -18.669800
v -121.642715 435.000885 -18.525414
v -122.746262 426.038910 -18.583218
v -137.388885 435.000977 -18.441662
v -138.319046 425.847534 -18.501770
v -145.261993 435.001007 -18.399799
v -144.118439 425.852386 -18.470890
v -129.515778 435.000916 -18.483543
v -128.198807 426.043457 -18.554188
v -113.769661 435.000824 -18.567284
v -112.620049 425.776337 -18.638927
v -98.023453 435.000732 -18.651024
v -96.692406 425.994690 -18.722069
v -82.277298 435.000641 -18.734772
v -81.114273 425.711243 -18.806923
v -66.531410 435.000732 -18.818512
v -64.954750 426.302063 -18.888657
v -50.785389 435.000580 -18.902260
v -49.402847 425.972656 -18.973690
v -153.981323 464.351288 -18.472218
v -144.321899 472.426178 -18.139038
v -139.276672 472.421997 -18.165894
v -128.573120 472.413116 -18.222874
v -123.527893 472.408905 -18.249733
v -112.824326 472.399994 -18.306713
v -107.779106 472.395844 -18.333572
v -97.075539 472.386932 -18.390549
v -92.030319 472.382721 -18.417404
v -81.326752 472.373810 -18.474380
v -76.281532 472.369690 -18.501240
v -65.578056 472.360962 -18.558220
v -60.532837 472.356750 -18.585079
v -49.829273 472.347748 -18.642059
v -43.277874 464.348328 -18.736645
v -44.784050 472.343536 -18.668915
v -59.024040 464.348572 -18.651642
v -74.770065 464.348511 -18.566647
v -90.516235 464.348572 -18.481640
v -106.262390 464.348633 -18.396645
v -122.008553 464.348724 -18.311646
v -137.754669 464.348816 -18.226646
v -145.627777 464.348846 -18.184151
v -129.881561 464.348755 -18.269150
v -114.135452 464.348694 -18.354145
v -98.389290 464.348602 -18.439144
v -82.643120 464.348511 -18.524147
v -66.897049 464.348633 -18.609138
v -51.150982 464.348480 -18.694141
v -280.276337 424.602264 -18.716045
v -280.889984 473.804688 -18.366531
v -264.811615 473.802612 -18.159279
v -249.062729 473.802673 -18.243271
v -233.313675 473.802673 -18.327267
v -217.564163 473.802673 -18.411198
v -201.814987 473.802551 -18.494961
v -186.066086 473.802460 -18.578682
v -170.317276 473.802368 -18.662422
v -169.703995 424.599915 -19.015129
v -185.452866 424.600037 -18.931412
v -201.201736 424.600128 -18.847679
v -216.950806 424.600220 -18.763901
v -232.700027 424.600250 -18.679996
v -248.449051 424.600220 -18.596008
v -264.197937 424.600189 -18.512016
v -171.639954 466.386322 -18.708065
v -187.386108 466.189453 -18.625736
v -203.132416 465.992615 -18.543419
v -218.878983 465.795746 -18.461060
v -234.625885 465.598785 -18.378532
v -250.372269 465.401794 -18.295944
v -266.118500 465.204834 -18.213367
v -171.088486 434.279358 -18.939026
v -187.031433 433.763611 -18.857937
v -202.366714 434.176086 -18.773476
v -218.283813 433.706512 -18.692139
v -233.851685 433.743408 -18.608921
v -249.768082 433.290100 -18.527264
v -265.343475 433.299652 -18.444115
v -272.072418 424.600189 -18.470016
v -271.162903 465.141724 -18.186928
v -271.141937 433.227112 -18.413696
v -272.686035 473.802612 -18.117298
v -256.937164 473.802612 -18.201267
v -256.323486 424.600220 -18.554012
v -255.416656 465.338745 -18.269485
v -255.219727 433.221893 -18.498665
v -241.188263 473.802673 -18.285263
v -240.574615 424.600220 -18.638000
v -239.670364 465.535675 -18.352074
v -239.649796 433.670898 -18.578506
v -225.439041 473.802673 -18.369240
v -224.825485 424.600220 -18.721958
v -223.923752 465.732635 -18.434635
v -223.718689 433.638550 -18.663670
v -209.689575 473.802612 -18.453087
v -209.076263 424.600189 -18.805805
v -208.176895 465.929535 -18.517040
v -208.149429 434.103790 -18.743240
v -193.940536 473.802521 -18.536835
v -193.327240 424.600067 -18.889557
v -192.430542 466.126404 -18.599373
v -191.976974 433.701782 -18.832092
v -178.191696 473.802399 -18.620556
v -177.578415 424.599976 -18.973270
v -176.684311 466.323242 -18.681690
v -176.435303 434.212524 -18.911076
v -280.406738 435.008301 -18.642006
v -169.842163 435.005981 -18.940533
v -170.984924 425.971771 -18.998581
v -185.588394 435.006073 -18.856827
v -186.938416 426.301392 -18.911434
v -201.334686 435.006195 -18.773087
v -202.261169 425.710083 -18.834164
v -217.081161 435.006256 -18.689308
v -218.187653 425.993835 -18.747429
v -232.827805 435.006287 -18.605392
v -233.752289 425.775146 -18.666046
v -248.574173 435.006256 -18.521416
v -249.677689 426.042389 -18.579216
v -264.320435 435.006256 -18.437408
v -265.250610 425.850922 -18.497520
v -272.193604 435.006226 -18.395420
v -271.050049 425.855713 -18.466541
v -256.447296 435.006256 -18.479416
v -255.130249 426.046906 -18.550095
v -240.701035 435.006287 -18.563400
v -239.551361 425.779907 -18.635082
v -224.954498 435.006287 -18.647362
v -223.623428 425.998352 -18.718433
v -209.207886 435.006226 -18.731209
v -208.044876 425.714935 -18.803375
v -193.461502 435.006134 -18.814957
v -191.884796 426.305573 -18.885113
v -177.715286 435.006042 -18.898678
v -176.332642 425.976196 -18.970123
v -280.772736 464.356415 -18.465736
v -271.253754 472.429504 -18.134682
v -266.208557 472.425354 -18.161606
v -255.504944 472.416534 -18.218742
v -250.459656 472.412354 -18.245693
v -239.755997 472.403534 -18.302845
v -234.710632 472.399414 -18.329788
v -224.006775 472.390564 -18.386909
v -218.961151 472.386383 -18.413815
v -208.257294 472.377502 -18.470825
v -203.211975 472.373322 -18.497681
v -192.508301 472.364410 -18.554661
v -187.463028 472.360199 -18.581505
v -176.759430 472.351288 -18.638477
v -170.207977 464.353851 -18.731075
v -171.714233 472.347137 -18.665337
v -185.954163 464.353943 -18.646076
v -201.700424 464.354004 -18.561096
v -217.446945 464.354095 -18.476074
v -233.193863 464.354126 -18.390888
v -248.940247 464.354095 -18.305645
v -264.686493 464.354065 -18.220398
v -272.559601 464.354004 -18.177788
v -256.813385 464.354065 -18.263012
v -241.067093 464.354095 -18.348267
v -225.320526 464.354126 -18.433498
v -209.573639 464.354065 -18.518597
v -193.827271 464.353973 -18.603592
v -178.081070 464.353882 -18.688576
v -28.914612 25.453430 -187.930359
v 20.286360 24.948914 -188.547623
v 20.285221 24.782410 -172.798828
v 18.083151 27.196930 -156.278198
v -19.797710 71.966812 -128.337769
v -116.336449 192.930099 -85.391899
v -267.019867 394.635742 -34.578274
v -297.335358 453.047180 -22.060303
v -296.968353 473.807404 -18.657692
v -292.320099 418.573212 -19.895634
v -285.656372 387.272919 -25.885124
v -258.622955 332.050354 -39.764847
v -160.431091 192.023865 -80.561249
v -85.507408 93.533157 -119.788185
v -50.689877 50.319351 -147.762894
v -29.623962 26.061890 -171.880844
v -298.290985 466.389404 -18.703327
v -297.490051 443.819214 -22.508194
v -265.323029 382.851685 -35.975082
v -102.100517 165.649643 -92.211792
v -18.672958 61.022797 -132.379471
v 11.882541 24.792236 -158.358887
v 11.685842 24.876862 -174.105118
v -292.179016 426.105072 -20.134987
v -284.772583 393.540344 -26.344170
v -250.615967 330.549835 -41.954861
v -143.548737 180.515518 -85.324730
v -70.053223 85.339035 -123.651855
v -39.797726 47.541962 -150.102921
v -20.218431 25.197876 -173.327744
v -28.915611 25.321808 -180.055954
v 11.622803 24.903992 -179.149490
v -20.290865 25.229065 -179.126175
v 20.285362 24.823700 -180.673264
v 20.285128 24.741058 -164.924423
v -36.264183 33.527832 -161.281952
v 11.819502 24.819366 -163.403290
v -28.782196 34.722839 -159.807770
v 3.560993 44.011871 -143.535446
v -59.191097 60.902908 -136.931381
v -6.607742 46.433701 -141.291672
v -52.352055 63.395828 -135.525574
v -43.384842 101.386597 -113.753014
v -105.035316 119.356979 -105.885307
v -55.024948 106.399628 -110.878532
v -102.692360 127.377228 -103.377151
v -198.427979 300.050476 -56.821655
v -204.193848 253.286118 -60.925735
v -219.523544 319.371429 -50.938557
v -209.905777 272.054291 -57.307613
v -283.410889 424.789917 -27.628220
v -271.958527 358.662872 -32.483364
v -290.901978 428.607788 -25.545948
v -275.443268 374.610657 -30.552792
v -302.803406 470.988037 -19.039509
v -285.882660 397.964142 -23.406216
v -303.335327 466.326355 -18.676880
v -287.634674 411.919250 -22.473434
v -18.508879 25.346954 -188.050995
v -292.516693 429.141632 -19.778198
v -291.728607 417.200348 -20.305576
v -285.627045 397.841919 -25.621758
v -284.447906 385.453156 -26.641922
v -253.714508 336.575043 -40.499516
v -254.248108 326.335480 -41.497334
v -146.503967 186.318970 -83.198608
v -153.794647 184.585342 -83.421944
v -70.328964 87.319733 -122.239220
v -82.155151 90.644867 -121.605194
v -38.823418 48.435440 -148.697739
v -48.220741 49.027069 -149.390411
v -18.510019 25.175171 -172.304825
v -27.666964 25.273285 -173.234283
v -18.509876 25.216461 -180.177933
v -27.662052 25.303650 -179.033707
v -25.646301 33.156433 -161.574844
v -36.619652 35.567963 -159.381119
v -49.700623 61.706192 -137.050690
v -60.168228 63.526810 -135.184143
v -97.339394 122.007629 -105.890144
v -109.303078 126.650024 -103.001076
v -207.072815 268.574493 -58.685760
v -208.283417 260.647308 -58.848713
v -274.054779 372.368256 -31.429352
v -273.198212 363.836487 -31.484100
v -288.033630 411.568909 -22.710869
v -285.607819 400.672150 -23.087894
v 10.837496 24.983795 -188.419220
v 18.910355 24.830200 -179.240921
v 18.906158 24.803802 -174.195694
v 18.897150 24.747711 -163.492096
v 18.456736 25.214386 -158.292450
v -1.695495 48.580231 -140.829224
v -18.354935 68.485474 -130.518906
v -53.299793 112.042175 -109.805305
v -107.608696 179.955765 -89.285210
v -208.766159 312.679962 -53.330933
v -259.752655 382.324280 -37.131638
v -285.202454 427.365021 -26.782269
v -295.715240 447.608551 -22.824604
v -303.070862 471.882172 -18.703346
v -296.858978 464.358856 -18.724373
v -298.365265 472.350250 -18.660603
v -299.304199 446.269043 -21.735855
v -271.324890 390.415436 -33.876019
v -109.555183 173.786728 -89.152283
v -22.018778 63.686447 -130.296463
v 10.836838 24.802765 -156.926834
v 10.837072 24.886627 -172.673019
v 10.837213 24.928589 -180.546127
v 10.836979 24.844666 -164.799896
v -4.224442 42.250641 -143.853226
v -49.070629 97.277618 -114.338165
v -215.828156 311.802856 -52.872047
v -290.703308 424.829926 -26.075317
v -304.732086 464.358856 -18.681759
v -27.020132 424.587097 -18.102512
v -27.632956 473.789124 -17.749817
v -153.509079 424.589661 -17.720856
v -154.123032 473.790436 -17.371384
v -27.526419 464.340881 -17.821686
v -27.160828 434.993195 -18.027912
v -137.874847 473.790558 -17.163589
v -122.125961 473.790375 -17.247334
v -106.377029 473.790192 -17.331085
v -90.628105 473.790009 -17.414825
v -74.879219 473.789886 -17.498577
v -59.130383 473.789856 -17.582317
v -43.381504 473.789520 -17.666061
v -42.768867 424.587311 -18.018761
v -58.517658 424.587555 -17.935017
v -74.266014 424.587463 -17.851280
v -90.014755 424.587555 -17.767532
v -105.763542 424.587646 -17.683792
v -121.512329 424.587738 -17.600048
v -137.261124 424.587830 -17.516308
v -44.703938 466.374939 -17.711689
v -60.450291 466.178497 -17.629356
v -76.196594 465.981812 -17.547020
v -91.942993 465.785431 -17.464684
v -107.689384 465.589203 -17.382351
v -123.435745 465.393280 -17.300011
v -139.182144 465.197845 -17.217667
v -44.153290 434.268707 -17.942642
v -60.096188 433.753052 -17.861530
v -75.430946 434.165344 -17.777061
v -91.347717 433.695740 -17.695763
v -106.915108 433.732727 -17.612724
v -122.831306 433.279510 -17.531307
v -138.406616 433.289154 -17.448414
v -145.152817 424.587677 -17.474491
v -144.224884 465.134888 -17.191307
v -144.205002 433.216675 -17.418087
v -145.767258 473.789368 -17.121807
v -129.999649 473.790466 -17.205463
v -129.386719 424.587769 -17.558178
v -128.478867 465.330261 -17.273647
v -128.282898 433.211334 -17.502800
v -114.251007 473.790344 -17.289211
v -113.637939 424.587677 -17.641918
v -112.732903 465.526184 -17.355980
v -112.713066 433.660217 -17.582397
v -98.502304 473.790161 -17.372955
v -97.889153 424.587585 -17.725658
v -96.986931 465.722382 -17.438313
v -96.782318 433.627777 -17.667343
v -82.753654 473.789978 -17.456699
v -82.140366 424.587494 -17.809406
v -81.241005 465.918762 -17.520641
v -81.213547 434.093018 -17.746826
v -67.004974 473.789978 -17.540447
v -66.391861 424.587555 -17.893150
v -65.495178 466.115479 -17.602982
v -65.041611 433.691223 -17.835674
v -51.256374 473.789734 -17.624191
v -50.643314 424.587433 -17.976891
v -49.749256 466.311920 -17.685310
v -49.500111 434.201904 -17.914680
v -153.639694 434.996002 -17.646820
v -42.906990 434.993439 -17.944168
v -44.049824 425.961090 -18.002201
v -58.653156 434.993622 -17.860428
v -60.003223 426.290833 -17.915024
v -74.398888 434.993530 -17.776684
v -75.325424 425.699341 -17.837749
v -90.145065 434.993591 -17.692940
v -91.251602 425.983063 -17.751053
v -105.891220 434.993652 -17.609200
v -106.815796 425.764435 -17.669838
v -121.637383 434.993713 -17.525459
v -122.740974 426.031799 -17.583256
v -137.383545 434.993774 -17.441708
v -138.313751 425.840454 -17.501812
v -145.274673 434.993774 -17.399902
v -144.113144 425.845276 -17.470932
v -129.510437 434.993744 -17.483582
v -128.193466 426.036346 -17.554234
v -113.764328 434.993683 -17.567322
v -112.614708 425.769226 -17.638966
v -98.018120 434.993622 -17.651062
v -96.687065 425.987579 -17.722103
v -82.271996 434.993561 -17.734810
v -81.108978 425.704163 -17.806961
v -66.526070 434.993652 -17.818554
v -64.949455 426.294983 -17.888695
v -50.780048 434.993530 -17.902298
v -49.397552 425.965546 -17.973724
v -154.005875 464.343262 -17.472546
v -144.315613 472.419250 -17.139084
v -139.272247 472.415039 -17.165920
v -128.567062 472.406128 -17.222916
v -123.523170 472.401886 -17.249763
v -112.818504 472.392975 -17.306755
v -107.774200 472.388794 -17.333611
v -97.069923 472.379883 -17.390587
v -92.025162 472.375610 -17.417442
v -81.321358 472.366730 -17.474422
v -76.276146 472.362549 -17.501282
v -65.572906 472.353821 -17.558258
v -60.527210 472.349579 -17.585121
v -49.824314 472.340576 -17.642097
v -43.272392 464.341003 -17.736687
v -44.778233 472.336365 -17.668961
v -59.018654 464.341309 -17.651684
v -74.764671 464.341400 -17.566685
v -90.510887 464.341583 -17.481682
v -106.257088 464.341797 -17.396683
v -122.003365 464.342041 -17.311684
v -137.749619 464.342316 -17.226681
v -145.640839 464.341797 -17.184258
v -129.876038 464.342102 -17.269184
v -114.129967 464.341858 -17.354183
v -98.383850 464.341675 -17.439186
v -82.637779 464.341431 -17.524185
v -66.891762 464.341400 -17.609180
v -51.145691 464.341156 -17.694183
v -280.300507 424.594818 -17.716370
v -280.914825 473.795776 -17.366882
v -264.806885 473.795929 -17.159313
v -249.057877 473.795837 -17.243309
v -233.308701 473.795807 -17.327301
v -217.559067 473.795715 -17.411232
v -201.809784 473.795532 -17.494999
v -186.060760 473.795349 -17.578720
v -170.322952 473.794220 -17.662476
v -169.710480 424.592682 -18.015179
v -185.447510 424.592926 -17.931458
v -201.196396 424.593018 -17.847717
v -216.945480 424.593109 -17.763943
v -232.694717 424.593140 -17.680035
v -248.443710 424.593109 -17.596050
v -264.192627 424.593109 -17.512054
v -171.634415 466.379028 -17.708107
v -187.380798 466.182526 -17.625774
v -203.127350 465.986115 -17.543453
v -218.874115 465.789825 -17.461090
v -234.621246 465.593658 -17.378555
v -250.367813 465.397827 -17.295963
v -266.114227 465.202576 -17.213379
v -171.083160 434.272308 -17.939064
v -187.026108 433.756531 -17.857979
v -202.361374 434.168976 -17.773514
v -218.278503 433.699402 -17.692177
v -233.846375 433.736298 -17.608963
v -249.762756 433.282990 -17.527306
v -265.338165 433.292511 -17.444157
v -272.084595 424.592896 -17.470119
v -271.156403 465.139618 -17.186951
v -271.136627 433.220001 -17.413738
v -272.699219 473.794739 -17.117416
v -256.931274 473.795959 -17.201309
v -256.318146 424.593109 -17.554050
v -255.410309 465.334808 -17.269512
v -255.214386 433.214783 -17.498711
v -241.182495 473.795898 -17.285305
v -240.569290 424.593140 -17.638039
v -239.664185 465.530640 -17.352104
v -239.644455 433.663788 -17.578545
v -225.433395 473.795807 -17.369282
v -224.820145 424.593140 -17.722000
v -223.917816 465.726746 -17.434669
v -223.713348 433.631439 -17.663712
v -209.684021 473.795685 -17.453129
v -209.070953 424.593079 -17.805847
v -208.171143 465.923096 -17.517082
v -208.144119 434.096680 -17.743279
v -193.935120 473.795502 -17.536873
v -193.321930 424.592987 -17.889595
v -192.425034 466.119507 -17.599411
v -191.971649 433.694702 -17.832130
v -178.186386 473.795288 -17.620598
v -177.573105 424.592865 -17.973316
v -176.679047 466.315979 -17.681732
v -176.429993 434.205444 -17.911114
v -280.431244 435.001099 -17.642334
v -169.848297 434.998901 -17.940578
v -170.979599 425.964661 -17.998619
v -185.583084 434.998962 -17.856869
v -186.933105 426.294312 -17.911480
v -201.329346 434.999054 -17.773129
v -202.255859 425.702972 -17.834202
v -217.075821 434.999115 -17.689350
v -218.182343 425.986725 -17.747471
v -232.822464 434.999115 -17.605434
v -233.746964 425.768036 -17.666084
v -248.568832 434.999084 -17.521450
v -249.672348 426.035278 -17.579262
v -264.315094 434.999023 -17.437454
v -265.245270 425.843811 -17.497559
v -272.206543 434.998962 -17.395531
v -271.044708 425.848602 -17.466583
v -256.441956 434.999054 -17.479458
v -255.124908 426.039795 -17.550140
v -240.695679 434.999084 -17.563438
v -239.546036 425.772797 -17.635117
v -224.949173 434.999115 -17.647404
v -223.618088 425.991241 -17.718479
v -209.202560 434.999084 -17.731247
v -208.039551 425.707825 -17.803417
v -193.456146 434.999023 -17.814999
v -191.879501 426.298462 -17.885155
v -177.709946 434.998932 -17.898720
v -176.327332 425.969086 -17.970161
v -280.797607 464.348480 -17.466080
v -271.247101 472.422638 -17.134727
v -266.204437 472.418457 -17.161640
v -255.498535 472.409607 -17.218788
v -250.455292 472.405426 -17.245728
v -239.749817 472.396576 -17.302887
v -234.706055 472.392426 -17.329823
v -224.000824 472.383575 -17.386951
v -218.956314 472.379364 -17.413857
v -208.251602 472.370453 -17.470863
v -203.206924 472.366272 -17.497719
v -192.502838 472.357361 -17.554707
v -187.457764 472.353119 -17.581543
v -176.754196 472.344177 -17.638519
v -170.213776 464.346252 -17.731121
v -171.708755 472.339996 -17.665375
v -185.948837 464.346893 -17.646118
v -201.695129 464.347107 -17.561131
v -217.441711 464.347321 -17.476109
v -233.188736 464.347473 -17.390923
v -248.935196 464.347626 -17.305676
v -264.681519 464.347778 -17.220432
v -272.572784 464.347229 -17.177891
v -256.807648 464.347626 -17.263050
v -241.061493 464.347504 -17.348305
v -225.315018 464.347351 -17.433540
v -209.568207 464.347168 -17.518635
v -193.821869 464.346954 -17.603630
v -178.075729 464.346741 -17.688614
v -28.904236 26.453247 -187.913696
v 20.293877 25.948853 -188.536179
v 20.295980 25.782318 -172.794373
v 18.106594 28.176727 -156.272614
v -19.733828 72.797104 -128.245712
v -116.303093 193.522003 -85.021469
v -267.017883 394.811401 -33.752552
v -297.325348 453.080505 -21.107357
v -296.974243 473.799377 -17.657742
v -292.321106 418.573273 -18.912052
v -285.653595 387.364105 -24.977257
v -258.624146 332.286621 -38.992920
v -160.424362 192.604721 -80.139801
v -85.516197 94.382446 -119.605827
v -50.677635 51.253250 -147.696030
v -29.610676 27.056396 -171.874985
v -298.285797 466.382690 -17.703365
v -297.458008 443.827667 -21.565002
v -265.483276 383.249207 -35.117126
v -104.666534 169.496796 -91.101578
v -18.533258 61.789978 -132.335953
v 11.896926 25.792114 -158.354889
v 11.702277 25.876740 -174.101273
v -292.188873 426.140472 -19.151535
v -284.798370 393.676178 -25.433746
v -250.721512 330.945465 -41.173225
v -142.562469 179.905777 -85.267479
v -69.910660 86.031128 -123.548347
v -39.721111 48.410278 -150.069290
v -20.208290 26.197815 -173.322510
v -28.905373 26.321686 -180.045074
v 11.639381 25.903839 -179.142761
v -20.280724 26.229004 -179.120911
v 20.294357 25.823639 -180.664047
v 20.295887 25.740997 -164.918442
v -36.252613 34.505264 -161.256668
v 11.834030 25.819244 -163.396713
v -28.722370 35.643143 -159.799210
v 3.593307 44.943192 -143.494171
v -59.180004 61.811111 -136.837646
v -6.239822 46.971405 -141.358643
v -52.308102 64.261017 -135.439850
v -43.350761 102.185150 -113.584846
v -105.022644 120.114792 -105.646614
v -54.774807 106.923294 -110.763557
v -102.610786 128.035294 -103.147697
v -198.441925 300.460052 -56.200169
v -204.204697 253.734467 -60.346313
v -222.527405 323.518982 -49.413048
v -210.046692 272.637787 -56.655334
v -283.368744 424.845459 -26.745651
v -271.972443 358.849365 -31.641766
v -291.038910 428.877258 -24.594685
v -275.413605 374.716827 -29.703087
v -302.799744 470.989929 -18.045395
v -285.890076 398.043121 -22.469330
v -303.329681 466.319641 -17.676918
v -287.615021 411.946747 -21.530937
v -18.498072 26.346802 -188.036804
v -292.513458 429.135406 -18.794617
v -291.736633 417.235199 -19.324333
v -285.643311 397.956757 -24.706230
v -284.454895 385.566467 -25.739735
v -253.856750 337.006256 -39.694267
v -254.261871 326.605072 -40.737789
v -145.767303 186.006348 -83.042366
v -153.801163 185.203156 -83.015823
v -70.027710 87.816513 -122.188248
v -82.212532 91.560303 -121.412338
v -38.649338 49.189667 -148.699860
v -48.207645 49.963486 -149.327301
v -18.499973 26.175079 -172.299545
v -27.656775 26.273224 -173.229065
v -18.499451 26.216339 -180.168182
v -27.651865 26.303589 -179.028442
v -25.387676 33.857803 -161.650330
v -36.606888 36.538849 -159.351303
v -49.516003 62.410980 -137.022232
v -60.159138 64.431000 -135.083328
v -96.967468 122.323517 -105.775101
v -109.290932 127.390839 -102.744904
v -207.190598 269.137268 -58.050266
v -208.321564 261.114227 -58.243935
v -274.097504 372.581146 -30.567753
v -273.273529 364.097961 -30.616043
v -288.018494 411.605682 -21.770000
v -285.649933 400.797913 -22.139191
v 10.846875 25.983673 -188.407593
v 18.920876 25.830139 -179.233994
v 18.916586 25.803711 -174.192017
v 18.907574 25.747650 -163.485397
v 18.478607 26.200256 -158.291534
v -1.656457 49.492981 -140.779480
v -18.169790 69.180786 -130.475052
v -53.239201 112.783783 -109.620834
v -107.555862 180.551666 -88.948738
v -208.761108 313.035278 -52.684681
v -259.752014 382.526398 -36.330395
v -285.032135 427.242279 -25.922443
v -295.699524 447.643066 -21.882092
v -303.076324 471.891602 -17.702129
v -296.864899 464.351471 -17.724419
v -298.360077 472.343170 -17.660637
v -299.381256 446.415649 -20.757324
v -272.049042 391.522736 -32.844959
v -110.312477 175.392242 -88.576706
v -21.389736 63.865128 -130.409882
v 10.847884 25.802673 -156.921936
v 10.848357 25.886566 -172.668228
v 10.847926 25.928467 -180.537109
v 10.848025 25.844604 -164.794159
v -3.358648 42.219849 -144.105560
v -48.392948 97.303925 -114.381706
v -218.160568 315.103210 -51.542641
v -291.001404 425.316254 -25.087463
v -304.726654 464.351929 -17.681801
v -51.281250 509.797424 -55.318939
v -51.281250 509.797424 26.924438
v -51.281250 551.254211 -55.318939
v -51.281250 551.254211 26.924446
v 53.938110 509.797424 -55.318943
v 53.938110 509.797424 26.924438
v 53.938110 551.254211 -55.318939
v 53.938110 551.254150 26.924446
v -43.132214 548.043457 -55.318939
v -43.132214 513.008179 -55.318935
v 45.789097 548.043457 -55.318939
v 45.789097 513.008179 -55.318943
v -43.132214 548.043457 -51.144646
v -43.132214 513.008179 -51.144650
v 45.789097 548.043457 -51.144650
v 45.789097 513.008179 -51.144650
v 3.249578 316.389465 -104.177094
v 3.249578 311.581055 -12.661285
v 43.551247 299.695953 -104.177094
v 40.151230 296.295898 -12.661285
v 60.244801 259.394257 -104.177094
v 55.436367 259.394226 -12.661293
v 43.551247 219.092529 -104.177094
v 40.151230 222.492584 -12.661293
v 3.249578 202.399017 -104.177094
v 3.249578 207.207413 -12.661293
v -37.052147 219.092529 -104.177094
v -33.652100 222.492584 -12.661285
v -53.745644 259.394257 -104.177094
v -48.937241 259.394226 -12.661285
v -37.052147 299.695953 -104.177086
v -33.652073 296.295898 -12.661293
v 14.346964 315.261444 -104.177094
v 25.035576 311.990326 -104.177094
v 34.906586 306.745361 -104.177094
v 32.235870 302.750580 -12.661285
v 23.197624 307.553040 -12.661285
v 13.410725 310.548218 -12.661285
v 3.249578 313.088379 -80.722000
v 3.249578 311.581055 -58.254581
v 3.249578 311.581055 -35.457932
v 40.151230 296.295898 -35.457932
v 40.151230 296.295898 -58.254581
v 41.217075 297.361755 -80.722008
v 50.600693 291.051270 -104.177094
v 55.845669 281.180237 -104.177094
v 59.116787 270.491638 -104.177094
v 54.403557 269.555420 -12.661293
v 51.408367 279.342285 -12.661293
v 46.605888 288.380524 -12.661293
v 55.436367 259.394226 -35.457932
v 55.436367 259.394226 -58.254585
v 56.943726 259.394257 -80.722008
v 59.116787 248.296844 -104.177094
v 55.845669 237.608231 -104.177094
v 50.600693 227.737198 -104.177094
v 46.605888 230.407944 -12.661293
v 51.408367 239.446213 -12.661293
v 54.403557 249.233078 -12.661293
v 40.151230 222.492584 -35.457939
v 40.151230 222.492584 -58.254585
v 41.217075 221.426743 -80.722008
v 34.906586 212.043106 -104.177094
v 25.035576 206.798172 -104.177094
v 14.346964 203.527023 -104.177094
v 13.410725 208.240265 -12.661293
v 23.197571 211.235428 -12.661285
v 32.235870 216.037888 -12.661293
v 3.249578 207.207428 -35.457939
v 3.249578 207.207428 -58.254585
v 3.249578 205.700089 -80.722008
v -7.847836 203.527023 -104.177094
v -18.536448 206.798172 -104.177094
v -28.407486 212.043106 -104.177094
v -25.736738 216.037888 -12.661285
v -16.698469 211.235428 -12.661285
v -6.911596 208.240265 -12.661293
v -33.652073 222.492584 -35.457932
v -33.652073 222.492584 -58.254581
v -34.717922 221.426743 -80.722008
v -44.101562 227.737198 -104.177094
v -49.346512 237.608231 -104.177094
v -52.617634 248.296844 -104.177094
v -47.904404 249.233078 -12.661285
v -44.909237 239.446213 -12.661285
v -40.106792 230.407944 -12.661285
v -48.937241 259.394226 -35.457932
v -48.937241 259.394226 -58.254581
v -50.444569 259.394257 -80.722008
v -52.617634 270.491638 -104.177094
v -49.346512 281.180237 -104.177086
v -44.101562 291.051270 -104.177086
v -40.106792 288.380524 -12.661285
v -44.909237 279.342285 -12.661285
v -47.904404 269.555420 -12.661285
v -33.652073 296.295898 -35.457932
v -33.652100 296.295898 -58.254581
v -34.717922 297.361725 -80.722000
v -28.407486 306.745361 -104.177086
v -18.536448 311.990326 -104.177086
v -7.847836 315.261444 -104.177094
v -6.911596 310.548218 -12.661285
v -16.698469 307.553040 -12.661285
v -25.736738 302.750580 -12.661285
v 13.704199 312.025726 -80.722000
v 13.410725 310.548218 -58.254581
v 13.410725 310.548218 -35.457932
v 23.773766 308.944031 -80.722008
v 23.197571 307.553040 -58.254581
v 23.197624 307.553040 -35.457932
v 33.073105 304.002869 -80.722000
v 32.235870 302.750580 -58.254581
v 32.235870 302.750580 -35.457932
v 47.858219 289.217743 -80.722008
v 46.605888 288.380524 -58.254581
v 46.605888 288.380524 -35.457939
v 52.799347 279.918427 -80.722008
v 51.408367 279.342285 -58.254585
v 51.408367 279.342285 -35.457932
v 55.881020 269.848907 -80.722008
v 54.403557 269.555420 -58.254581
v 54.403557 269.555420 -35.457939
v 55.881020 248.939590 -80.722008
v 54.403557 249.233078 -58.254581
v 54.403557 249.233078 -35.457939
v 52.799347 238.870041 -80.722008
v 51.408367 239.446213 -58.254585
v 51.408367 239.446213 -35.457932
v 47.858162 229.570724 -80.722008
v 46.605888 230.407944 -58.254585
v 46.605888 230.407944 -35.457939
v 33.073105 214.785614 -80.722008
v 32.235870 216.037888 -58.254585
v 32.235870 216.037888 -35.457939
v 23.773766 209.844437 -80.722008
v 23.197571 211.235443 -58.254585
v 23.197624 211.235428 -35.457939
v 13.704199 206.762772 -80.722008
v 13.410725 208.240265 -58.254585
v 13.410725 208.240265 -35.457939
v -7.205099 206.762772 -80.722008
v -6.911596 208.240265 -58.254585
v -6.911596 208.240265 -35.457939
v -17.274635 209.844452 -80.722008
v -16.698469 211.235443 -58.254585
v -16.698469 211.235443 -35.457939
v -26.573948 214.785614 -80.722008
v -25.736738 216.037888 -58.254585
v -25.736738 216.037888 -35.457939
v -41.359062 229.570724 -80.722008
v -40.106792 230.407944 -58.254581
v -40.106792 230.407944 -35.457932
v -46.300220 238.870041 -80.722008
v -44.909237 239.446213 -58.254585
v -44.909237 239.446213 -35.457932
v -49.381889 248.939590 -80.722008
v -47.904404 249.233078 -58.254581
v -47.904404 249.233078 -35.457932
v -49.381924 269.848907 -80.722008
v -47.904404 269.555420 -58.254581
v -47.904404 269.555420 -35.457932
v -46.300220 279.918427 -80.722008
v -44.909237 279.342285 -58.254581
v -44.909237 279.342285 -35.457932
v -41.359062 289.217743 -80.722000
v -40.106792 288.380524 -58.254581
v -40.106762 288.380524 -35.457932
v -26.573948 304.002869 -80.722000
v -25.736738 302.750580 -58.254581
v -25.736738 302.750580 -35.457932
v -17.274635 308.944031 -80.722000
v -16.698469 307.553040 -58.254581
v -16.698469 307.553040 -35.457932
v -7.205099 312.025726 -80.722000
v -6.911596 310.548218 -58.254581
v -6.911596 310.548218 -35.457932
v -7.847836 315.261475 -140.447433
v -18.536448 311.990326 -140.447433
v -28.407486 306.745361 -140.447433
v -44.101562 291.051270 -140.447433
v -49.346512 281.180237 -140.447433
v -52.617634 270.491638 -140.447433
v -52.617664 248.296844 -140.447449
v -49.346512 237.608231 -140.447449
v -44.101562 227.737213 -140.447449
v -28.407486 212.043121 -140.447449
v -18.536448 206.798172 -140.447449
v -7.847836 203.527023 -140.447449
v 14.346964 203.527023 -140.447449
v 25.035576 206.798172 -140.447449
v 34.906586 212.043121 -140.447449
v 50.600693 227.737213 -140.447449
v 55.845669 237.608231 -140.447449
v 59.116787 248.296844 -140.447449
v 59.116787 270.491638 -140.447433
v 55.845669 281.180237 -140.447433
v 50.600693 291.051270 -140.447433
v 34.906586 306.745361 -140.447433
v 25.035576 311.990326 -140.447433
v 14.346964 315.261444 -140.447433
v -37.052147 299.695953 -140.447433
v -53.745644 259.394257 -140.447433
v -37.052147 219.092545 -140.447449
v 3.249578 202.399017 -140.447449
v 43.551247 219.092545 -140.447449
v 60.244801 259.394257 -140.447433
v 43.551247 299.695953 -140.447433
v 3.249578 316.389465 -140.447433
v -7.659016 314.310944 -150.308960
v -18.165785 311.095459 -150.308960
v -27.868851 305.939758 -150.308960
v -43.295929 290.512665 -150.308960
v -48.451637 280.809570 -150.308960
v -51.667110 270.302826 -150.308960
v -51.667110 248.485657 -150.308960
v -48.451637 237.978897 -150.308960
v -43.295929 228.275818 -150.308960
v -27.868851 212.848740 -150.308960
v -18.165785 207.693039 -150.308960
v -7.659016 204.477554 -150.308960
v 14.158171 204.477554 -150.308960
v 24.664885 207.693039 -150.308960
v 34.368008 212.848740 -150.308960
v 49.795059 228.275818 -150.308960
v 54.950794 237.978897 -150.308960
v 58.166267 248.485657 -150.308960
v 58.166267 270.302826 -150.308960
v 54.950794 280.809570 -150.308960
v 49.795059 290.512665 -150.308960
v 34.368008 305.939758 -150.308960
v 24.664885 311.095459 -150.308960
v 14.158171 314.310944 -150.308960
v -36.366444 299.010254 -150.308960
v -52.775955 259.394257 -150.308960
v -36.366444 219.778229 -150.308960
v 3.249578 203.368729 -150.308960
v 42.865574 219.778229 -150.308960
v 59.275082 259.394257 -150.308960
v 42.865574 299.010254 -150.308960
v 3.249578 315.419739 -150.308960
v -7.659016 314.310944 -201.455185
v -18.165785 311.095459 -201.455185
v -27.868851 305.939758 -201.455185
v -43.295929 290.512665 -201.455185
v -48.451637 280.809570 -201.455185
v -51.667110 270.302826 -201.455185
v -51.667133 248.485657 -201.455185
v -48.451637 237.978897 -201.455185
v -43.295929 228.275818 -201.455185
v -27.868851 212.848740 -201.455185
v -18.165785 207.693039 -201.455185
v -7.659016 204.477554 -201.455185
v 14.158171 204.477554 -201.455185
v 24.664885 207.693039 -201.455185
v 34.368008 212.848740 -201.455185
v 49.795059 228.275818 -201.455185
v 54.950794 237.978897 -201.455185
v 58.166267 248.485657 -201.455185
v 58.166267 270.302826 -201.455185
v 54.950794 280.809570 -201.455185
v 49.795059 290.512665 -201.455185
v 34.368008 305.939758 -201.455185
v 24.664885 311.095459 -201.455185
v 14.158171 314.310944 -201.455185
v -36.366444 299.010254 -201.455185
v -52.775955 259.394257 -201.455185
v -36.366444 219.778229 -201.455185
v 3.249578 203.368729 -201.455185
v 42.865574 219.778229 -201.455185
v 59.275082 259.394257 -201.455185
v 42.865574 299.010254 -201.455185
v 3.249578 315.419739 -201.455185
v -5.750248 304.701660 -201.455170
v -14.418545 302.048798 -201.455170
v -22.423779 297.795258 -201.455170
v -35.151432 285.067596 -201.455170
v -39.404987 277.062347 -201.455170
v -42.057835 268.394043 -201.455170
v -42.057835 250.394440 -201.455170
v -39.404987 241.726151 -201.455170
v -35.151432 233.720901 -201.455170
v -22.423779 220.993240 -201.455170
v -14.418545 216.739685 -201.455170
v -5.750248 214.086838 -201.455170
v 12.249349 214.086838 -201.455170
v 20.917671 216.739685 -201.455170
v 28.922932 220.993240 -201.455170
v 41.650585 233.720901 -201.455170
v 45.904114 241.726151 -201.455170
v 48.556965 250.394440 -201.455170
v 48.556965 268.394043 -201.455170
v 45.904114 277.062347 -201.455170
v 41.650585 285.067596 -201.455170
v 28.922932 297.795258 -201.455170
v 20.917671 302.048798 -201.455170
v 12.249349 304.701660 -201.455170
v -29.434448 292.078278 -201.455170
v -42.972622 259.394257 -201.455170
v -29.434448 226.710220 -201.455170
v 3.249578 213.172043 -201.455170
v 35.933605 226.710220 -201.455170
v 49.471748 259.394257 -201.455170
v 35.933605 292.078278 -201.455170
v 3.249578 305.616455 -201.455170
v -5.750248 304.701660 -205.225525
v -14.418545 302.048798 -205.225525
v -22.423779 297.795258 -205.225525
v -35.151432 285.067596 -205.225525
v -39.404987 277.062347 -205.225525
v -42.057835 268.394043 -205.225525
v -42.057835 250.394440 -205.225525
v -39.404987 241.726151 -205.225525
v -35.151432 233.720901 -205.225525
v -22.423779 220.993240 -205.225525
v -14.418545 216.739685 -205.225525
v -5.750248 214.086838 -205.225525
v 12.249349 214.086838 -205.225525
v 20.917671 216.739685 -205.225525
v 28.922932 220.993240 -205.225525
v 41.650585 233.720901 -205.225525
v 45.904114 241.726151 -205.225525
v 48.556965 250.394440 -205.225525
v 48.556965 268.394043 -205.225525
v 45.904114 277.062347 -205.225525
v 41.650585 285.067596 -205.225525
v 28.922932 297.795258 -205.225525
v 20.917671 302.048798 -205.225525
v 12.249349 304.701660 -205.225525
v -29.434448 292.078278 -205.225525
v -42.972622 259.394257 -205.225525
v -29.434448 226.710220 -205.225525
v 3.249578 213.172043 -205.225525
v 35.933605 226.710220 -205.225525
v 49.471748 259.394257 -205.225525
v 35.933605 292.078278 -205.225525
v 3.249578 305.616455 -205.225525
v -5.223914 302.051971 -205.225525
v -13.385262 299.554260 -205.225525
v -20.922352 295.549469 -205.225525
v -32.905647 283.566132 -205.225525
v -36.910458 276.029083 -205.225525
v -39.408157 267.867706 -205.225525
v -39.408157 250.920761 -205.225525
v -36.910458 242.759415 -205.225525
v -32.905647 235.222336 -205.225525
v -20.922352 223.239029 -205.225525
v -13.385262 219.234222 -205.225525
v -5.223914 216.736526 -205.225525
v 11.723070 216.736526 -205.225525
v 19.884363 219.234222 -205.225525
v 27.421478 223.239029 -205.225525
v 39.404774 235.222336 -205.225525
v 43.409557 242.759415 -205.225525
v 45.907253 250.920761 -205.225525
v 45.907253 267.867706 -205.225525
v 43.409557 276.029083 -205.225525
v 39.404774 283.566132 -205.225525
v 27.421478 295.549469 -205.225525
v 19.884363 299.554260 -205.225525
v 11.723070 302.051941 -205.225525
v -27.523006 290.166840 -205.225525
v -40.269440 259.394257 -205.225525
v -27.523006 228.621658 -205.225525
v 3.249578 215.875229 -205.225525
v 34.022137 228.621658 -205.225525
v 46.768597 259.394257 -205.225525
v 34.022137 290.166840 -205.225525
v 3.249578 302.913269 -205.225525
v -5.223914 302.051971 -200.591370
v -13.385262 299.554260 -200.591370
v -20.922352 295.549469 -200.591370
v -32.905647 283.566132 -200.591370
v -36.910458 276.029083 -200.591370
v -39.408157 267.867706 -200.591370
v -39.408157 250.920761 -200.591370
v -36.910458 242.759415 -200.591370
v -32.905647 235.222336 -200.591370
v -20.922352 223.239029 -200.591370
v -13.385262 219.234222 -200.591370
v -5.223914 216.736526 -200.591370
v 11.723070 216.736526 -200.591370
v 19.884363 219.234222 -200.591370
v 27.421478 223.239029 -200.591370
v 39.404774 235.222336 -200.591370
v 43.409557 242.759415 -200.591370
v 45.907253 250.920761 -200.591370
v 45.907253 267.867706 -200.591370
v 43.409557 276.029083 -200.591370
v 39.404774 283.566132 -200.591370
v 27.421478 295.549469 -200.591370
v 19.884363 299.554260 -200.591370
v 11.723070 302.051941 -200.591370
v -27.523006 290.166840 -200.591370
v -40.269440 259.394257 -200.591370
v -27.523006 228.621658 -200.591370
v 3.249578 215.875229 -200.591370
v 34.022137 228.621658 -200.591370
v 46.768597 259.394257 -200.591370
v 34.022137 290.166840 -200.591370
v 3.249578 302.913269 -200.591370
v -2.923773 290.472412 -200.591385
v -8.869699 288.652710 -200.591385
v -14.360798 285.735016 -200.591385
v -23.091196 277.004608 -200.591385
v -26.008896 271.513489 -200.591385
v -27.828588 265.567566 -200.591385
v -27.828588 253.220917 -200.591385
v -26.008896 247.274994 -200.591385
v -23.091196 241.783875 -200.591385
v -14.360798 233.053467 -200.591385
v -8.869699 230.135788 -200.591385
v -2.923773 228.316086 -200.591385
v 9.422903 228.316086 -200.591385
v 15.368800 230.135788 -200.591385
v 20.859926 233.053467 -200.591385
v 29.590351 241.783875 -200.591385
v 32.508053 247.274994 -200.591385
v 34.327690 253.220917 -200.591385
v 34.327690 265.567566 -200.591385
v 32.508053 271.513489 -200.591385
v 29.590351 277.004608 -200.591385
v 20.859926 285.735016 -200.591385
v 15.368800 288.652710 -200.591385
v 9.422903 290.472412 -200.591385
v -19.169724 281.813507 -200.591385
v -28.456076 259.394257 -200.591385
v -19.169724 236.974976 -200.591385
v 3.249578 227.688599 -200.591385
v 25.668852 236.974976 -200.591385
v 34.955231 259.394257 -200.591385
v 25.668852 281.813507 -200.591385
v 3.249578 291.099884 -200.591385
v -2.923773 290.472382 -175.996933
v -8.869699 288.652710 -175.996933
v -14.360798 285.735016 -175.996933
v -23.091196 277.004608 -175.996933
v -26.008896 271.513489 -175.996933
v -27.828588 265.567566 -175.996933
v -27.828588 253.220917 -175.996933
v -26.008896 247.274994 -175.996933
v -23.091196 241.783875 -175.996933
v -14.360798 233.053467 -175.996933
v -8.869699 230.135788 -175.996933
v -2.923773 228.316086 -175.996933
v 9.422903 228.316086 -175.996933
v 15.368800 230.135788 -175.996933
v 20.859926 233.053467 -175.996933
v 29.590351 241.783875 -175.996933
v 32.508053 247.274994 -175.996933
v 34.327690 253.220917 -175.996933
v 34.327744 265.567566 -175.996933
v 32.508053 271.513489 -175.996933
v 29.590351 277.004608 -175.996933
v 20.859926 285.735016 -175.996933
v 15.368800 288.652710 -175.996933
v 9.422903 290.472382 -175.996933
v -19.169724 281.813507 -175.996933
v -28.456076 259.394257 -175.996933
v -19.169724 236.974976 -175.996933
v 3.249578 227.688599 -175.996933
v 25.668852 236.974976 -175.996933
v 34.955231 259.394257 -175.996933
v 25.668852 281.813507 -175.996933
v 3.249578 291.099884 -175.996933
v 23.940273 280.460175 -175.996948
v 17.488642 283.031219 -175.996918
v 10.502679 284.634705 -175.996933
v 3.249550 285.187653 -175.996933
v -4.003578 284.634705 -175.996933
v -10.989541 283.031219 -175.996918
v -17.441145 280.460175 -175.996933
v 26.232140 274.072388 -175.996933
v 19.065880 275.976257 -175.996933
v 11.306106 277.163666 -175.996948
v 3.249550 277.573120 -175.996948
v -4.806978 277.163666 -175.996948
v -12.566778 275.976257 -175.996918
v -19.732983 274.072388 -175.996933
v 27.661510 266.926575 -175.996933
v 20.049549 267.937744 -175.996918
v 11.807180 268.568359 -175.996933
v 3.249578 268.785828 -175.996933
v -5.308051 268.568359 -175.996933
v -13.550449 267.937744 -175.996918
v -21.162354 266.926575 -175.996933
v 28.154362 259.394257 -175.996933
v 20.388802 259.394226 -175.996933
v 11.979977 259.394257 -175.996933
v 3.249550 259.394226 -175.996933
v -5.480848 259.394226 -175.996933
v -13.889645 259.394257 -175.996918
v -21.655264 259.394257 -175.996933
v 27.661510 251.861893 -175.996933
v 20.049549 250.850754 -175.996933
v 11.807180 250.220123 -175.996933
v 3.249550 250.002670 -175.996933
v -5.308051 250.220123 -175.996933
v -13.550449 250.850754 -175.996918
v -21.162354 251.861893 -175.996933
v 26.232140 244.716095 -175.996948
v 19.065880 242.812225 -175.996933
v 11.306106 241.624817 -175.996933
v 3.249550 241.215363 -175.996933
v -4.806978 241.624817 -175.996933
v -12.566750 242.812225 -175.996918
v -19.732983 244.716095 -175.996933
v 23.940273 238.328308 -175.996933
v 17.488697 235.757278 -175.996933
v 10.502679 234.153793 -175.996948
v 3.249550 233.600845 -175.996948
v -4.003578 234.153793 -175.996948
v -10.989541 235.757278 -175.996918
v -17.441145 238.328308 -175.996933
v -23.091196 277.004608 -179.103592
v -19.169724 281.813507 -179.103592
v 3.249578 291.099884 -179.103592
v 9.422903 290.472382 -179.103592
v 20.859926 233.053467 -179.103607
v 15.368800 230.135788 -179.103607
v -26.008896 271.513489 -179.103592
v 25.668852 236.974976 -179.103607
v -27.828588 265.567566 -179.103592
v 29.590351 241.783875 -179.103607
v -28.456076 259.394257 -179.103592
v 32.508053 247.274994 -179.103607
v -27.828588 253.220917 -179.103607
v 34.327690 253.220917 -179.103607
v -26.008896 247.274994 -179.103607
v 34.955231 259.394257 -179.103592
v -23.091196 241.783875 -179.103607
v 34.327744 265.567566 -179.103592
v -19.169724 236.974976 -179.103607
v 32.508053 271.513489 -179.103592
v -14.360798 233.053467 -179.103607
v 29.590351 277.004608 -179.103592
v -8.869699 230.135788 -179.103607
v -2.923773 290.472382 -179.103592
v 25.668852 281.813507 -179.103592
v -2.923773 228.316086 -179.103607
v -8.869699 288.652710 -179.103592
v 20.859926 285.735016 -179.103592
v 3.249578 227.688599 -179.103607
v -14.360798 285.735016 -179.103592
v 15.368800 288.652710 -179.103592
v 9.422903 228.316086 -179.103607
v -23.091196 277.004608 -199.251801
v 3.249578 291.099884 -199.251801
v 20.859926 233.053467 -199.251801
v -26.008896 271.513489 -199.251801
v 25.668852 236.974976 -199.251801
v -27.828588 265.567566 -199.251801
v 29.590351 241.783875 -199.251801
v -28.456076 259.394257 -199.251801
v 32.508053 247.274994 -199.251801
v -27.828588 253.220917 -199.251801
v 34.327690 253.220917 -199.251801
v -26.008896 247.274994 -199.251801
v 34.955231 259.394257 -199.251801
v -23.091196 241.783875 -199.251801
v 34.327690 265.567566 -199.251801
v -19.169724 236.974976 -199.251801
v 32.508053 271.513489 -199.251801
v -14.360798 233.053467 -199.251801
v 29.590351 277.004608 -199.251801
v -8.869699 230.135788 -199.251801
v -2.923773 290.472412 -199.251801
v 25.668852 281.813507 -199.251801
v -2.923773 228.316086 -199.251801
v -8.869699 288.652710 -199.251801
v 20.859926 285.735016 -199.251801
v 3.249578 227.688599 -199.251801
v -14.360798 285.735016 -199.251801
v 15.368800 288.652710 -199.251801
v 9.422903 228.316086 -199.251801
v -19.169724 281.813507 -199.251801
v 9.422903 290.472412 -199.251801
v 15.368800 230.135788 -199.251801
v -9.499392 290.172913 -200.591385
v -3.244522 292.087158 -200.591385
v 21.774929 287.103638 -200.591385
v 26.833702 282.978394 -200.591385
v 3.249578 226.041229 -200.591385
v -3.244522 226.701324 -200.591385
v -15.275801 287.103638 -200.591385
v 15.998492 290.172913 -200.591385
v 9.743650 226.701324 -200.591385
v -20.334578 282.978394 -200.591385
v 9.743650 292.087158 -200.591385
v 15.998492 228.615570 -200.591385
v -24.459816 277.919617 -200.591385
v 3.249578 292.747253 -200.591385
v 21.774929 231.684860 -200.591385
v -27.529100 272.143188 -200.591385
v 26.833702 235.810104 -200.591385
v -29.443359 265.888336 -200.591385
v 30.958941 240.868881 -200.591385
v -30.103439 259.394257 -200.591385
v 34.028259 246.645294 -200.591385
v -29.443359 252.900162 -200.591385
v 35.942486 252.900162 -200.591385
v -27.529100 246.645294 -200.591385
v 36.602570 259.394257 -200.591385
v -24.459816 240.868881 -200.591385
v 35.942486 265.888336 -200.591385
v -20.334578 235.810104 -200.591385
v 34.028259 272.143188 -200.591385
v -15.275801 231.684860 -200.591385
v 30.958941 277.919617 -200.591385
v -9.499392 228.615570 -200.591385
v -12.741919 298.001129 -200.591370
v 26.486675 294.151215 -200.591370
v 3.249578 217.558258 -200.591370
v -19.987518 294.151215 -200.591370
v 19.241047 298.001129 -200.591370
v 11.395345 218.386246 -200.591370
v -26.332952 288.976746 -200.591370
v 11.395345 300.402222 -200.591370
v 19.241047 220.787354 -200.591370
v -31.507408 282.631348 -200.591370
v 3.249578 301.230225 -200.591370
v 26.486675 224.637283 -200.591370
v -35.357323 275.385742 -200.591370
v 32.832081 229.811737 -200.591370
v -37.758419 267.540009 -200.591370
v 38.006512 236.157150 -200.591370
v -38.586418 259.394257 -200.591370
v 41.856476 243.402740 -200.591370
v -37.758419 251.248459 -200.591370
v 44.257549 251.248459 -200.591370
v -35.357323 243.402740 -200.591370
v 45.085514 259.394257 -200.591370
v -31.507408 236.157150 -200.591370
v 44.257549 267.540009 -200.591370
v -26.332952 229.811737 -200.591370
v 41.856476 275.385742 -200.591370
v -19.987518 224.637283 -200.591370
v 38.006512 282.631348 -200.591370
v -12.741919 220.787354 -200.591370
v -4.896217 300.402252 -200.591370
v 32.832081 288.976746 -200.591370
v -4.896217 218.386246 -200.591370
v 43.409557 276.029083 -201.643616
v 45.907253 267.867706 -201.643616
v -20.922352 223.239029 -201.643616
v -27.523006 228.621658 -201.643616
v 39.404774 283.566132 -201.643616
v -13.385262 219.234222 -201.643616
v -5.223914 302.051971 -201.643616
v 3.249578 302.913269 -201.643616
v 34.022137 290.166840 -201.643616
v -5.223914 216.736526 -201.643616
v -13.385262 299.554260 -201.643616
v 27.421478 295.549469 -201.643616
v 3.249578 215.875229 -201.643616
v -20.922352 295.549469 -201.643616
v 19.884363 299.554260 -201.643616
v 11.723070 216.736526 -201.643616
v -27.523006 290.166840 -201.643616
v 11.723070 302.051941 -201.643616
v 19.884363 219.234222 -201.643616
v -32.905647 283.566132 -201.643616
v 27.421478 223.239029 -201.643616
v -36.910458 276.029083 -201.643616
v 34.022137 228.621658 -201.643616
v -39.408157 267.867706 -201.643616
v 39.404774 235.222336 -201.643616
v -40.269440 259.394257 -201.643616
v 43.409557 242.759415 -201.643616
v -39.408157 250.920761 -201.643616
v 45.907253 250.920761 -201.643616
v -36.910458 242.759415 -201.643616
v 46.768597 259.394257 -201.643616
v -32.905647 235.222336 -201.643616
v 43.409557 276.029083 -204.624451
v -20.922352 223.239029 -204.624451
v 39.404774 283.566132 -204.624451
v -13.385262 219.234222 -204.624451
v -5.223914 302.051971 -204.624451
v 34.022137 290.166840 -204.624451
v -5.223914 216.736526 -204.624451
v -13.385262 299.554260 -204.624451
v 27.421478 295.549469 -204.624451
v 3.249578 215.875229 -204.624451
v -20.922352 295.549469 -204.624451
v 19.884363 299.554260 -204.624451
v 11.723070 216.736526 -204.624451
v -27.523006 290.166840 -204.624451
v 11.723070 302.051941 -204.624451
v 19.884363 219.234222 -204.624451
v -32.905647 283.566132 -204.624451
v 27.421478 223.239029 -204.624451
v -36.910458 276.029083 -204.624451
v 34.022137 228.621658 -204.624451
v -39.408157 267.867706 -204.624451
v 39.404774 235.222336 -204.624451
v -40.269440 259.394257 -204.624451
v 43.409557 242.759415 -204.624451
v -39.408157 250.920761 -204.624451
v 45.907253 250.920761 -204.624451
v -36.910458 242.759415 -204.624451
v 46.768597 259.394257 -204.624451
v -32.905647 235.222336 -204.624451
v 45.907253 267.867706 -204.624451
v -27.523006 228.621658 -204.624451
v 3.249578 302.913269 -204.624451
v 13.900161 205.776459 -201.455185
v 3.249578 204.693863 -201.455185
v -35.429436 298.073242 -201.455185
v -27.132849 304.838837 -201.455185
v 13.900161 313.012024 -201.455185
v 24.158407 309.872589 -201.455185
v 24.158407 208.915894 -201.455185
v -42.195030 289.776642 -201.455185
v 3.249578 314.094604 -201.455185
v 33.631977 213.949646 -201.455185
v -47.228790 280.303070 -201.455185
v 41.928562 220.715240 -201.455185
v -50.368210 270.044800 -201.455185
v 48.694130 229.011841 -201.455185
v -51.450798 259.394257 -201.455185
v 53.727921 238.485428 -201.455185
v -50.368210 248.743668 -201.455185
v 56.867336 248.743668 -201.455185
v -47.228790 238.485428 -201.455185
v 57.949955 259.394257 -201.455185
v -42.195030 229.011841 -201.455185
v 56.867336 270.044800 -201.455185
v -35.429436 220.715240 -201.455185
v 53.727921 280.303070 -201.455185
v -27.132849 213.949646 -201.455185
v 48.694130 289.776642 -201.455185
v -17.659250 208.915894 -201.455185
v -7.401005 313.012024 -201.455185
v 41.928562 298.073242 -201.455185
v -7.401005 205.776459 -201.455185
v -17.659250 309.872589 -201.455185
v 33.631977 304.838837 -201.455185
v 3.249578 211.280762 -201.455170
v -23.474268 299.366516 -201.455170
v 21.640574 303.794098 -201.455170
v 12.617611 212.232986 -201.455170
v -30.771797 293.415619 -201.455170
v 12.617611 306.555511 -201.455170
v 21.640574 214.994370 -201.455170
v -36.722683 286.118073 -201.455170
v 3.249578 307.507721 -201.455170
v 29.973396 219.421982 -201.455170
v -41.150303 277.785278 -201.455170
v 37.270924 225.372879 -201.455170
v -43.911697 268.762299 -201.455170
v 43.221813 232.670425 -201.455170
v -44.863930 259.394257 -201.455170
v 47.649410 241.003220 -201.455170
v -43.911697 250.026184 -201.455170
v 50.410797 250.026184 -201.455170
v -41.150303 241.003220 -201.455170
v 51.363029 259.394257 -201.455170
v -36.722683 232.670425 -201.455170
v 50.410797 268.762299 -201.455170
v -30.771797 225.372879 -201.455170
v 47.649410 277.785278 -201.455170
v -23.474268 219.421982 -201.455170
v 43.221813 286.118073 -201.455170
v -15.141474 214.994370 -201.455170
v -6.118483 306.555511 -201.455170
v 37.270924 293.415619 -201.455170
v -6.118483 212.232986 -201.455170
v -15.141474 303.794098 -201.455170
v 29.973396 299.366516 -201.455170
v -18.165785 207.693039 -196.545746
v -27.868851 212.848740 -196.545746
v -7.659016 314.310944 -196.545746
v 3.249578 315.419739 -196.545746
v 42.865574 299.010254 -196.545761
v 49.795059 290.512665 -196.545761
v -7.659016 204.477554 -196.545746
v -18.165785 311.095459 -196.545746
v 34.368008 305.939758 -196.545746
v 3.249578 203.368729 -196.545746
v -27.868851 305.939758 -196.545746
v 24.664885 311.095459 -196.545746
v 14.158171 204.477554 -196.545746
v -36.366444 299.010254 -196.545746
v 14.158171 314.310944 -196.545746
v 24.664885 207.693039 -196.545761
v -43.295929 290.512665 -196.545746
v 34.368008 212.848740 -196.545761
v -48.451637 280.809570 -196.545746
v 42.865574 219.778229 -196.545761
v -51.667110 270.302826 -196.545746
v 49.795059 228.275818 -196.545761
v -52.775955 259.394257 -196.545746
v 54.950794 237.978897 -196.545761
v -51.667133 248.485657 -196.545746
v 58.166267 248.485657 -196.545761
v -48.451637 237.978897 -196.545746
v 59.275082 259.394257 -196.545761
v -43.295929 228.275818 -196.545746
v 58.166267 270.302826 -196.545761
v -36.366444 219.778229 -196.545746
v 54.950794 280.809570 -196.545761
v 98.212479 172.604736 -1.728729
v 49.004978 172.604828 -1.728714
v 96.220963 19.063568 -90.969604
v 47.013466 19.068146 -90.969872
v 96.220963 22.369110 -14.773769
v 96.244095 24.497772 1.055878
v 96.307365 29.945358 6.302322
v 96.532532 46.909943 6.776695
v 47.324986 46.910416 6.778915
v 47.099823 29.958313 6.299126
v 47.036594 24.488464 1.066544
v 47.013466 22.376465 -14.771873
v 47.025055 23.683136 -6.416443
v 57.566639 172.604813 -1.728714
v 86.917496 172.604767 -1.728722
v 86.917442 19.070618 -90.970016
v 57.566589 19.078125 -90.970451
v 55.493919 26.532715 3.305298
v 88.990021 26.526154 3.304489
v 55.493919 28.397491 4.931961
v 88.990021 28.385498 4.933823
v 96.232552 23.674561 -6.418022
v 56.152004 45.496536 6.732681
v 88.194893 45.848099 6.741837
v 47.534985 62.622101 5.706032
v 47.744984 78.335175 4.657265
v 47.954983 94.046844 3.593834
v 48.164978 109.758377 2.529381
v 48.374985 125.469971 1.464867
v 48.584980 141.181580 0.400337
v 48.794979 156.893204 -0.664192
v 98.002480 156.893127 -0.664207
v 97.792480 141.181519 0.400322
v 97.582481 125.469910 1.464851
v 97.372482 109.758331 2.529358
v 97.162483 94.046768 3.593819
v 96.952484 78.334045 4.644814
v 96.742485 62.621338 5.698524
v 56.152149 155.481934 -0.568573
v 56.152149 139.770325 0.495949
v 56.152100 124.058701 1.560478
v 56.152100 108.347137 2.624992
v 56.152054 92.635590 3.689438
v 56.152054 76.923767 4.751122
v 56.152004 61.210815 5.801826
v 88.264267 155.632782 -0.578812
v 88.580650 139.720947 0.499283
v 87.976501 124.427002 1.535515
v 88.247009 108.541763 2.611794
v 88.015411 93.011520 3.663963
v 88.269562 77.125870 4.725372
v 88.065239 61.586212 5.768021
v 47.013466 19.530731 -78.264656
v 47.013466 19.997711 -65.559334
v 47.013466 20.491516 -52.853115
v 47.013466 21.076752 -40.151779
v 47.013466 21.722717 -27.458527
v 96.220963 21.718079 -27.461277
v 96.220963 21.071259 -40.151779
v 96.220963 20.491364 -52.853245
v 96.220963 19.993683 -65.558968
v 96.220963 19.524872 -78.264275
v 47.212402 38.442932 6.521286
v 96.419952 38.430054 6.526932
v 56.152004 39.861755 6.559166
v 88.194893 39.503052 6.552773
v 96.637527 54.764923 6.228401
v 56.152004 56.177185 6.140976
v 88.065239 55.800018 6.157761
v 47.429989 54.765732 6.235435
v 47.639984 70.478073 5.174995
v 96.847481 70.477310 5.166710
v 56.152054 71.889648 5.082687
v 88.269562 71.685638 5.087364
v 47.849983 86.191071 4.126045
v 97.057480 86.190674 4.122154
v 56.152054 87.602280 4.030434
v 88.015411 87.226257 4.055611
v 48.059978 101.902634 3.061615
v 97.267479 101.902557 3.061600
v 56.152054 103.313873 2.966003
v 88.247009 103.119141 2.979179
v 48.269985 117.614182 1.997131
v 97.477478 117.614120 1.997116
v 56.152100 119.025421 1.901505
v 87.976501 118.657059 1.926453
v 48.479984 133.325775 0.932602
v 97.687477 133.325714 0.932587
v 56.152100 134.737015 0.836983
v 88.580650 134.786301 0.833633
v 48.689980 149.037384 -0.131927
v 97.897476 149.037323 -0.131943
v 56.152149 150.448639 -0.227547
v 88.264267 150.297699 -0.217339
v 55.493969 22.686096 -12.725563
v 55.493919 23.358276 -8.462593
v 55.493969 21.602783 -29.526630
v 55.493969 21.165253 -38.081375
v 55.493969 20.403473 -54.924286
v 55.493969 20.074158 -63.487957
v 55.493969 19.460663 -80.336281
v 88.990021 22.680603 -12.727516
v 88.990021 23.351440 -8.464218
v 88.990021 21.601471 -29.529278
v 88.990021 21.163727 -38.081367
v 88.990021 20.403656 -54.924370
v 88.990021 20.070740 -63.487606
v 88.990021 19.456543 -80.336014
v 86.917351 46.909515 6.774445
v 86.917496 156.893158 -0.664207
v 95.174736 45.848328 6.742584
v 96.572731 155.632782 -0.578812
v 86.917496 141.181534 0.400330
v 96.043625 139.720947 0.499283
v 86.917442 125.469925 1.464851
v 96.443352 124.426956 1.535515
v 86.917442 109.758347 2.529358
v 95.960518 108.541763 2.611786
v 86.917404 94.046783 3.593826
v 95.984497 93.011520 3.663963
v 86.917404 78.334045 4.644669
v 95.518013 77.125778 4.724449
v 86.917351 62.621246 5.697525
v 95.514671 61.586212 5.768265
v 86.917351 38.441589 6.520988
v 95.090378 39.494949 6.556252
v 86.917351 54.764938 6.228508
v 95.437370 55.799911 6.156860
v 86.917404 70.477509 5.168945
v 95.445335 71.685425 5.084999
v 86.917404 86.190857 4.124481
v 95.907204 87.226044 4.053314
v 86.917404 101.902573 3.061600
v 95.887993 103.119110 2.979179
v 86.917442 117.614136 1.997116
v 96.366211 118.657043 1.926453
v 86.917442 133.325729 0.932587
v 95.977676 134.786301 0.833633
v 86.917496 149.037338 -0.131943
v 96.501396 150.297684 -0.217339
v 48.645874 39.860931 6.560539
v 48.720783 45.496490 6.732597
v 57.566494 46.910446 6.779045
v 48.863453 56.176956 6.138786
v 48.930737 61.210770 5.801094
v 49.073452 71.889374 5.079720
v 49.140736 76.923721 4.750610
v 49.283455 87.602280 4.030434
v 49.350735 92.635590 3.689445
v 49.493450 103.313873 2.966003
v 49.560730 108.347137 2.624992
v 49.703449 119.025421 1.901512
v 49.770737 124.058701 1.560486
v 49.913448 134.737030 0.836983
v 49.980736 139.770325 0.495956
v 50.123447 150.448639 -0.227547
v 57.566639 156.893188 -0.664192
v 50.190731 155.481949 -0.568573
v 57.566589 141.181564 0.400330
v 57.566589 125.469971 1.464859
v 57.566589 109.758377 2.529373
v 57.566544 94.046844 3.593834
v 57.566544 78.335083 4.656479
v 57.566494 62.622086 5.706062
v 57.566494 38.448029 6.515854
v 57.566494 54.765961 6.237679
v 57.566494 70.478256 5.176727
v 57.566544 86.191040 4.126045
v 57.566544 101.902603 3.061615
v 57.566589 117.614182 1.997124
v 57.566589 133.325775 0.932602
v 57.566639 149.037384 -0.131935
v 94.157120 23.355927 -8.464310
v 94.151207 22.686096 -12.727242
v 57.566544 22.351959 -14.773941
v 86.917404 22.348267 -14.775551
v 49.088898 22.693542 -12.725281
v 86.917404 23.659729 -6.418495
v 57.566544 23.665527 -6.417053
v 49.094814 23.364349 -8.462753
v 94.148392 19.449158 -80.335541
v 94.148392 19.139557 -88.898392
v 88.990021 19.145142 -88.898720
v 57.566544 29.963898 6.300163
v 57.566544 24.973206 1.937706
v 49.152706 28.398560 4.930817
v 49.129101 26.534454 3.304947
v 94.191208 26.527405 3.304474
v 57.566589 19.542114 -78.265419
v 94.214813 28.385223 4.933464
v 86.917442 19.535065 -78.264954
v 55.493969 19.151581 -88.899101
v 94.148392 21.609558 -29.529602
v 94.148392 21.169006 -38.081394
v 94.148392 20.403290 -54.924202
v 94.148392 20.069366 -63.487469
v 57.566544 21.692719 -27.459957
v 57.566544 21.050537 -40.151791
v 57.566589 20.490173 -52.854149
v 57.566589 20.001312 -65.559662
v 86.917404 21.693512 -27.462379
v 86.917442 21.051758 -40.151791
v 86.917442 20.490356 -52.854004
v 86.917442 19.996368 -65.559212
v 49.086090 19.144409 -88.898674
v 49.086090 21.613617 -29.527000
v 49.086090 21.174957 -38.081421
v 49.086090 20.403046 -54.924072
v 49.086090 20.072205 -63.487755
v 49.086090 19.453979 -80.335838
v 86.917404 29.950485 6.302895
v 86.917404 24.966125 1.936287
v 98.212479 172.672363 -0.731018
v 49.004978 172.672424 -0.730995
v 96.220963 18.064148 -90.932251
v 47.013466 18.068756 -90.932648
v 96.220963 21.375031 -14.674614
v 96.307365 30.870895 6.685875
v 96.532532 46.930054 7.776497
v 47.324986 46.928925 7.778755
v 47.099823 30.898438 6.645012
v 47.013466 21.382294 -14.672409
v 47.025055 22.694763 -6.266106
v 57.566639 172.672409 -0.731003
v 86.917496 172.672379 -0.731010
v 86.917442 18.070435 -90.932793
v 57.566589 18.077271 -90.933372
v 55.493919 27.195648 2.555130
v 88.990021 27.189728 2.554642
v 55.493919 29.054611 4.183128
v 88.989967 29.046539 4.184380
v 96.232552 22.686279 -6.267982
v 56.152004 45.464401 7.732063
v 88.194893 45.816956 7.741722
v 47.534985 62.690567 6.703705
v 47.744984 78.402786 5.655006
v 47.954983 94.114456 4.591553
v 48.164978 109.825989 3.527092
v 48.374985 125.537567 2.462578
v 48.584980 141.249176 1.398048
v 48.794979 156.960815 0.333527
v 98.002480 156.960739 0.333504
v 97.792480 141.249115 1.398033
v 97.582481 125.537506 2.462563
v 97.372482 109.825928 3.527077
v 97.162483 94.114380 4.591537
v 96.952484 78.402039 5.642525
v 96.742485 62.690201 6.696152
v 56.152149 155.549545 0.429138
v 56.152149 139.837921 1.493660
v 56.152100 124.126312 2.558189
v 56.152100 108.414734 3.622704
v 56.152054 92.703186 4.687149
v 56.152054 76.991455 5.749359
v 56.152004 61.279358 6.799652
v 88.264267 155.700378 0.418900
v 88.580650 139.788544 1.497002
v 87.976501 124.494598 2.533234
v 88.247009 108.609375 3.609497
v 88.015411 93.079102 4.661682
v 88.269562 77.193939 5.723587
v 88.065239 61.655228 6.766052
v 47.013466 18.530945 -78.226967
v 47.013466 18.998444 -65.520737
v 47.013466 19.492584 -52.809853
v 47.013466 20.078552 -40.105854
v 47.013466 20.724487 -27.410652
v 96.220963 20.719849 -27.413898
v 96.220963 20.073029 -40.106266
v 96.220963 19.492401 -52.810249
v 96.220963 18.994446 -65.520042
v 96.220963 18.525574 -78.226395
v 47.212402 38.413284 7.520844
v 96.419952 38.400574 7.526489
v 56.152054 39.831604 7.560066
v 88.194893 39.471771 7.553658
v 96.637527 54.834915 7.225960
v 56.152004 56.246246 7.138680
v 88.065239 55.869873 7.156067
v 47.429989 54.835114 7.233017
v 47.639984 70.546265 6.172707
v 96.847481 70.545792 6.164398
v 56.152054 71.957703 6.081039
v 88.269562 71.753998 6.085327
v 47.849983 86.258636 5.123756
v 97.057480 86.258362 5.119904
v 56.152054 87.669891 5.028145
v 88.015411 87.293854 5.053612
v 48.059978 101.970230 4.059319
v 97.267479 101.970154 4.059311
v 56.152054 103.381470 3.963707
v 88.247009 103.186722 3.976891
v 48.269985 117.681763 2.994850
v 97.477478 117.681717 2.994827
v 56.152100 119.093018 2.899216
v 87.976501 118.724655 2.924156
v 48.479984 133.393372 1.930313
v 97.687477 133.393311 1.930305
v 56.152100 134.804611 1.834694
v 88.580650 134.853912 1.831345
v 48.689980 149.104996 0.865784
v 97.897476 149.104935 0.865768
v 56.152149 150.516235 0.770164
v 88.264267 150.365311 0.780380
v 55.493969 21.707489 -12.574318
v 55.493919 22.375458 -8.311615
v 55.493969 20.612030 -29.477802
v 55.493969 20.178772 -38.035191
v 55.493969 19.403412 -54.880859
v 55.493969 19.074036 -63.448833
v 55.493969 18.458618 -80.298668
v 88.990021 21.700989 -12.576767
v 88.990021 22.368469 -8.313606
v 88.990021 20.609528 -29.481071
v 88.990021 20.173645 -38.035496
v 88.990021 19.403809 -54.881351
v 88.990021 19.070679 -63.448147
v 88.990021 18.456879 -80.298485
v 86.917351 46.929657 7.776154
v 86.917496 156.960754 0.333511
v 95.174736 45.816879 7.742096
v 96.572731 155.700378 0.418900
v 86.917496 141.249130 1.398041
v 96.043625 139.788544 1.497002
v 86.917442 125.537537 2.462570
v 96.443352 124.494583 2.533234
v 86.917442 109.825943 3.527077
v 95.960518 108.609375 3.609497
v 86.917404 94.114380 4.591537
v 95.984497 93.079102 4.661682
v 86.917404 78.402130 5.643997
v 95.518013 77.193832 5.722176
v 86.917351 62.690216 6.696304
v 95.514671 61.655197 6.765892
v 86.917404 38.407135 7.524994
v 95.090378 39.464828 7.556000
v 86.917351 54.834991 7.228195
v 95.437370 55.869827 7.154472
v 86.917404 70.545959 6.167580
v 95.445335 71.753876 6.082741
v 86.917404 86.258575 5.123589
v 95.907204 87.293701 5.051041
v 86.917404 101.970184 4.059319
v 95.888039 103.186722 3.976891
v 86.917442 117.681732 2.994827
v 96.366211 118.724640 2.924156
v 86.917442 133.393326 1.930305
v 95.977676 134.853897 1.831345
v 86.917496 149.104935 0.865768
v 96.501396 150.365295 0.780380
v 48.645874 39.830902 7.560165
v 48.720783 45.464401 7.732056
v 57.566494 46.929398 7.778481
v 48.863453 56.246216 7.136314
v 48.930737 61.279343 6.798737
v 49.073452 71.957520 6.077583
v 49.140736 76.991409 5.748367
v 49.283455 87.669891 5.028145
v 49.350735 92.703186 4.687149
v 49.493450 103.381470 3.963707
v 49.560730 108.414734 3.622711
v 49.703449 119.093018 2.899223
v 49.770737 124.126312 2.558205
v 49.913448 134.804626 1.834694
v 49.980736 139.837921 1.493668
v 50.123447 150.516235 0.770164
v 57.566639 156.960785 0.333519
v 50.190731 155.549545 0.429138
v 57.566589 141.249176 1.398041
v 57.566589 125.537567 2.462570
v 57.566589 109.825974 3.527092
v 57.566544 94.114426 4.591537
v 57.566544 78.402832 5.655960
v 57.566494 62.690582 6.704483
v 57.566544 38.415390 7.521996
v 57.566494 54.835129 7.235435
v 57.566494 70.546448 6.176353
v 57.566544 86.258636 5.123756
v 57.566544 101.970230 4.059319
v 57.566589 117.681763 2.994835
v 57.566589 133.393372 1.930313
v 57.566639 149.104980 0.865784
v 94.157120 22.367798 -8.314339
v 94.151207 21.698669 -12.577271
v 57.566544 21.396759 -14.670048
v 86.917404 21.389008 -14.672703
v 49.088898 21.706024 -12.574944
v 86.917404 22.693756 -6.266273
v 57.566544 22.700684 -6.264023
v 49.094814 22.376190 -8.312454
v 94.148392 18.449677 -80.297745
v 94.148392 18.140198 -88.861008
v 88.990021 18.145294 -88.861458
v 57.566544 30.870132 6.667328
v 57.566544 24.497070 1.058006
v 49.152706 29.060623 4.181976
v 49.129101 27.196960 2.555649
v 94.191208 27.190033 2.555412
v 57.566589 18.531158 -78.226990
v 94.214813 29.047791 4.184570
v 86.917442 18.534363 -78.227341
v 55.493969 18.151520 -88.862007
v 94.148392 20.611267 -29.482491
v 94.148392 20.170929 -38.035656
v 94.148392 19.404144 -54.881790
v 94.148392 19.070068 -63.448021
v 57.566544 20.731995 -27.405930
v 57.566544 20.095001 -40.104626
v 57.566544 19.493774 -52.807499
v 57.566589 18.997955 -65.520660
v 86.917404 20.726990 -27.409859
v 86.917442 20.086609 -40.105255
v 86.917442 19.493256 -52.808529
v 86.917442 18.994019 -65.519958
v 49.086090 18.145081 -88.861435
v 49.086090 20.615295 -29.479412
v 49.086090 20.176971 -38.035297
v 49.086090 19.403900 -54.881458
v 49.086090 19.072906 -63.448593
v 49.086090 18.454620 -80.298248
v 86.917404 30.867416 6.668060
v 86.917404 24.491302 1.057091
v -91.713623 172.604828 -1.728729
v -42.506123 172.604736 -1.728706
v -89.722206 19.027679 -90.967499
v -40.514709 19.035126 -90.967934
v -89.722206 22.370239 -14.773800
v -89.745369 24.498444 1.055847
v -89.808655 29.946320 6.302162
v -90.033913 46.909973 6.776688
v -40.826466 46.910370 6.778908
v -40.601154 29.958847 6.299019
v -40.537884 24.488831 1.066490
v -40.514709 22.377167 -14.771923
v -40.526295 23.683624 -6.416496
v -51.067780 172.604736 -1.728714
v -80.418633 172.604813 -1.728722
v -80.418633 19.034210 -90.967880
v -51.067780 19.047455 -90.968658
v -48.995258 26.533081 3.305237
v -82.491302 26.526764 3.304451
v -48.995258 28.398041 4.931862
v -82.491302 28.386353 4.933716
v -89.733795 23.675385 -6.418053
v -49.653431 45.496490 6.732674
v -81.696312 45.848114 6.741837
v -41.036461 62.622025 5.705994
v -41.246414 78.335083 4.657196
v -41.456318 94.046768 3.593834
v -41.666317 109.758301 2.529381
v -41.876266 125.469894 1.464867
v -42.086220 141.181503 0.400337
v -42.296169 156.893127 -0.664185
v -91.503670 156.893204 -0.664207
v -91.293762 141.181595 0.400322
v -91.083763 125.469971 1.464851
v -90.873817 109.758377 2.529358
v -90.663864 94.046844 3.593819
v -90.453903 78.334106 4.644852
v -90.243958 62.621399 5.698555
v -49.653339 155.481888 -0.568573
v -49.653339 139.770264 0.495949
v -49.653385 124.058655 1.560478
v -49.653385 108.347092 2.624992
v -49.653431 92.635513 3.689438
v -49.653431 76.923706 4.751060
v -49.653431 61.210770 5.801781
v -81.765472 155.632828 -0.578812
v -82.081940 139.720978 0.499290
v -81.477783 124.427032 1.535515
v -81.748390 108.541824 2.611794
v -81.516792 93.011551 3.663956
v -81.770996 77.125916 4.725403
v -81.566620 61.586227 5.768028
v -40.514709 19.505890 -78.263008
v -40.514660 19.991974 -65.558800
v -40.514660 20.491669 -52.853024
v -40.514660 21.077881 -40.151787
v -40.514660 21.723663 -27.458588
v -89.722206 21.719482 -27.461311
v -89.722206 21.072876 -40.151787
v -89.722206 20.491547 -52.853123
v -89.722206 19.987549 -65.558411
v -89.722206 19.504089 -78.262886
v -40.713787 38.443253 6.521179
v -89.921288 38.430756 6.526733
v -49.653385 39.861755 6.559166
v -81.696274 39.503647 6.552582
v -90.138916 54.764984 6.228401
v -49.653431 56.177124 6.140930
v -81.566620 55.800034 6.157761
v -40.931465 54.765671 6.235397
v -41.141415 70.478027 5.174950
v -90.348915 70.477386 5.166740
v -49.653431 71.889572 5.082611
v -81.770996 71.685669 5.087379
v -41.351414 86.190994 4.126045
v -90.558861 86.190735 4.122208
v -49.653431 87.602234 4.030434
v -81.516792 87.226288 4.055649
v -41.561317 101.902557 3.061615
v -90.768860 101.902603 3.061600
v -49.653385 103.313812 2.966003
v -81.748390 103.119171 2.979179
v -41.771317 117.614105 1.997131
v -90.978767 117.614197 1.997116
v -49.653385 119.025360 1.901505
v -81.477783 118.657089 1.926453
v -41.981220 133.325699 0.932602
v -91.188766 133.325790 0.932587
v -49.653339 134.736969 0.836983
v -82.081940 134.786346 0.833633
v -42.191219 149.037308 -0.131927
v -91.398666 149.037399 -0.131943
v -49.653339 150.448578 -0.227547
v -81.765472 150.297745 -0.217339
v -48.995213 22.686798 -12.725616
v -48.995213 23.358856 -8.462646
v -48.995213 21.603851 -29.526699
v -48.995159 21.166412 -38.081390
v -48.995213 20.403259 -54.924160
v -48.995213 20.070068 -63.487541
v -48.995213 19.432037 -80.334427
v -82.491257 22.681671 -12.727547
v -82.491302 23.352325 -8.464249
v -82.491257 21.602966 -29.529316
v -82.491257 21.165405 -38.081383
v -82.491257 20.403320 -54.924194
v -82.491257 20.065796 -63.487099
v -82.491257 19.425415 -80.334000
v -80.418777 46.909515 6.774437
v -80.418678 156.893188 -0.664200
v -88.676170 45.848373 6.742584
v -90.073921 155.632843 -0.578812
v -80.418732 141.181580 0.400330
v -89.544914 139.721008 0.499283
v -80.418732 125.469971 1.464851
v -89.944641 124.427032 1.535515
v -80.418732 109.758377 2.529358
v -89.461853 108.541840 2.611786
v -80.418777 94.046814 3.593819
v -89.485886 93.011566 3.663956
v -80.418777 78.334106 4.644707
v -89.019447 77.125854 4.724487
v -80.418777 62.621292 5.697525
v -89.016151 61.586258 5.768295
v -80.418732 38.442200 6.520821
v -88.591766 39.495590 6.556053
v -80.418777 54.764984 6.228500
v -88.938759 55.799957 6.156868
v -80.418777 70.477524 5.168961
v -88.946724 71.685486 5.085022
v -80.418777 86.190887 4.124519
v -89.408592 87.226105 4.053352
v -80.418777 101.902603 3.061600
v -89.389374 103.119171 2.979179
v -80.418732 117.614182 1.997116
v -89.867500 118.657120 1.926453
v -80.418732 133.325760 0.932594
v -89.478920 134.786362 0.833626
v -80.418678 149.037384 -0.131943
v -90.002632 150.297760 -0.217339
v -42.147255 39.861206 6.560432
v -42.222263 45.496429 6.732582
v -51.067924 46.910385 6.779022
v -42.364933 56.176880 6.138748
v -42.432167 61.210693 5.801064
v -42.574886 71.889328 5.079681
v -42.642166 76.923645 4.750549
v -42.784882 87.602203 4.030434
v -42.852119 92.635513 3.689445
v -42.994789 103.313797 2.966003
v -43.062065 108.347092 2.624992
v -43.204784 119.025360 1.901512
v -43.272022 124.058655 1.560486
v -43.414692 134.736954 0.836990
v -43.481972 139.770264 0.495956
v -43.624687 150.448563 -0.227547
v -51.067829 156.893143 -0.664192
v -43.691925 155.481888 -0.568573
v -51.067829 141.181519 0.400330
v -51.067879 125.469910 1.464867
v -51.067879 109.758331 2.529381
v -51.067924 94.046783 3.593834
v -51.067924 78.335022 4.656410
v -51.067924 62.622040 5.706024
v -51.067879 38.447998 6.515862
v -51.067924 54.765930 6.237640
v -51.067924 70.478180 5.176651
v -51.067924 86.190994 4.126045
v -51.067879 101.902557 3.061615
v -51.067879 117.614105 1.997124
v -51.067829 133.325714 0.932602
v -51.067829 149.037338 -0.131927
v -87.658409 23.356812 -8.464340
v -87.652443 22.687164 -12.727272
v -51.067780 22.352844 -14.773994
v -80.418633 22.349487 -14.775585
v -42.590141 22.694244 -12.725327
v -80.418678 23.660645 -6.418533
v -51.067780 23.666168 -6.417107
v -42.596054 23.364899 -8.462807
v -87.649582 19.424988 -80.333969
v -87.649582 19.105682 -88.896370
v -82.491257 19.110199 -88.896637
v -51.067829 29.964386 6.300072
v -51.067829 24.973602 1.937645
v -42.654037 28.399109 4.930717
v -42.630432 26.535034 3.304863
v -87.692497 26.528046 3.304436
v -51.067780 19.510803 -78.263329
v -87.716103 28.385834 4.933395
v -80.418633 19.504150 -78.262886
v -48.995213 19.121460 -88.897308
v -87.649582 21.611053 -29.529640
v -87.649582 21.170746 -38.081409
v -87.649582 20.402985 -54.924030
v -87.649582 20.064667 -63.486988
v -51.067780 21.693878 -27.460030
v -51.067780 21.051758 -40.151794
v -51.067780 20.490326 -52.854050
v -51.067780 19.995422 -65.559128
v -80.418633 21.695038 -27.462421
v -80.418633 21.053375 -40.151794
v -80.418633 20.490540 -52.853874
v -80.418633 19.989624 -65.558601
v -42.587326 19.112885 -88.896797
v -42.587280 21.614624 -29.527065
v -42.587280 21.176178 -38.081440
v -42.587280 20.402802 -54.923943
v -42.587326 20.067963 -63.487320
v -42.587326 19.427551 -80.334129
v -80.418678 29.951401 6.302757
v -80.418678 24.966766 1.936256
v -91.713623 172.672424 -0.731018
v -42.506123 172.672348 -0.730995
v -89.722206 18.028198 -90.929184
v -40.514709 18.035706 -90.929832
v -89.722206 21.376160 -14.674614
v -89.808701 30.871826 6.685707
v -90.033913 46.930069 7.776489
v -40.826466 46.928879 7.778740
v -40.601154 30.898911 6.644897
v -40.514709 21.383026 -14.672443
v -40.526295 22.695251 -6.266151
v -51.067780 172.672363 -0.730995
v -80.418633 172.672409 -0.731010
v -80.418633 18.033600 -90.929642
v -51.067780 18.046295 -90.930733
v -48.995258 27.196014 2.555061
v -82.491302 27.190338 2.554596
v -48.995258 29.055161 4.183014
v -82.491302 29.047058 4.184326
v -89.733795 22.687103 -6.267998
v -49.653431 45.464355 7.732056
v -81.696312 45.816986 7.741707
v -41.036461 62.690491 6.703651
v -41.246414 78.402710 5.654938
v -41.456318 94.114349 4.591537
v -41.666317 109.825897 3.527100
v -41.876266 125.537491 2.462578
v -42.086220 141.249100 1.398048
v -42.296169 156.960724 0.333527
v -91.503670 156.960815 0.333504
v -91.293762 141.249176 1.398041
v -91.083763 125.537567 2.462563
v -90.873817 109.825989 3.527077
v -90.663864 94.114426 4.591530
v -90.453903 78.402115 5.642563
v -90.243958 62.690277 6.696182
v -49.653339 155.549484 0.429138
v -49.653339 139.837875 1.493668
v -49.653385 124.126251 2.558189
v -49.653385 108.414673 3.622704
v -49.653431 92.703140 4.687149
v -49.653431 76.991394 5.749290
v -49.653431 61.279297 6.799606
v -81.765472 155.700424 0.418900
v -82.081940 139.788589 1.497002
v -81.477783 124.494629 2.533234
v -81.748390 108.609421 3.609497
v -81.516792 93.079132 4.661682
v -81.770996 77.193970 5.723625
v -81.566620 61.655243 6.766068
v -40.514709 18.506683 -78.224365
v -40.514660 18.992767 -65.519730
v -40.514660 19.492737 -52.809593
v -40.514660 20.079681 -40.105782
v -40.514660 20.725433 -27.410690
v -89.722206 20.721252 -27.413879
v -89.722206 20.074646 -40.106152
v -89.722206 19.492584 -52.809895
v -89.722206 18.988342 -65.518967
v -89.722206 18.505341 -78.224220
v -40.713787 38.413605 7.520737
v -89.921288 38.401276 7.526291
v -49.653385 39.831589 7.560066
v -81.696274 39.472382 7.553474
v -90.138916 54.834991 7.225960
v -49.653431 56.246185 7.138634
v -81.566620 55.869919 7.156067
v -40.931465 54.835037 7.232986
v -41.141415 70.546188 6.172668
v -90.348915 70.545837 6.164413
v -49.653431 71.957626 6.080963
v -81.770996 71.754044 6.085350
v -41.351414 86.258560 5.123756
v -90.558861 86.258438 5.119942
v -49.653431 87.669830 5.028145
v -81.516792 87.293930 5.053604
v -41.561317 101.970154 4.059319
v -90.768860 101.970230 4.059311
v -49.653385 103.381409 3.963707
v -81.748390 103.186768 3.976891
v -41.771317 117.681686 2.994850
v -90.978767 117.681763 2.994827
v -49.653385 119.092957 2.899223
v -81.477783 118.724701 2.924156
v -41.981220 133.393295 1.930321
v -91.188766 133.393372 1.930298
v -49.653339 134.804565 1.834694
v -82.081940 134.853943 1.831345
v -42.191219 149.104919 0.865784
v -91.398666 149.104996 0.865768
v -49.653339 150.516190 0.770164
v -81.765472 150.365341 0.780380
v -48.995213 21.708130 -12.574356
v -48.995213 22.376007 -8.311653
v -48.995213 20.613007 -29.477829
v -48.995159 20.179840 -38.035133
v -48.995213 19.403198 -54.880547
v -48.995213 19.070221 -63.448040
v -48.995213 18.432373 -80.295982
v -82.491257 21.702026 -12.576775
v -82.491257 22.369324 -8.313622
v -82.491257 20.610962 -29.481049
v -82.491257 20.175262 -38.035416
v -82.491257 19.403473 -54.880913
v -82.491257 19.065796 -63.447147
v -82.491257 18.425781 -80.295303
v -80.418777 46.929672 7.776154
v -80.418678 156.960785 0.333511
v -88.676170 45.816925 7.742088
v -90.073921 155.700439 0.418900
v -80.418732 141.249161 1.398041
v -89.544914 139.788605 1.497002
v -80.418732 125.537567 2.462570
v -89.944641 124.494659 2.533234
v -80.418777 109.825958 3.527077
v -89.461853 108.609436 3.609497
v -80.418777 94.114410 4.591537
v -89.485886 93.079147 4.661682
v -80.418777 78.402161 5.644028
v -89.019447 77.193909 5.722221
v -80.418777 62.690262 6.696312
v -89.016151 61.655243 6.765923
v -80.418732 38.407761 7.524818
v -88.591766 39.465500 7.555801
v -80.418777 54.834991 7.228195
v -88.938759 55.869888 7.154480
v -80.418777 70.545990 6.167587
v -88.946724 71.753922 6.082764
v -80.418777 86.258606 5.123619
v -89.408592 87.293747 5.051079
v -80.418777 101.970200 4.059319
v -89.389374 103.186768 3.976891
v -80.418732 117.681763 2.994827
v -89.867500 118.724716 2.924156
v -80.418732 133.393356 1.930305
v -89.478920 134.853958 1.831345
v -80.418678 149.104965 0.865768
v -90.002632 150.365356 0.780373
v -42.147255 39.831207 7.560059
v -42.222263 45.464355 7.732056
v -51.067924 46.929352 7.778465
v -42.364933 56.246124 7.136276
v -42.432167 61.279251 6.798698
v -42.574886 71.957443 6.077507
v -42.642166 76.991333 5.748291
v -42.784882 87.669800 5.028145
v -42.852119 92.703110 4.687149
v -42.994789 103.381393 3.963707
v -43.062065 108.414673 3.622711
v -43.204784 119.092957 2.899223
v -43.272022 124.126251 2.558205
v -43.414692 134.804565 1.834702
v -43.481972 139.837860 1.493668
v -43.624687 150.516159 0.770164
v -51.067829 156.960739 0.333519
v -43.691925 155.549469 0.429138
v -51.067829 141.249115 1.398048
v -51.067879 125.537506 2.462570
v -51.067879 109.825928 3.527092
v -51.067924 94.114380 4.591537
v -51.067924 78.402771 5.655960
v -51.067924 62.690536 6.704445
v -51.067879 38.415649 7.521904
v -51.067924 54.835098 7.235397
v -51.067924 70.546387 6.176277
v -51.067924 86.258575 5.123749
v -51.067879 101.970154 4.059319
v -51.067879 117.681686 2.994835
v -51.067829 133.393311 1.930313
v -51.067829 149.104919 0.865784
v -87.658409 22.368713 -8.314354
v -87.652443 21.699738 -12.577278
v -51.067780 21.397308 -14.670082
v -80.418633 21.389954 -14.672695
v -42.590141 21.706696 -12.574982
v -80.418633 22.694489 -6.266281
v -51.067780 22.701111 -6.264061
v -42.596054 22.376770 -8.312492
v -87.649582 18.425659 -80.295288
v -87.649582 18.106354 -88.858025
v -82.491257 18.110168 -88.858368
v -51.067829 30.870651 6.667221
v -51.067829 24.497467 1.057953
v -42.654037 29.061157 4.181870
v -42.630432 27.197540 2.555550
v -87.692497 27.190643 2.555351
v -51.067780 18.509888 -78.224709
v -87.716103 29.048294 4.184509
v -80.418633 18.503326 -78.224007
v -48.995213 18.121368 -88.859352
v -87.649582 20.612762 -29.482471
v -87.649582 20.172699 -38.035561
v -87.649582 19.403809 -54.881351
v -87.649582 19.065369 -63.447056
v -51.067780 20.732788 -27.405968
v -51.067780 20.095886 -40.104572
v -51.067780 19.493896 -52.807266
v -51.067780 18.993317 -65.519836
v -80.418633 20.728271 -27.409843
v -80.418633 20.088043 -40.105152
v -80.418633 19.493439 -52.808178
v -80.418633 18.987549 -65.518822
v -42.587326 18.113586 -88.858665
v -42.587280 20.616333 -29.479439
v -42.587280 20.178162 -38.035233
v -42.587280 19.403656 -54.881119
v -42.587326 19.068695 -63.447731
v -42.587326 18.428436 -80.295570
v -80.418678 30.867935 6.667984
v -80.418678 24.491974 1.057060
vt 0.173300 0.375444
vt 0.235680 0.375444
vt 0.025571 0.391848
vt 0.084242 0.391848
vt 0.173300 0.437824
vt 0.235680 0.437824
vt 0.025571 0.450520
vt 0.084242 0.450520
vt 0.110920 0.500204
vt 0.173300 0.500204
vt 0.235680 0.500204
vt 0.025571 0.509191
vt 0.084242 0.509191
vt 0.110920 0.562584
vt 0.173300 0.562584
vt 0.235680 0.562584
vt 0.025571 0.567863
vt 0.084242 0.567863
vt 0.173300 0.624964
vt 0.235680 0.624964
vt 0.025571 0.626534
vt 0.084242 0.626534
vt 0.330594 0.734136
vt 0.335938 0.734136
vt 0.341283 0.734136
vt 0.346627 0.734136
vt 0.347398 0.734136
vt 0.348168 0.734136
vt 0.323709 0.734136
vt 0.325250 0.734136
vt 0.346627 0.746529
vt 0.325250 0.746529
vt 0.330594 0.746529
vt 0.335938 0.746529
vt 0.341283 0.746529
vt 0.347398 0.746564
vt 0.323902 0.746582
vt 0.348116 0.746724
vt 0.325250 0.758923
vt 0.330594 0.758923
vt 0.335939 0.758923
vt 0.341283 0.758923
vt 0.346627 0.758923
vt 0.347398 0.758993
vt 0.324095 0.759027
vt 0.348064 0.759313
vt 0.323916 0.759703
vt 0.348168 0.760484
vt 0.323710 0.760484
vt 0.342053 0.765120
vt 0.348168 0.765120
vt 0.348168 0.765120
vt 0.323710 0.765120
vt 0.329824 0.765120
vt 0.335939 0.765120
vt 0.329824 0.771316
vt 0.335939 0.771316
vt 0.342053 0.771316
vt 0.348168 0.771316
vt 0.348168 0.771316
vt 0.323710 0.771317
vt 0.323710 0.777513
vt 0.329824 0.777513
vt 0.335939 0.777513
vt 0.342053 0.777513
vt 0.348168 0.777513
vt 0.348168 0.777513
vt 0.335939 0.777816
vt 0.329834 0.777819
vt 0.342043 0.777819
vt 0.323966 0.777879
vt 0.347912 0.777879
vt 0.323193 0.782927
vt 0.348684 0.782927
vt 0.322683 0.783190
vt 0.349194 0.783190
vt 0.323640 0.783266
vt 0.348237 0.783266
vt 0.330594 0.783408
vt 0.335939 0.783408
vt 0.341283 0.783408
vt 0.347379 0.783425
vt 0.324499 0.783425
vt 0.323265 0.783450
vt 0.348612 0.783450
vt 0.325241 0.783465
vt 0.346637 0.783465
vt 0.347398 0.783640
vt 0.324480 0.783640
vt 0.360397 0.783710
vt 0.366511 0.783710
vt 0.366511 0.783710
vt 0.371085 0.783710
vt 0.372626 0.783710
vt 0.305366 0.783710
vt 0.311480 0.783710
vt 0.317595 0.783710
vt 0.325250 0.783710
vt 0.330594 0.783710
vt 0.335939 0.783710
vt 0.341283 0.783710
vt 0.346628 0.783710
vt 0.354282 0.783710
vt 0.354282 0.783710
vt 0.299251 0.783710
vt 0.300021 0.783710
vt 0.300792 0.783710
vt 0.372626 0.796104
vt 0.330594 0.796104
vt 0.335939 0.796104
vt 0.341283 0.796104
vt 0.346628 0.796104
vt 0.347398 0.796104
vt 0.348612 0.796104
vt 0.349194 0.796104
vt 0.354282 0.796104
vt 0.354282 0.796104
vt 0.360397 0.796104
vt 0.366511 0.796104
vt 0.366511 0.796104
vt 0.371086 0.796104
vt 0.299252 0.796104
vt 0.300021 0.796104
vt 0.300792 0.796104
vt 0.305366 0.796104
vt 0.311480 0.796104
vt 0.317595 0.796104
vt 0.322683 0.796104
vt 0.323265 0.796104
vt 0.324480 0.796104
vt 0.325250 0.796104
vt 0.371086 0.808497
vt 0.372626 0.808497
vt 0.317595 0.808497
vt 0.325250 0.808497
vt 0.330594 0.808497
vt 0.335939 0.808497
vt 0.341283 0.808497
vt 0.346628 0.808497
vt 0.354282 0.808497
vt 0.354282 0.808497
vt 0.360397 0.808497
vt 0.366511 0.808497
vt 0.366511 0.808497
vt 0.299252 0.808497
vt 0.300022 0.808497
vt 0.300792 0.808497
vt 0.305366 0.808497
vt 0.311481 0.808497
vt 0.324480 0.808567
vt 0.347398 0.808567
vt 0.323265 0.808757
vt 0.348612 0.808757
vt 0.322683 0.809018
vt 0.349194 0.809018
vt 0.330594 0.814694
vt 0.330594 0.814694
vt 0.335939 0.814694
vt 0.335939 0.814694
vt 0.341283 0.814694
vt 0.341283 0.814694
vt 0.348168 0.814694
vt 0.348168 0.814694
vt 0.323710 0.814694
vt 0.330594 0.820891
vt 0.330594 0.820891
vt 0.341283 0.820891
vt 0.341283 0.820891
vt 0.348168 0.820891
vt 0.348168 0.820891
vt 0.323710 0.820891
vt 0.330594 0.827088
vt 0.330594 0.827088
vt 0.335939 0.827088
vt 0.335939 0.827088
vt 0.341283 0.827088
vt 0.341283 0.827088
vt 0.348168 0.827088
vt 0.348168 0.827088
vt 0.323710 0.827088
vt 0.348168 0.831724
vt 0.323710 0.831724
vt 0.347961 0.832504
vt 0.323916 0.832504
vt 0.347398 0.833075
vt 0.324480 0.833075
vt 0.330594 0.833284
vt 0.335939 0.833284
vt 0.341283 0.833284
vt 0.346628 0.833284
vt 0.325250 0.833284
vt 0.294771 0.899905
vt 0.334075 0.899905
vt 0.373379 0.899905
vt 0.294771 0.923109
vt 0.334075 0.923109
vt 0.373379 0.923109
vt 0.235115 0.834702
vt 0.235226 0.835929
vt 0.243228 0.837480
vt 0.227649 0.838271
vt 0.242484 0.838650
vt 0.228383 0.839181
vt 0.249891 0.844342
vt 0.221985 0.844793
vt 0.235563 0.845354
vt 0.248781 0.845396
vt 0.294771 0.946313
vt 0.334075 0.946313
vt 0.373379 0.946313
vt 0.222928 0.845612
vt 0.235562 0.846846
vt 0.222943 0.846922
vt 0.248772 0.846922
vt 0.235800 0.851662
vt 0.215467 0.852022
vt 0.255063 0.852078
vt 0.254281 0.852934
vt 0.253067 0.852948
vt 0.216435 0.853002
vt 0.217779 0.853013
vt 0.235717 0.853361
vt 0.226866 0.855291
vt 0.244684 0.855413
vt 0.228008 0.856552
vt 0.243423 0.856556
vt 0.260967 0.857469
vt 0.209617 0.857971
vt 0.260056 0.858106
vt 0.210689 0.858554
vt 0.223114 0.864175
vt 0.263350 0.864231
vt 0.224814 0.864258
vt 0.235714 0.864261
vt 0.246614 0.864264
vt 0.262165 0.864325
vt 0.248313 0.864348
vt 0.253135 0.864640
vt 0.254518 0.864641
vt 0.216367 0.864648
vt 0.217684 0.864648
vt 0.209086 0.864885
vt 0.207962 0.864967
vt 0.211034 0.870828
vt 0.260505 0.871007
vt 0.210159 0.871405
vt 0.261638 0.871616
vt 0.228004 0.871967
vt 0.243419 0.871971
vt 0.226744 0.873109
vt 0.244562 0.873231
vt 0.235711 0.875161
vt 0.217779 0.875794
vt 0.216622 0.875811
vt 0.215757 0.876740
vt 0.235627 0.876861
vt 0.253067 0.876886
vt 0.254482 0.876894
vt 0.255507 0.877921
vt 0.224629 0.881012
vt 0.247564 0.881012
vt 0.236359 0.881079
vt 0.247577 0.882176
vt 0.224622 0.882368
vt 0.236358 0.882403
vt 0.248413 0.882906
vt 0.223636 0.883304
vt 0.242732 0.887859
vt 0.230193 0.888331
vt 0.243383 0.888668
vt 0.229533 0.889370
vt 0.236644 0.890747
vt 0.236743 0.891838
vt 0.106958 0.824336
vt 0.112184 0.824336
vt 0.117409 0.824336
vt 0.122635 0.824336
vt 0.127861 0.824336
vt 0.133087 0.824336
vt 0.138313 0.824336
vt 0.143539 0.824336
vt 0.148764 0.824336
vt 0.153990 0.824336
vt 0.159216 0.824336
vt 0.164442 0.824336
vt 0.169668 0.824336
vt 0.174894 0.824336
vt 0.180119 0.824336
vt 0.185345 0.824336
vt 0.190571 0.824336
vt 0.104613 0.864130
vt 0.109985 0.864130
vt 0.115356 0.864130
vt 0.120728 0.864130
vt 0.126099 0.864130
vt 0.131471 0.864130
vt 0.136842 0.864130
vt 0.142214 0.864130
vt 0.147585 0.864130
vt 0.152956 0.864130
vt 0.158328 0.864130
vt 0.163699 0.864130
vt 0.169071 0.864130
vt 0.174442 0.864130
vt 0.179814 0.864130
vt 0.185185 0.864130
vt 0.190557 0.864130
vt 0.104764 0.781924
vt 0.110277 0.781924
vt 0.115791 0.781924
vt 0.121305 0.781924
vt 0.126818 0.781924
vt 0.132332 0.781924
vt 0.137846 0.781924
vt 0.143359 0.781924
vt 0.148873 0.781924
vt 0.154387 0.781924
vt 0.159900 0.781924
vt 0.165414 0.781924
vt 0.170928 0.781924
vt 0.176442 0.781924
vt 0.181955 0.781924
vt 0.187469 0.781924
vt 0.192983 0.781924
vt 0.104518 0.744157
vt 0.110032 0.744157
vt 0.115546 0.744157
vt 0.121059 0.744157
vt 0.126573 0.744157
vt 0.132087 0.744157
vt 0.137600 0.744157
vt 0.143114 0.744157
vt 0.148628 0.744157
vt 0.154142 0.744157
vt 0.159655 0.744157
vt 0.165169 0.744157
vt 0.170683 0.744157
vt 0.176196 0.744157
vt 0.181710 0.744157
vt 0.187224 0.744157
vt 0.192737 0.744157
vt 0.104854 0.706402
vt 0.110368 0.706402
vt 0.115882 0.706402
vt 0.121395 0.706402
vt 0.126909 0.706402
vt 0.132423 0.706402
vt 0.137937 0.706402
vt 0.143450 0.706402
vt 0.148964 0.706402
vt 0.154478 0.706402
vt 0.159991 0.706402
vt 0.165505 0.706402
vt 0.171019 0.706402
vt 0.176532 0.706402
vt 0.182046 0.706402
vt 0.187560 0.706402
vt 0.193073 0.706402
vt 0.106828 0.900080
vt 0.112124 0.900080
vt 0.117419 0.900080
vt 0.122714 0.900080
vt 0.128010 0.900080
vt 0.133305 0.900080
vt 0.138601 0.900080
vt 0.143896 0.900080
vt 0.149192 0.900080
vt 0.154487 0.900080
vt 0.159783 0.900080
vt 0.165078 0.900080
vt 0.170374 0.900080
vt 0.175669 0.900080
vt 0.180965 0.900080
vt 0.186260 0.900080
vt 0.191555 0.900080
vt 0.209534 0.905376
vt 0.202475 0.906386
vt 0.216590 0.906408
vt 0.197667 0.908295
vt 0.221393 0.908331
vt 0.209524 0.911865
vt 0.201780 0.912421
vt 0.217267 0.912445
vt 0.195743 0.913098
vt 0.223302 0.913140
vt 0.106958 0.834419
vt 0.190571 0.834419
vt 0.185352 0.834461
vt 0.112181 0.834463
vt 0.169667 0.834484
vt 0.174892 0.834487
vt 0.180122 0.834487
vt 0.127864 0.834490
vt 0.117409 0.834491
vt 0.153987 0.834492
vt 0.122639 0.834492
vt 0.164442 0.834493
vt 0.148764 0.834500
vt 0.133086 0.834500
vt 0.143540 0.834503
vt 0.159215 0.834503
vt 0.138313 0.834510
vt 0.104613 0.874499
vt 0.190557 0.874499
vt 0.104764 0.792559
vt 0.192983 0.792559
vt 0.185192 0.874542
vt 0.109982 0.874545
vt 0.104518 0.754792
vt 0.192737 0.754792
vt 0.110265 0.792603
vt 0.174441 0.874563
vt 0.187476 0.792603
vt 0.179817 0.874567
vt 0.126102 0.874573
vt 0.169067 0.874574
vt 0.115356 0.874574
vt 0.120731 0.874575
vt 0.147586 0.874576
vt 0.163699 0.874581
vt 0.152954 0.874583
vt 0.131471 0.874583
vt 0.142216 0.874583
vt 0.170927 0.792628
vt 0.176439 0.792631
vt 0.181958 0.792631
vt 0.158326 0.874591
vt 0.126821 0.792634
vt 0.136843 0.874593
vt 0.115787 0.792634
vt 0.110020 0.754837
vt 0.121307 0.792636
vt 0.187231 0.754837
vt 0.148874 0.792636
vt 0.165415 0.792638
vt 0.154385 0.792643
vt 0.143362 0.792644
vt 0.132332 0.792644
vt 0.159899 0.792651
vt 0.137846 0.792654
vt 0.104854 0.716353
vt 0.193073 0.716353
vt 0.170682 0.754861
vt 0.176194 0.754864
vt 0.181713 0.754864
vt 0.126576 0.754867
vt 0.115542 0.754868
vt 0.121062 0.754869
vt 0.148629 0.754870
vt 0.165170 0.754872
vt 0.154139 0.754877
vt 0.143117 0.754878
vt 0.132087 0.754878
vt 0.159654 0.754884
vt 0.137601 0.754887
vt 0.110356 0.716395
vt 0.187567 0.716395
vt 0.171018 0.716418
vt 0.176530 0.716421
vt 0.182049 0.716421
vt 0.126912 0.716423
vt 0.115878 0.716424
vt 0.121398 0.716425
vt 0.148965 0.716426
vt 0.165506 0.716428
vt 0.154475 0.716433
vt 0.143453 0.716433
vt 0.132423 0.716433
vt 0.159990 0.716439
vt 0.137937 0.716442
vt 0.106828 0.910294
vt 0.191555 0.910294
vt 0.112112 0.910337
vt 0.186267 0.910337
vt 0.170373 0.910360
vt 0.175667 0.910363
vt 0.180967 0.910364
vt 0.128013 0.910366
vt 0.117416 0.910367
vt 0.122717 0.910368
vt 0.149193 0.910369
vt 0.165079 0.910371
vt 0.154485 0.910376
vt 0.133305 0.910376
vt 0.143899 0.910376
vt 0.159781 0.910383
vt 0.138601 0.910386
vt 0.194712 0.920154
vt 0.201200 0.920163
vt 0.209512 0.920176
vt 0.217823 0.920189
vt 0.224311 0.920199
vt 0.106958 0.843264
vt 0.190571 0.843264
vt 0.148764 0.843315
vt 0.169658 0.843316
vt 0.127860 0.843322
vt 0.104764 0.801889
vt 0.192983 0.801889
vt 0.185366 0.843347
vt 0.112156 0.843354
vt 0.104613 0.883597
vt 0.190557 0.883597
vt 0.174871 0.843364
vt 0.104518 0.764122
vt 0.192737 0.764122
vt 0.122648 0.843373
vt 0.133070 0.843377
vt 0.143551 0.843377
vt 0.164450 0.843377
vt 0.153973 0.843388
vt 0.170918 0.801943
vt 0.126818 0.801950
vt 0.148869 0.801952
vt 0.169066 0.883642
vt 0.126098 0.883657
vt 0.170673 0.764177
vt 0.187490 0.801976
vt 0.147581 0.883659
vt 0.180120 0.843425
vt 0.126573 0.764184
vt 0.148624 0.764186
vt 0.104854 0.725083
vt 0.193073 0.725083
vt 0.117400 0.843433
vt 0.110258 0.801990
vt 0.176418 0.801993
vt 0.138310 0.843447
vt 0.185206 0.883683
vt 0.121319 0.802005
vt 0.159211 0.843450
vt 0.165423 0.802007
vt 0.187245 0.764210
vt 0.132314 0.802009
vt 0.109957 0.883689
vt 0.154367 0.802009
vt 0.143372 0.802012
vt 0.110012 0.764224
vt 0.176173 0.764227
vt 0.163710 0.883708
vt 0.174420 0.883709
vt 0.120741 0.883709
vt 0.152937 0.883714
vt 0.131453 0.883714
vt 0.121074 0.764239
vt 0.142226 0.883717
vt 0.165178 0.764240
vt 0.171009 0.725134
vt 0.132069 0.764242
vt 0.154121 0.764243
vt 0.143127 0.764246
vt 0.126909 0.725141
vt 0.148960 0.725143
vt 0.181956 0.802058
vt 0.115784 0.802070
vt 0.187581 0.725165
vt 0.159895 0.802081
vt 0.137843 0.802083
vt 0.179814 0.883766
vt 0.110348 0.725178
vt 0.181710 0.764291
vt 0.176509 0.725181
vt 0.115347 0.883771
vt 0.115539 0.764304
vt 0.121410 0.725192
vt 0.165514 0.725193
vt 0.158323 0.883783
vt 0.132405 0.725195
vt 0.154457 0.725196
vt 0.136839 0.883787
vt 0.143463 0.725198
vt 0.159650 0.764315
vt 0.137598 0.764317
vt 0.106828 0.919255
vt 0.191555 0.919255
vt 0.182046 0.725241
vt 0.115875 0.725253
vt 0.159986 0.725263
vt 0.137934 0.725265
vt 0.170365 0.919307
vt 0.128009 0.919314
vt 0.149188 0.919316
vt 0.186281 0.919339
vt 0.112105 0.919352
vt 0.175647 0.919356
vt 0.122728 0.919367
vt 0.165087 0.919368
vt 0.133288 0.919370
vt 0.154468 0.919371
vt 0.143909 0.919373
vt 0.180965 0.919417
vt 0.117413 0.919429
vt 0.159778 0.919440
vt 0.138598 0.919442
vt 0.195721 0.927213
vt 0.223280 0.927255
vt 0.201757 0.927908
vt 0.217243 0.927931
vt 0.209499 0.928488
vt 0.169665 0.849720
vt 0.127860 0.849721
vt 0.148764 0.849723
vt 0.170925 0.808698
vt 0.126818 0.808701
vt 0.148872 0.808703
vt 0.170679 0.770932
vt 0.126573 0.770934
vt 0.148626 0.770937
vt 0.169069 0.890235
vt 0.126098 0.890238
vt 0.147583 0.890241
vt 0.106958 0.849832
vt 0.190571 0.849832
vt 0.171015 0.731455
vt 0.126909 0.731457
vt 0.148962 0.731459
vt 0.104764 0.808817
vt 0.192983 0.808817
vt 0.104518 0.771051
vt 0.192737 0.771051
vt 0.104613 0.890352
vt 0.190557 0.890352
vt 0.174945 0.849932
vt 0.122580 0.849935
vt 0.185274 0.849938
vt 0.164384 0.849939
vt 0.133142 0.849940
vt 0.143483 0.849940
vt 0.112253 0.849940
vt 0.154044 0.849943
vt 0.104854 0.731566
vt 0.193073 0.731566
vt 0.176496 0.808923
vt 0.121247 0.808926
vt 0.187394 0.808929
vt 0.165353 0.808929
vt 0.132390 0.808931
vt 0.154443 0.808932
vt 0.143301 0.808932
vt 0.110352 0.808933
vt 0.170371 0.925795
vt 0.128009 0.925798
vt 0.149190 0.925800
vt 0.176251 0.771156
vt 0.121002 0.771159
vt 0.187149 0.771162
vt 0.165108 0.771163
vt 0.132145 0.771164
vt 0.154198 0.771165
vt 0.143055 0.771165
vt 0.110107 0.771166
vt 0.174496 0.890456
vt 0.120671 0.890457
vt 0.163640 0.890460
vt 0.185112 0.890461
vt 0.131527 0.890463
vt 0.110056 0.890463
vt 0.153011 0.890464
vt 0.142156 0.890464
vt 0.176587 0.731664
vt 0.121338 0.731668
vt 0.187485 0.731670
vt 0.165444 0.731671
vt 0.132481 0.731672
vt 0.154534 0.731673
vt 0.143391 0.731673
vt 0.110443 0.731674
vt 0.106828 0.925909
vt 0.191555 0.925909
vt 0.175722 0.926010
vt 0.122659 0.926014
vt 0.180110 0.850186
vt 0.186188 0.926016
vt 0.165020 0.926017
vt 0.133361 0.926019
vt 0.117416 0.850189
vt 0.138313 0.850189
vt 0.154541 0.926019
vt 0.143840 0.926019
vt 0.159215 0.850190
vt 0.112196 0.926020
vt 0.181945 0.809190
vt 0.159899 0.809193
vt 0.115800 0.809194
vt 0.137846 0.809194
vt 0.181700 0.771423
vt 0.159654 0.771427
vt 0.115555 0.771428
vt 0.137601 0.771428
vt 0.179804 0.890716
vt 0.158327 0.890718
vt 0.115364 0.890719
vt 0.136842 0.890720
vt 0.182036 0.731915
vt 0.159990 0.731918
vt 0.115891 0.731919
vt 0.137937 0.731919
vt 0.180955 0.926267
vt 0.159781 0.926270
vt 0.117427 0.926271
vt 0.138601 0.926271
vt 0.197631 0.932021
vt 0.221356 0.932057
vt 0.202433 0.933945
vt 0.216548 0.933966
vt 0.209489 0.934976
vt 0.104764 0.813552
vt 0.111175 0.813552
vt 0.115791 0.813552
vt 0.120407 0.813552
vt 0.126818 0.813552
vt 0.133230 0.813552
vt 0.137846 0.813552
vt 0.142462 0.813552
vt 0.148873 0.813552
vt 0.155284 0.813552
vt 0.159900 0.813552
vt 0.164516 0.813552
vt 0.170928 0.813552
vt 0.177339 0.813552
vt 0.181955 0.813552
vt 0.186571 0.813552
vt 0.192983 0.813552
vt 0.106958 0.854321
vt 0.113034 0.854321
vt 0.117409 0.854321
vt 0.121784 0.854321
vt 0.127861 0.854321
vt 0.133938 0.854321
vt 0.138313 0.854321
vt 0.142688 0.854321
vt 0.148764 0.854321
vt 0.154841 0.854321
vt 0.159216 0.854321
vt 0.163591 0.854321
vt 0.169668 0.854321
vt 0.175744 0.854321
vt 0.180119 0.854321
vt 0.184494 0.854321
vt 0.190571 0.854321
vt 0.104518 0.775785
vt 0.110930 0.775785
vt 0.115546 0.775785
vt 0.120162 0.775785
vt 0.126573 0.775785
vt 0.132985 0.775785
vt 0.137600 0.775785
vt 0.142216 0.775785
vt 0.148628 0.775785
vt 0.155039 0.775785
vt 0.159655 0.775785
vt 0.164271 0.775785
vt 0.170683 0.775785
vt 0.177094 0.775785
vt 0.181710 0.775785
vt 0.186326 0.775785
vt 0.192737 0.775785
vt 0.104613 0.894968
vt 0.110859 0.894968
vt 0.115356 0.894968
vt 0.119853 0.894968
vt 0.126099 0.894968
vt 0.132345 0.894968
vt 0.136842 0.894968
vt 0.141339 0.894968
vt 0.147585 0.894968
vt 0.153831 0.894968
vt 0.158328 0.894968
vt 0.162825 0.894968
vt 0.169071 0.894968
vt 0.175317 0.894968
vt 0.179814 0.894968
vt 0.184311 0.894968
vt 0.190557 0.894968
vt 0.104854 0.735996
vt 0.111266 0.735996
vt 0.115882 0.735996
vt 0.120498 0.735996
vt 0.126909 0.735996
vt 0.133321 0.735996
vt 0.137937 0.735996
vt 0.142552 0.735996
vt 0.148964 0.735996
vt 0.155375 0.735996
vt 0.159991 0.735996
vt 0.164607 0.735996
vt 0.171019 0.735996
vt 0.177430 0.735996
vt 0.182046 0.735996
vt 0.186662 0.735996
vt 0.193073 0.735996
vt 0.106828 0.930457
vt 0.112986 0.930457
vt 0.117419 0.930457
vt 0.121852 0.930457
vt 0.128010 0.930457
vt 0.134168 0.930457
vt 0.138601 0.930457
vt 0.143034 0.930457
vt 0.149192 0.930457
vt 0.155349 0.930457
vt 0.159783 0.930457
vt 0.164216 0.930457
vt 0.170374 0.930457
vt 0.176531 0.930457
vt 0.180965 0.930457
vt 0.185398 0.930457
vt 0.191555 0.930457
vt 0.205361 0.937706
vt 0.199163 0.938594
vt 0.211556 0.938609
vt 0.144838 0.938902
vt 0.115839 0.939146
vt 0.116112 0.939308
vt 0.173780 0.939359
vt 0.150704 0.939680
vt 0.138992 0.939817
vt 0.109900 0.939983
vt 0.110186 0.940090
vt 0.121773 0.940026
vt 0.179821 0.940179
vt 0.122017 0.940236
vt 0.167755 0.940285
vt 0.194943 0.940272
vt 0.215773 0.940297
vt 0.154710 0.941224
vt 0.135023 0.941454
vt 0.106139 0.941646
vt 0.105852 0.941581
vt 0.125809 0.941652
vt 0.183942 0.941781
vt 0.126024 0.941892
vt 0.163662 0.941959
vt 0.205354 0.943402
vt 0.198555 0.943893
vt 0.212152 0.943909
vt 0.144901 0.944286
vt 0.193255 0.944489
vt 0.115820 0.944604
vt 0.217450 0.944517
vt 0.116045 0.944746
vt 0.151331 0.944682
vt 0.173829 0.944905
vt 0.138481 0.944832
vt 0.109549 0.945142
vt 0.109305 0.945059
vt 0.122331 0.945105
vt 0.122529 0.945303
vt 0.180452 0.945333
vt 0.156346 0.945193
vt 0.167214 0.945449
vt 0.133479 0.945460
vt 0.104483 0.945653
vt 0.104225 0.945617
vt 0.127406 0.945700
vt 0.185617 0.945874
vt 0.127581 0.945940
vt 0.162060 0.946081
vt 0.192352 0.950684
vt 0.198048 0.950691
vt 0.205345 0.950699
vt 0.212642 0.950708
vt 0.218339 0.950715
vt 0.157261 0.951039
vt 0.151878 0.951102
vt 0.144981 0.951182
vt 0.138085 0.951263
vt 0.132701 0.951326
vt 0.103554 0.951558
vt 0.108992 0.951626
vt 0.103346 0.951551
vt 0.108804 0.951570
vt 0.115795 0.951595
vt 0.122786 0.951620
vt 0.115958 0.951712
vt 0.128243 0.951639
vt 0.122924 0.951798
vt 0.128363 0.951866
vt 0.186542 0.951899
vt 0.180996 0.951947
vt 0.173891 0.952010
vt 0.166787 0.952072
vt 0.161241 0.952121
vt 0.193240 0.956881
vt 0.156483 0.956905
vt 0.217436 0.956910
vt 0.133616 0.957172
vt 0.104336 0.957484
vt 0.104183 0.957490
vt 0.127364 0.957573
vt 0.198539 0.957489
vt 0.212135 0.957506
vt 0.151481 0.957532
vt 0.127434 0.957771
vt 0.138631 0.957682
vt 0.185723 0.957939
vt 0.109388 0.958121
vt 0.162166 0.958146
vt 0.109258 0.958085
vt 0.205337 0.957996
vt 0.122285 0.958131
vt 0.145062 0.958079
vt 0.122368 0.958282
vt 0.180568 0.958570
vt 0.115770 0.958586
vt 0.115872 0.958678
vt 0.167331 0.958687
vt 0.173954 0.959114
vt 0.154939 0.960911
vt 0.194918 0.961102
vt 0.215748 0.961127
vt 0.135253 0.961141
vt 0.105892 0.961531
vt 0.105781 0.961538
vt 0.125738 0.961609
vt 0.125778 0.961778
vt 0.184121 0.962061
vt 0.163840 0.962239
vt 0.150971 0.962548
vt 0.139258 0.962684
vt 0.199135 0.962789
vt 0.211527 0.962804
vt 0.109900 0.963188
vt 0.109817 0.963164
vt 0.121690 0.963207
vt 0.121730 0.963335
vt 0.145124 0.963463
vt 0.180028 0.963735
vt 0.167962 0.963841
vt 0.205330 0.963693
vt 0.115804 0.964116
vt 0.115750 0.964044
vt 0.174003 0.964660
vt 0.517066 0.033973
vt 0.597661 0.033973
vt 0.433485 0.033973
vt 0.517066 0.033973
vt 0.597661 0.033973
vt 0.433485 0.033973
vt 0.531714 0.033973
vt 0.612309 0.033973
vt 0.448134 0.033973
vt 0.531714 0.033973
vt 0.612309 0.033973
vt 0.448134 0.033973
vt 0.571409 0.033973
vt 0.652004 0.033973
vt 0.487829 0.033973
vt 0.571409 0.033973
vt 0.652004 0.033973
vt 0.487829 0.033973
vt 0.582288 0.033973
vt 0.662883 0.033973
vt 0.498708 0.033973
vt 0.582288 0.033973
vt 0.662883 0.033973
vt 0.498708 0.033973
vt 0.517066 0.065338
vt 0.597661 0.065338
vt 0.433485 0.065338
vt 0.517066 0.065338
vt 0.597661 0.065338
vt 0.433485 0.065338
vt 0.531484 0.065338
vt 0.612079 0.065338
vt 0.447904 0.065338
vt 0.531484 0.065338
vt 0.612079 0.065338
vt 0.447904 0.065338
vt 0.571179 0.065338
vt 0.651775 0.065338
vt 0.487599 0.065338
vt 0.571179 0.065338
vt 0.651775 0.065338
vt 0.487599 0.065338
vt 0.582288 0.065338
vt 0.662883 0.065338
vt 0.498708 0.065338
vt 0.582288 0.065338
vt 0.662883 0.065338
vt 0.498708 0.065338
vt 0.519379 0.068156
vt 0.599974 0.068156
vt 0.435799 0.068156
vt 0.519379 0.068156
vt 0.599974 0.068156
vt 0.435799 0.068156
vt 0.529150 0.068156
vt 0.609745 0.068156
vt 0.445570 0.068156
vt 0.529150 0.068156
vt 0.609745 0.068156
vt 0.445570 0.068156
vt 0.580587 0.068518
vt 0.661182 0.068518
vt 0.497007 0.068518
vt 0.580587 0.068518
vt 0.661182 0.068518
vt 0.497007 0.068518
vt 0.572857 0.068518
vt 0.653452 0.068518
vt 0.489277 0.068518
vt 0.572857 0.068518
vt 0.653452 0.068518
vt 0.489277 0.068518
vt 0.572804 0.077841
vt 0.653399 0.077841
vt 0.489223 0.077841
vt 0.572804 0.077841
vt 0.653399 0.077841
vt 0.489223 0.077841
vt 0.580572 0.077841
vt 0.661167 0.077841
vt 0.496992 0.077841
vt 0.580572 0.077841
vt 0.661167 0.077841
vt 0.496992 0.077841
vt 0.529099 0.078204
vt 0.609694 0.078204
vt 0.445518 0.078204
vt 0.529099 0.078204
vt 0.609694 0.078204
vt 0.445518 0.078204
vt 0.519357 0.078204
vt 0.599952 0.078204
vt 0.435776 0.078204
vt 0.519357 0.078204
vt 0.599952 0.078204
vt 0.435776 0.078204
vt 0.531369 0.081021
vt 0.611964 0.081021
vt 0.447789 0.081021
vt 0.531369 0.081021
vt 0.611964 0.081021
vt 0.447789 0.081021
vt 0.517066 0.081021
vt 0.597661 0.081021
vt 0.433485 0.081021
vt 0.517066 0.081021
vt 0.597661 0.081021
vt 0.433485 0.081021
vt 0.571064 0.081021
vt 0.651660 0.081021
vt 0.487484 0.081021
vt 0.571064 0.081021
vt 0.651660 0.081021
vt 0.487484 0.081021
vt 0.582288 0.081021
vt 0.662883 0.081021
vt 0.498708 0.081021
vt 0.582288 0.081021
vt 0.662883 0.081021
vt 0.498708 0.081021
vt 0.531254 0.096704
vt 0.611849 0.096704
vt 0.447674 0.096704
vt 0.531254 0.096704
vt 0.611849 0.096704
vt 0.447674 0.096704
vt 0.517066 0.096704
vt 0.597661 0.096704
vt 0.433485 0.096704
vt 0.517066 0.096704
vt 0.597661 0.096704
vt 0.433485 0.096704
vt 0.582288 0.096704
vt 0.662883 0.096704
vt 0.498708 0.096704
vt 0.582288 0.096704
vt 0.662883 0.096704
vt 0.498708 0.096704
vt 0.570950 0.096704
vt 0.651545 0.096704
vt 0.487369 0.096704
vt 0.570950 0.096704
vt 0.651545 0.096704
vt 0.487369 0.096704
vt 0.519289 0.099521
vt 0.599884 0.099521
vt 0.435708 0.099521
vt 0.519289 0.099521
vt 0.599884 0.099521
vt 0.435708 0.099521
vt 0.529010 0.099521
vt 0.609606 0.099521
vt 0.445430 0.099521
vt 0.529010 0.099521
vt 0.609606 0.099521
vt 0.445430 0.099521
vt 0.580517 0.099883
vt 0.661112 0.099883
vt 0.496936 0.099883
vt 0.580517 0.099883
vt 0.661112 0.099883
vt 0.496936 0.099883
vt 0.572698 0.099883
vt 0.653293 0.099883
vt 0.489117 0.099883
vt 0.572698 0.099883
vt 0.653293 0.099883
vt 0.489117 0.099883
vt 0.580501 0.109207
vt 0.661096 0.109207
vt 0.496921 0.109207
vt 0.580501 0.109207
vt 0.661096 0.109207
vt 0.496921 0.109207
vt 0.572645 0.109207
vt 0.653240 0.109207
vt 0.489065 0.109207
vt 0.572645 0.109207
vt 0.653240 0.109207
vt 0.489065 0.109207
vt 0.519268 0.109569
vt 0.599863 0.109569
vt 0.435687 0.109569
vt 0.519268 0.109569
vt 0.599863 0.109569
vt 0.435687 0.109569
vt 0.528958 0.109569
vt 0.609553 0.109569
vt 0.445378 0.109569
vt 0.528958 0.109569
vt 0.609553 0.109569
vt 0.445378 0.109569
vt 0.517066 0.112386
vt 0.597661 0.112386
vt 0.433485 0.112386
vt 0.517066 0.112386
vt 0.597661 0.112386
vt 0.433485 0.112386
vt 0.531139 0.112386
vt 0.611734 0.112386
vt 0.447559 0.112386
vt 0.531139 0.112386
vt 0.611734 0.112386
vt 0.447559 0.112386
vt 0.570835 0.112386
vt 0.651430 0.112386
vt 0.487254 0.112386
vt 0.570835 0.112386
vt 0.651430 0.112386
vt 0.487254 0.112386
vt 0.582288 0.112386
vt 0.662883 0.112386
vt 0.498708 0.112386
vt 0.582288 0.112386
vt 0.662883 0.112386
vt 0.498708 0.112386
vt 0.517066 0.128069
vt 0.597661 0.128069
vt 0.433485 0.128069
vt 0.517066 0.128069
vt 0.597661 0.128069
vt 0.433485 0.128069
vt 0.531024 0.128069
vt 0.611620 0.128069
vt 0.447444 0.128069
vt 0.531024 0.128069
vt 0.611620 0.128069
vt 0.447444 0.128069
vt 0.570720 0.128069
vt 0.651315 0.128069
vt 0.487139 0.128069
vt 0.570720 0.128069
vt 0.651315 0.128069
vt 0.487139 0.128069
vt 0.582288 0.128069
vt 0.662883 0.128069
vt 0.498708 0.128069
vt 0.582288 0.128069
vt 0.662883 0.128069
vt 0.498708 0.128069
vt 0.519203 0.130886
vt 0.599798 0.130886
vt 0.435622 0.130886
vt 0.519203 0.130886
vt 0.599798 0.130886
vt 0.435622 0.130886
vt 0.528867 0.130886
vt 0.609462 0.130886
vt 0.445286 0.130886
vt 0.528867 0.130886
vt 0.609462 0.130886
vt 0.445286 0.130886
vt 0.580443 0.131248
vt 0.661038 0.131248
vt 0.496863 0.131248
vt 0.580443 0.131248
vt 0.661038 0.131248
vt 0.496863 0.131248
vt 0.572541 0.131248
vt 0.653137 0.131248
vt 0.488961 0.131248
vt 0.572541 0.131248
vt 0.653137 0.131248
vt 0.488961 0.131248
vt 0.572490 0.140572
vt 0.653085 0.140572
vt 0.488909 0.140572
vt 0.572490 0.140572
vt 0.653085 0.140572
vt 0.488909 0.140572
vt 0.580426 0.140572
vt 0.661022 0.140572
vt 0.496846 0.140572
vt 0.580426 0.140572
vt 0.661022 0.140572
vt 0.496846 0.140572
vt 0.528813 0.140934
vt 0.609408 0.140934
vt 0.445233 0.140934
vt 0.528813 0.140934
vt 0.609408 0.140934
vt 0.445233 0.140934
vt 0.519183 0.140934
vt 0.599778 0.140934
vt 0.435603 0.140934
vt 0.519183 0.140934
vt 0.599778 0.140934
vt 0.435603 0.140934
vt 0.530909 0.143751
vt 0.611505 0.143751
vt 0.447329 0.143751
vt 0.530909 0.143751
vt 0.611505 0.143751
vt 0.447329 0.143751
vt 0.517066 0.143751
vt 0.597661 0.143751
vt 0.433485 0.143751
vt 0.517066 0.143751
vt 0.597661 0.143751
vt 0.433485 0.143751
vt 0.582288 0.143751
vt 0.662883 0.143751
vt 0.498708 0.143751
vt 0.582288 0.143751
vt 0.662883 0.143751
vt 0.498708 0.143751
vt 0.570605 0.143751
vt 0.651200 0.143751
vt 0.487025 0.143751
vt 0.570605 0.143751
vt 0.651200 0.143751
vt 0.487025 0.143751
vt 0.530795 0.159434
vt 0.611390 0.159434
vt 0.447214 0.159434
vt 0.530795 0.159434
vt 0.611390 0.159434
vt 0.447214 0.159434
vt 0.517066 0.159434
vt 0.597661 0.159434
vt 0.433485 0.159434
vt 0.517066 0.159434
vt 0.597661 0.159434
vt 0.433485 0.159434
vt 0.582288 0.159434
vt 0.662883 0.159434
vt 0.498708 0.159434
vt 0.582288 0.159434
vt 0.662883 0.159434
vt 0.498708 0.159434
vt 0.570490 0.159434
vt 0.651085 0.159434
vt 0.486910 0.159434
vt 0.570490 0.159434
vt 0.651085 0.159434
vt 0.486910 0.159434
vt 0.519121 0.162251
vt 0.599716 0.162251
vt 0.435540 0.162251
vt 0.519121 0.162251
vt 0.599716 0.162251
vt 0.435540 0.162251
vt 0.528719 0.162251
vt 0.609314 0.162251
vt 0.445139 0.162251
vt 0.528719 0.162251
vt 0.609314 0.162251
vt 0.445139 0.162251
vt 0.580366 0.162613
vt 0.660962 0.162613
vt 0.496786 0.162613
vt 0.580366 0.162613
vt 0.660962 0.162613
vt 0.496786 0.162613
vt 0.572388 0.162613
vt 0.652983 0.162613
vt 0.488808 0.162613
vt 0.572388 0.162613
vt 0.652983 0.162613
vt 0.488808 0.162613
vt 0.572337 0.171937
vt 0.652933 0.171937
vt 0.488757 0.171937
vt 0.572337 0.171937
vt 0.652933 0.171937
vt 0.488757 0.171937
vt 0.580349 0.171937
vt 0.660944 0.171937
vt 0.496769 0.171937
vt 0.580349 0.171937
vt 0.660944 0.171937
vt 0.496769 0.171937
vt 0.519102 0.172299
vt 0.599697 0.172299
vt 0.435521 0.172299
vt 0.519102 0.172299
vt 0.599697 0.172299
vt 0.435521 0.172299
vt 0.528664 0.172299
vt 0.609259 0.172299
vt 0.445084 0.172299
vt 0.528664 0.172299
vt 0.609259 0.172299
vt 0.445084 0.172299
vt 0.530680 0.175116
vt 0.611275 0.175116
vt 0.447099 0.175116
vt 0.530680 0.175116
vt 0.611275 0.175116
vt 0.447099 0.175116
vt 0.517066 0.175116
vt 0.597661 0.175116
vt 0.433485 0.175116
vt 0.517066 0.175116
vt 0.597661 0.175116
vt 0.433485 0.175116
vt 0.582288 0.175116
vt 0.662883 0.175116
vt 0.498708 0.175116
vt 0.582288 0.175116
vt 0.662883 0.175116
vt 0.498708 0.175116
vt 0.570375 0.175116
vt 0.650970 0.175116
vt 0.486795 0.175116
vt 0.570375 0.175116
vt 0.650970 0.175116
vt 0.486795 0.175116
vt 0.517066 0.190799
vt 0.597661 0.190799
vt 0.433485 0.190799
vt 0.517066 0.190799
vt 0.597661 0.190799
vt 0.433485 0.190799
vt 0.530565 0.190799
vt 0.611160 0.190799
vt 0.446984 0.190799
vt 0.530565 0.190799
vt 0.611160 0.190799
vt 0.446984 0.190799
vt 0.570260 0.190799
vt 0.650855 0.190799
vt 0.486680 0.190799
vt 0.570260 0.190799
vt 0.650855 0.190799
vt 0.486680 0.190799
vt 0.582288 0.190799
vt 0.662883 0.190799
vt 0.498708 0.190799
vt 0.582288 0.190799
vt 0.662883 0.190799
vt 0.498708 0.190799
vt 0.528568 0.193616
vt 0.609163 0.193616
vt 0.444987 0.193616
vt 0.528568 0.193616
vt 0.609163 0.193616
vt 0.444987 0.193616
vt 0.519042 0.193616
vt 0.599637 0.193616
vt 0.435462 0.193616
vt 0.519042 0.193616
vt 0.599637 0.193616
vt 0.435462 0.193616
vt 0.572238 0.193978
vt 0.652834 0.193978
vt 0.488658 0.193978
vt 0.572238 0.193978
vt 0.652834 0.193978
vt 0.488658 0.193978
vt 0.580286 0.193978
vt 0.660882 0.193978
vt 0.496706 0.193978
vt 0.580286 0.193978
vt 0.660882 0.193978
vt 0.496706 0.193978
vt 0.572188 0.203302
vt 0.652784 0.203302
vt 0.488608 0.203302
vt 0.572188 0.203302
vt 0.652784 0.203302
vt 0.488608 0.203302
vt 0.580268 0.203302
vt 0.660863 0.203302
vt 0.496688 0.203302
vt 0.580268 0.203302
vt 0.660863 0.203302
vt 0.496688 0.203302
vt 0.519024 0.203664
vt 0.599619 0.203664
vt 0.435444 0.203664
vt 0.519024 0.203664
vt 0.599619 0.203664
vt 0.435444 0.203664
vt 0.528512 0.203664
vt 0.609107 0.203664
vt 0.444932 0.203664
vt 0.528512 0.203664
vt 0.609107 0.203664
vt 0.444932 0.203664
vt 0.530450 0.206481
vt 0.611045 0.206481
vt 0.446870 0.206481
vt 0.530450 0.206481
vt 0.611045 0.206481
vt 0.446870 0.206481
vt 0.517066 0.206481
vt 0.597661 0.206481
vt 0.433485 0.206481
vt 0.517066 0.206481
vt 0.597661 0.206481
vt 0.433485 0.206481
vt 0.570145 0.206481
vt 0.650740 0.206481
vt 0.486565 0.206481
vt 0.570145 0.206481
vt 0.650740 0.206481
vt 0.486565 0.206481
vt 0.582288 0.206481
vt 0.662883 0.206481
vt 0.498708 0.206481
vt 0.582288 0.206481
vt 0.662883 0.206481
vt 0.498708 0.206481
vt 0.530335 0.222164
vt 0.610930 0.222164
vt 0.446755 0.222164
vt 0.530335 0.222164
vt 0.610930 0.222164
vt 0.446755 0.222164
vt 0.517066 0.222164
vt 0.597661 0.222164
vt 0.433485 0.222164
vt 0.517066 0.222164
vt 0.597661 0.222164
vt 0.433485 0.222164
vt 0.570030 0.222164
vt 0.650625 0.222164
vt 0.486450 0.222164
vt 0.570030 0.222164
vt 0.650625 0.222164
vt 0.486450 0.222164
vt 0.582288 0.222164
vt 0.662883 0.222164
vt 0.498708 0.222164
vt 0.582288 0.222164
vt 0.662883 0.222164
vt 0.498708 0.222164
vt 0.518967 0.224981
vt 0.599562 0.224981
vt 0.435387 0.224981
vt 0.518967 0.224981
vt 0.599562 0.224981
vt 0.435387 0.224981
vt 0.528413 0.224981
vt 0.609008 0.224981
vt 0.444833 0.224981
vt 0.528413 0.224981
vt 0.609008 0.224981
vt 0.444833 0.224981
vt 0.572092 0.225344
vt 0.652687 0.225344
vt 0.488512 0.225344
vt 0.572092 0.225344
vt 0.652687 0.225344
vt 0.488512 0.225344
vt 0.580203 0.225344
vt 0.660798 0.225344
vt 0.496622 0.225344
vt 0.580203 0.225344
vt 0.660798 0.225344
vt 0.496622 0.225344
vt 0.580183 0.234667
vt 0.660779 0.234667
vt 0.496603 0.234667
vt 0.580183 0.234667
vt 0.660779 0.234667
vt 0.496603 0.234667
vt 0.572043 0.234667
vt 0.652638 0.234667
vt 0.488463 0.234667
vt 0.572043 0.234667
vt 0.652638 0.234667
vt 0.488463 0.234667
vt 0.528356 0.235029
vt 0.608952 0.235029
vt 0.444776 0.235029
vt 0.528356 0.235029
vt 0.608952 0.235029
vt 0.444776 0.235029
vt 0.518950 0.235029
vt 0.599545 0.235029
vt 0.435369 0.235029
vt 0.518950 0.235029
vt 0.599545 0.235029
vt 0.435369 0.235029
vt 0.530220 0.237847
vt 0.610815 0.237847
vt 0.446640 0.237847
vt 0.530220 0.237847
vt 0.610815 0.237847
vt 0.446640 0.237847
vt 0.517066 0.237847
vt 0.597661 0.237847
vt 0.433485 0.237847
vt 0.517066 0.237847
vt 0.597661 0.237847
vt 0.433485 0.237847
vt 0.582288 0.237847
vt 0.662883 0.237847
vt 0.498708 0.237847
vt 0.582288 0.237847
vt 0.662883 0.237847
vt 0.498708 0.237847
vt 0.569915 0.237847
vt 0.650510 0.237847
vt 0.486335 0.237847
vt 0.569915 0.237847
vt 0.650510 0.237847
vt 0.486335 0.237847
vt 0.517066 0.253529
vt 0.597661 0.253529
vt 0.433485 0.253529
vt 0.517066 0.253529
vt 0.597661 0.253529
vt 0.433485 0.253529
vt 0.530105 0.253529
vt 0.610700 0.253529
vt 0.446525 0.253529
vt 0.530105 0.253529
vt 0.610700 0.253529
vt 0.446525 0.253529
vt 0.582288 0.253529
vt 0.662883 0.253529
vt 0.498708 0.253529
vt 0.582288 0.253529
vt 0.662883 0.253529
vt 0.498708 0.253529
vt 0.569800 0.253529
vt 0.650396 0.253529
vt 0.486220 0.253529
vt 0.569800 0.253529
vt 0.650396 0.253529
vt 0.486220 0.253529
vt 0.518895 0.256346
vt 0.599490 0.256346
vt 0.435315 0.256346
vt 0.518895 0.256346
vt 0.599490 0.256346
vt 0.435315 0.256346
vt 0.528255 0.256346
vt 0.608850 0.256346
vt 0.444675 0.256346
vt 0.528255 0.256346
vt 0.608850 0.256346
vt 0.444675 0.256346
vt 0.580115 0.256709
vt 0.660710 0.256709
vt 0.496535 0.256709
vt 0.580115 0.256709
vt 0.660710 0.256709
vt 0.496535 0.256709
vt 0.571950 0.256709
vt 0.652545 0.256709
vt 0.488369 0.256709
vt 0.571950 0.256709
vt 0.652545 0.256709
vt 0.488369 0.256709
vt 0.571902 0.266032
vt 0.652497 0.266032
vt 0.488322 0.266032
vt 0.571902 0.266032
vt 0.652497 0.266032
vt 0.488322 0.266032
vt 0.580095 0.266032
vt 0.660690 0.266032
vt 0.496515 0.266032
vt 0.580095 0.266032
vt 0.660690 0.266032
vt 0.496515 0.266032
vt 0.528198 0.266394
vt 0.608793 0.266394
vt 0.444618 0.266394
vt 0.528198 0.266394
vt 0.608793 0.266394
vt 0.444618 0.266394
vt 0.518878 0.266394
vt 0.599474 0.266394
vt 0.435298 0.266394
vt 0.518878 0.266394
vt 0.599474 0.266394
vt 0.435298 0.266394
vt 0.529990 0.269212
vt 0.610585 0.269212
vt 0.446410 0.269212
vt 0.529990 0.269212
vt 0.610585 0.269212
vt 0.446410 0.269212
vt 0.517066 0.269212
vt 0.597661 0.269212
vt 0.433485 0.269212
vt 0.517066 0.269212
vt 0.597661 0.269212
vt 0.433485 0.269212
vt 0.569685 0.269212
vt 0.650281 0.269212
vt 0.486105 0.269212
vt 0.569685 0.269212
vt 0.650281 0.269212
vt 0.486105 0.269212
vt 0.582288 0.269212
vt 0.662883 0.269212
vt 0.498708 0.269212
vt 0.582288 0.269212
vt 0.662883 0.269212
vt 0.498708 0.269212
vt 0.529875 0.284894
vt 0.610470 0.284894
vt 0.446295 0.284894
vt 0.529875 0.284894
vt 0.610470 0.284894
vt 0.446295 0.284894
vt 0.517066 0.284894
vt 0.597661 0.284894
vt 0.433485 0.284894
vt 0.517066 0.284894
vt 0.597661 0.284894
vt 0.433485 0.284894
vt 0.569570 0.284894
vt 0.650166 0.284894
vt 0.485990 0.284894
vt 0.569570 0.284894
vt 0.650166 0.284894
vt 0.485990 0.284894
vt 0.582288 0.284894
vt 0.662883 0.284894
vt 0.498708 0.284894
vt 0.582288 0.284894
vt 0.662883 0.284894
vt 0.498708 0.284894
vt 0.823569 0.046026
vt 0.897504 0.046026
vt 0.743719 0.046026
vt 0.823569 0.046026
vt 0.897504 0.046026
vt 0.743719 0.046026
vt 0.838082 0.046026
vt 0.912017 0.046026
vt 0.758232 0.046026
vt 0.838082 0.046026
vt 0.912017 0.046026
vt 0.758232 0.046026
vt 0.877410 0.046026
vt 0.951345 0.046026
vt 0.797560 0.046026
vt 0.877410 0.046026
vt 0.951345 0.046026
vt 0.797560 0.046026
vt 0.888188 0.046026
vt 0.962123 0.046026
vt 0.808339 0.046026
vt 0.888188 0.046026
vt 0.962123 0.046026
vt 0.808339 0.046026
vt 0.823569 0.077101
vt 0.897504 0.077101
vt 0.743719 0.077101
vt 0.823569 0.077101
vt 0.897504 0.077101
vt 0.743719 0.077101
vt 0.837854 0.077101
vt 0.911789 0.077101
vt 0.758005 0.077101
vt 0.837854 0.077101
vt 0.911789 0.077101
vt 0.758005 0.077101
vt 0.877183 0.077101
vt 0.951118 0.077101
vt 0.797333 0.077101
vt 0.877183 0.077101
vt 0.951118 0.077101
vt 0.797333 0.077101
vt 0.888188 0.077101
vt 0.962123 0.077101
vt 0.808339 0.077101
vt 0.888188 0.077101
vt 0.962123 0.077101
vt 0.808339 0.077101
vt 0.825861 0.079892
vt 0.899796 0.079892
vt 0.746011 0.079892
vt 0.825861 0.079892
vt 0.899796 0.079892
vt 0.746011 0.079892
vt 0.835542 0.079892
vt 0.909477 0.079892
vt 0.755692 0.079892
vt 0.835542 0.079892
vt 0.909477 0.079892
vt 0.755692 0.079892
vt 0.886503 0.080251
vt 0.960438 0.080251
vt 0.806653 0.080251
vt 0.886503 0.080251
vt 0.960438 0.080251
vt 0.806653 0.080251
vt 0.878844 0.080251
vt 0.952780 0.080251
vt 0.798995 0.080251
vt 0.878844 0.080251
vt 0.952780 0.080251
vt 0.798995 0.080251
vt 0.878792 0.089488
vt 0.952727 0.089488
vt 0.798942 0.089488
vt 0.878792 0.089488
vt 0.952727 0.089488
vt 0.798942 0.089488
vt 0.886488 0.089488
vt 0.960423 0.089488
vt 0.806638 0.089488
vt 0.886488 0.089488
vt 0.960423 0.089488
vt 0.806638 0.089488
vt 0.835491 0.089847
vt 0.909426 0.089847
vt 0.755641 0.089847
vt 0.835491 0.089847
vt 0.909426 0.089847
vt 0.755641 0.089847
vt 0.825839 0.089847
vt 0.899774 0.089847
vt 0.745989 0.089847
vt 0.825839 0.089847
vt 0.899774 0.089847
vt 0.745989 0.089847
vt 0.837740 0.092639
vt 0.911675 0.092639
vt 0.757891 0.092639
vt 0.837740 0.092639
vt 0.911675 0.092639
vt 0.757891 0.092639
vt 0.823569 0.092639
vt 0.897504 0.092639
vt 0.743719 0.092639
vt 0.823569 0.092639
vt 0.897504 0.092639
vt 0.743719 0.092639
vt 0.877069 0.092639
vt 0.951004 0.092639
vt 0.797219 0.092639
vt 0.877069 0.092639
vt 0.951004 0.092639
vt 0.797219 0.092639
vt 0.888188 0.092639
vt 0.962123 0.092639
vt 0.808339 0.092639
vt 0.888188 0.092639
vt 0.962123 0.092639
vt 0.808339 0.092639
vt 0.837627 0.108176
vt 0.911562 0.108176
vt 0.757777 0.108176
vt 0.837627 0.108176
vt 0.911562 0.108176
vt 0.757777 0.108176
vt 0.823569 0.108176
vt 0.897504 0.108176
vt 0.743719 0.108176
vt 0.823569 0.108176
vt 0.897504 0.108176
vt 0.743719 0.108176
vt 0.888188 0.108176
vt 0.962123 0.108176
vt 0.808339 0.108176
vt 0.888188 0.108176
vt 0.962123 0.108176
vt 0.808339 0.108176
vt 0.876955 0.108176
vt 0.950890 0.108176
vt 0.797105 0.108176
vt 0.876955 0.108176
vt 0.950890 0.108176
vt 0.797105 0.108176
vt 0.825772 0.110967
vt 0.899707 0.110967
vt 0.745922 0.110967
vt 0.825772 0.110967
vt 0.899707 0.110967
vt 0.745922 0.110967
vt 0.835404 0.110967
vt 0.909339 0.110967
vt 0.755554 0.110967
vt 0.835404 0.110967
vt 0.909339 0.110967
vt 0.755554 0.110967
vt 0.886433 0.111326
vt 0.960368 0.111326
vt 0.806584 0.111326
vt 0.886433 0.111326
vt 0.960368 0.111326
vt 0.806584 0.111326
vt 0.878687 0.111326
vt 0.952622 0.111326
vt 0.798837 0.111326
vt 0.878687 0.111326
vt 0.952622 0.111326
vt 0.798837 0.111326
vt 0.886418 0.120563
vt 0.960353 0.120563
vt 0.806568 0.120563
vt 0.886418 0.120563
vt 0.960353 0.120563
vt 0.806568 0.120563
vt 0.878635 0.120563
vt 0.952570 0.120563
vt 0.798785 0.120563
vt 0.878635 0.120563
vt 0.952570 0.120563
vt 0.798785 0.120563
vt 0.825751 0.120922
vt 0.899686 0.120922
vt 0.745901 0.120922
vt 0.825751 0.120922
vt 0.899686 0.120922
vt 0.745901 0.120922
vt 0.835351 0.120922
vt 0.909286 0.120922
vt 0.755502 0.120922
vt 0.835351 0.120922
vt 0.909286 0.120922
vt 0.755502 0.120922
vt 0.823569 0.123714
vt 0.897504 0.123714
vt 0.743719 0.123714
vt 0.823569 0.123714
vt 0.897504 0.123714
vt 0.743719 0.123714
vt 0.837513 0.123714
vt 0.911448 0.123714
vt 0.757663 0.123714
vt 0.837513 0.123714
vt 0.911448 0.123714
vt 0.757663 0.123714
vt 0.876841 0.123714
vt 0.950776 0.123714
vt 0.796991 0.123714
vt 0.876841 0.123714
vt 0.950776 0.123714
vt 0.796991 0.123714
vt 0.888188 0.123714
vt 0.962123 0.123714
vt 0.808339 0.123714
vt 0.888188 0.123714
vt 0.962123 0.123714
vt 0.808339 0.123714
vt 0.823569 0.139251
vt 0.897504 0.139251
vt 0.743719 0.139251
vt 0.823569 0.139251
vt 0.897504 0.139251
vt 0.743719 0.139251
vt 0.837399 0.139251
vt 0.911334 0.139251
vt 0.757549 0.139251
vt 0.837399 0.139251
vt 0.911334 0.139251
vt 0.757549 0.139251
vt 0.876727 0.139251
vt 0.950662 0.139251
vt 0.796877 0.139251
vt 0.876727 0.139251
vt 0.950662 0.139251
vt 0.796877 0.139251
vt 0.888188 0.139251
vt 0.962123 0.139251
vt 0.808339 0.139251
vt 0.888188 0.139251
vt 0.962123 0.139251
vt 0.808339 0.139251
vt 0.825687 0.142042
vt 0.899622 0.142042
vt 0.745837 0.142042
vt 0.825687 0.142042
vt 0.899622 0.142042
vt 0.745837 0.142042
vt 0.835261 0.142042
vt 0.909196 0.142042
vt 0.755411 0.142042
vt 0.835261 0.142042
vt 0.909196 0.142042
vt 0.755411 0.142042
vt 0.886361 0.142401
vt 0.960296 0.142401
vt 0.806511 0.142401
vt 0.886361 0.142401
vt 0.960296 0.142401
vt 0.806511 0.142401
vt 0.878532 0.142401
vt 0.952467 0.142401
vt 0.798682 0.142401
vt 0.878532 0.142401
vt 0.952467 0.142401
vt 0.798682 0.142401
vt 0.878481 0.151638
vt 0.952416 0.151638
vt 0.798631 0.151638
vt 0.878481 0.151638
vt 0.952416 0.151638
vt 0.798631 0.151638
vt 0.886344 0.151638
vt 0.960279 0.151638
vt 0.806494 0.151638
vt 0.886344 0.151638
vt 0.960279 0.151638
vt 0.806494 0.151638
vt 0.835208 0.151997
vt 0.909143 0.151997
vt 0.755358 0.151997
vt 0.835208 0.151997
vt 0.909143 0.151997
vt 0.755358 0.151997
vt 0.825667 0.151997
vt 0.899602 0.151997
vt 0.745817 0.151997
vt 0.825667 0.151997
vt 0.899602 0.151997
vt 0.745817 0.151997
vt 0.837285 0.154789
vt 0.911220 0.154789
vt 0.757435 0.154789
vt 0.837285 0.154789
vt 0.911220 0.154789
vt 0.757435 0.154789
vt 0.823569 0.154789
vt 0.897504 0.154789
vt 0.743719 0.154789
vt 0.823569 0.154789
vt 0.897504 0.154789
vt 0.743719 0.154789
vt 0.888188 0.154789
vt 0.962123 0.154789
vt 0.808339 0.154789
vt 0.888188 0.154789
vt 0.962123 0.154789
vt 0.808339 0.154789
vt 0.876613 0.154789
vt 0.950548 0.154789
vt 0.796763 0.154789
vt 0.876613 0.154789
vt 0.950548 0.154789
vt 0.796763 0.154789
vt 0.837171 0.170326
vt 0.911106 0.170326
vt 0.757321 0.170326
vt 0.837171 0.170326
vt 0.911106 0.170326
vt 0.757321 0.170326
vt 0.823569 0.170326
vt 0.897504 0.170326
vt 0.743719 0.170326
vt 0.823569 0.170326
vt 0.897504 0.170326
vt 0.743719 0.170326
vt 0.888188 0.170326
vt 0.962123 0.170326
vt 0.808339 0.170326
vt 0.888188 0.170326
vt 0.962123 0.170326
vt 0.808339 0.170326
vt 0.876499 0.170326
vt 0.950434 0.170326
vt 0.796650 0.170326
vt 0.876499 0.170326
vt 0.950434 0.170326
vt 0.796650 0.170326
vt 0.825605 0.173117
vt 0.899540 0.173117
vt 0.745755 0.173117
vt 0.825605 0.173117
vt 0.899540 0.173117
vt 0.745755 0.173117
vt 0.835115 0.173117
vt 0.909050 0.173117
vt 0.755265 0.173117
vt 0.835115 0.173117
vt 0.909050 0.173117
vt 0.755265 0.173117
vt 0.886285 0.173476
vt 0.960220 0.173476
vt 0.806435 0.173476
vt 0.886285 0.173476
vt 0.960220 0.173476
vt 0.806435 0.173476
vt 0.878380 0.173476
vt 0.952315 0.173476
vt 0.798530 0.173476
vt 0.878380 0.173476
vt 0.952315 0.173476
vt 0.798530 0.173476
vt 0.878330 0.182713
vt 0.952265 0.182713
vt 0.798480 0.182713
vt 0.878330 0.182713
vt 0.952265 0.182713
vt 0.798480 0.182713
vt 0.886267 0.182713
vt 0.960202 0.182713
vt 0.806417 0.182713
vt 0.886267 0.182713
vt 0.960202 0.182713
vt 0.806417 0.182713
vt 0.825586 0.183072
vt 0.899521 0.183072
vt 0.745737 0.183072
vt 0.825586 0.183072
vt 0.899521 0.183072
vt 0.745737 0.183072
vt 0.835060 0.183072
vt 0.908996 0.183072
vt 0.755211 0.183072
vt 0.835060 0.183072
vt 0.908996 0.183072
vt 0.755211 0.183072
vt 0.837057 0.185864
vt 0.910992 0.185864
vt 0.757208 0.185864
vt 0.837057 0.185864
vt 0.910992 0.185864
vt 0.757208 0.185864
vt 0.823569 0.185864
vt 0.897504 0.185864
vt 0.743719 0.185864
vt 0.823569 0.185864
vt 0.897504 0.185864
vt 0.743719 0.185864
vt 0.888188 0.185864
vt 0.962123 0.185864
vt 0.808339 0.185864
vt 0.888188 0.185864
vt 0.962123 0.185864
vt 0.808339 0.185864
vt 0.876386 0.185864
vt 0.950321 0.185864
vt 0.796536 0.185864
vt 0.876386 0.185864
vt 0.950321 0.185864
vt 0.796536 0.185864
vt 0.823569 0.201401
vt 0.897504 0.201401
vt 0.743719 0.201401
vt 0.823569 0.201401
vt 0.897504 0.201401
vt 0.743719 0.201401
vt 0.836944 0.201401
vt 0.910879 0.201401
vt 0.757094 0.201401
vt 0.836944 0.201401
vt 0.910879 0.201401
vt 0.757094 0.201401
vt 0.876272 0.201401
vt 0.950207 0.201401
vt 0.796422 0.201401
vt 0.876272 0.201401
vt 0.950207 0.201401
vt 0.796422 0.201401
vt 0.888188 0.201401
vt 0.962123 0.201401
vt 0.808339 0.201401
vt 0.888188 0.201401
vt 0.962123 0.201401
vt 0.808339 0.201401
vt 0.834965 0.204192
vt 0.908900 0.204192
vt 0.755115 0.204192
vt 0.834965 0.204192
vt 0.908900 0.204192
vt 0.755115 0.204192
vt 0.825527 0.204192
vt 0.899462 0.204192
vt 0.745678 0.204192
vt 0.825527 0.204192
vt 0.899462 0.204192
vt 0.745678 0.204192
vt 0.878232 0.204551
vt 0.952167 0.204551
vt 0.798382 0.204551
vt 0.878232 0.204551
vt 0.952167 0.204551
vt 0.798382 0.204551
vt 0.886205 0.204551
vt 0.960140 0.204551
vt 0.806355 0.204551
vt 0.886205 0.204551
vt 0.960140 0.204551
vt 0.806355 0.204551
vt 0.878182 0.213788
vt 0.952117 0.213788
vt 0.798332 0.213788
vt 0.878182 0.213788
vt 0.952117 0.213788
vt 0.798332 0.213788
vt 0.886187 0.213788
vt 0.960122 0.213788
vt 0.806337 0.213788
vt 0.886187 0.213788
vt 0.960122 0.213788
vt 0.806337 0.213788
vt 0.825510 0.214147
vt 0.899445 0.214147
vt 0.745660 0.214147
vt 0.825510 0.214147
vt 0.899445 0.214147
vt 0.745660 0.214147
vt 0.834910 0.214147
vt 0.908845 0.214147
vt 0.755060 0.214147
vt 0.834910 0.214147
vt 0.908845 0.214147
vt 0.755060 0.214147
vt 0.836830 0.216939
vt 0.910765 0.216939
vt 0.756980 0.216939
vt 0.836830 0.216939
vt 0.910765 0.216939
vt 0.756980 0.216939
vt 0.823569 0.216939
vt 0.897504 0.216939
vt 0.743719 0.216939
vt 0.823569 0.216939
vt 0.897504 0.216939
vt 0.743719 0.216939
vt 0.876158 0.216939
vt 0.950093 0.216939
vt 0.796308 0.216939
vt 0.876158 0.216939
vt 0.950093 0.216939
vt 0.796308 0.216939
vt 0.888188 0.216939
vt 0.962123 0.216939
vt 0.808339 0.216939
vt 0.888188 0.216939
vt 0.962123 0.216939
vt 0.808339 0.216939
vt 0.836716 0.232476
vt 0.910651 0.232476
vt 0.756866 0.232476
vt 0.836716 0.232476
vt 0.910651 0.232476
vt 0.756866 0.232476
vt 0.823569 0.232476
vt 0.897504 0.232476
vt 0.743719 0.232476
vt 0.823569 0.232476
vt 0.897504 0.232476
vt 0.743719 0.232476
vt 0.876044 0.232476
vt 0.949979 0.232476
vt 0.796194 0.232476
vt 0.876044 0.232476
vt 0.949979 0.232476
vt 0.796194 0.232476
vt 0.888188 0.232476
vt 0.962123 0.232476
vt 0.808339 0.232476
vt 0.888188 0.232476
vt 0.962123 0.232476
vt 0.808339 0.232476
vt 0.825453 0.235267
vt 0.899388 0.235267
vt 0.745603 0.235267
vt 0.825453 0.235267
vt 0.899388 0.235267
vt 0.745603 0.235267
vt 0.834812 0.235267
vt 0.908747 0.235267
vt 0.754962 0.235267
vt 0.834812 0.235267
vt 0.908747 0.235267
vt 0.754962 0.235267
vt 0.878087 0.235626
vt 0.952022 0.235626
vt 0.798237 0.235626
vt 0.878087 0.235626
vt 0.952022 0.235626
vt 0.798237 0.235626
vt 0.886122 0.235626
vt 0.960057 0.235626
vt 0.806273 0.235626
vt 0.886122 0.235626
vt 0.960057 0.235626
vt 0.806273 0.235626
vt 0.886103 0.244863
vt 0.960038 0.244863
vt 0.806253 0.244863
vt 0.886103 0.244863
vt 0.960038 0.244863
vt 0.806253 0.244863
vt 0.878038 0.244864
vt 0.951973 0.244864
vt 0.798188 0.244864
vt 0.878038 0.244864
vt 0.951973 0.244864
vt 0.798188 0.244864
vt 0.834756 0.245222
vt 0.908691 0.245222
vt 0.754906 0.245222
vt 0.834756 0.245222
vt 0.908691 0.245222
vt 0.754906 0.245222
vt 0.825436 0.245222
vt 0.899371 0.245222
vt 0.745586 0.245222
vt 0.825436 0.245222
vt 0.899371 0.245222
vt 0.745586 0.245222
vt 0.836602 0.248014
vt 0.910537 0.248014
vt 0.756752 0.248014
vt 0.836602 0.248014
vt 0.910537 0.248014
vt 0.756752 0.248014
vt 0.823569 0.248014
vt 0.897504 0.248014
vt 0.743719 0.248014
vt 0.823569 0.248014
vt 0.897504 0.248014
vt 0.743719 0.248014
vt 0.888188 0.248014
vt 0.962123 0.248014
vt 0.808339 0.248014
vt 0.888188 0.248014
vt 0.962123 0.248014
vt 0.808339 0.248014
vt 0.875930 0.248014
vt 0.949865 0.248014
vt 0.796080 0.248014
vt 0.875930 0.248014
vt 0.949865 0.248014
vt 0.796080 0.248014
vt 0.823569 0.263551
vt 0.897504 0.263551
vt 0.743719 0.263551
vt 0.823569 0.263551
vt 0.897504 0.263551
vt 0.743719 0.263551
vt 0.836488 0.263551
vt 0.910423 0.263551
vt 0.756638 0.263551
vt 0.836488 0.263551
vt 0.910423 0.263551
vt 0.756638 0.263551
vt 0.888188 0.263551
vt 0.962123 0.263551
vt 0.808339 0.263551
vt 0.888188 0.263551
vt 0.962123 0.263551
vt 0.808339 0.263551
vt 0.875816 0.263551
vt 0.949751 0.263551
vt 0.795966 0.263551
vt 0.875816 0.263551
vt 0.949751 0.263551
vt 0.795966 0.263551
vt 0.825381 0.266342
vt 0.899317 0.266342
vt 0.745532 0.266342
vt 0.825381 0.266342
vt 0.899317 0.266342
vt 0.745532 0.266342
vt 0.834655 0.266342
vt 0.908590 0.266342
vt 0.754805 0.266342
vt 0.834655 0.266342
vt 0.908590 0.266342
vt 0.754805 0.266342
vt 0.886036 0.266701
vt 0.959971 0.266701
vt 0.806186 0.266701
vt 0.886036 0.266701
vt 0.959971 0.266701
vt 0.806186 0.266701
vt 0.877946 0.266701
vt 0.951881 0.266701
vt 0.798096 0.266701
vt 0.877946 0.266701
vt 0.951881 0.266701
vt 0.798096 0.266701
vt 0.877898 0.275939
vt 0.951833 0.275939
vt 0.798048 0.275939
vt 0.877898 0.275939
vt 0.951833 0.275939
vt 0.798048 0.275939
vt 0.886016 0.275939
vt 0.959951 0.275939
vt 0.806166 0.275939
vt 0.886016 0.275939
vt 0.959951 0.275939
vt 0.806166 0.275939
vt 0.834598 0.276297
vt 0.908533 0.276297
vt 0.754749 0.276297
vt 0.834598 0.276297
vt 0.908533 0.276297
vt 0.754749 0.276297
vt 0.825365 0.276298
vt 0.899300 0.276298
vt 0.745515 0.276298
vt 0.825365 0.276298
vt 0.899300 0.276298
vt 0.745515 0.276298
vt 0.836374 0.279089
vt 0.910309 0.279089
vt 0.756524 0.279089
vt 0.836374 0.279089
vt 0.910309 0.279089
vt 0.756524 0.279089
vt 0.823569 0.279089
vt 0.897504 0.279089
vt 0.743719 0.279089
vt 0.823569 0.279089
vt 0.897504 0.279089
vt 0.743719 0.279089
vt 0.875702 0.279089
vt 0.949637 0.279089
vt 0.795853 0.279089
vt 0.875702 0.279089
vt 0.949637 0.279089
vt 0.795853 0.279089
vt 0.888188 0.279089
vt 0.962123 0.279089
vt 0.808339 0.279089
vt 0.888188 0.279089
vt 0.962123 0.279089
vt 0.808339 0.279089
vt 0.836260 0.294626
vt 0.910195 0.294626
vt 0.756410 0.294626
vt 0.836260 0.294626
vt 0.910195 0.294626
vt 0.756410 0.294626
vt 0.823569 0.294626
vt 0.897504 0.294626
vt 0.743719 0.294626
vt 0.823569 0.294626
vt 0.897504 0.294626
vt 0.743719 0.294626
vt 0.875589 0.294626
vt 0.949524 0.294626
vt 0.795739 0.294626
vt 0.875589 0.294626
vt 0.949524 0.294626
vt 0.795739 0.294626
vt 0.888188 0.294626
vt 0.962123 0.294626
vt 0.808339 0.294626
vt 0.888188 0.294626
vt 0.962123 0.294626
vt 0.808339 0.294626
vt 0.694728 0.688392
vt 0.720120 0.688392
vt 0.810463 0.690185
vt 0.867666 0.690185
vt 0.867666 0.693106
vt 0.867666 0.694460
vt 0.839525 0.704163
vt 0.867666 0.716997
vt 0.667203 0.720266
vt 0.694728 0.720266
vt 0.720120 0.720266
vt 0.747644 0.720266
vt 0.810463 0.739534
vt 0.867666 0.739534
vt 0.839777 0.739643
vt 0.667203 0.749671
vt 0.694728 0.749671
vt 0.720120 0.749671
vt 0.747644 0.749671
vt 0.867666 0.762071
vt 0.840040 0.774840
vt 0.694728 0.781546
vt 0.720120 0.781546
vt 0.867666 0.784608
vt 0.867666 0.785962
vt 0.810463 0.788883
vt 0.867666 0.788883
vt 0.671721 0.822332
vt 0.862506 0.822332
vt 0.671721 0.940120
vt 0.862505 0.940120
vt 0.437301 0.743539
vt 0.450779 0.743539
vt 0.464258 0.743539
vt 0.477572 0.743539
vt 0.491576 0.743539
vt 0.513021 0.743539
vt 0.518880 0.743539
vt 0.546218 0.743539
vt 0.549120 0.743539
vt 0.491846 0.749774
vt 0.464481 0.749794
vt 0.477927 0.749795
vt 0.518836 0.749797
vt 0.513073 0.749801
vt 0.549120 0.749806
vt 0.437301 0.749806
vt 0.450873 0.749806
vt 0.546242 0.749810
vt 0.492059 0.756033
vt 0.518843 0.756060
vt 0.478202 0.756063
vt 0.513132 0.756070
vt 0.464676 0.756072
vt 0.450958 0.756081
vt 0.437301 0.756085
vt 0.549120 0.756085
vt 0.546251 0.756087
vt 0.492255 0.762309
vt 0.518891 0.762324
vt 0.478402 0.762335
vt 0.513180 0.762340
vt 0.464830 0.762351
vt 0.451031 0.762358
vt 0.546255 0.762365
vt 0.549120 0.762365
vt 0.437301 0.762365
vt 0.492420 0.768576
vt 0.518950 0.768585
vt 0.478555 0.768599
vt 0.513231 0.768603
vt 0.464948 0.768615
vt 0.451096 0.768625
vt 0.546259 0.768631
vt 0.549120 0.768632
vt 0.437301 0.768632
vt 0.492528 0.774841
vt 0.518991 0.774851
vt 0.478693 0.774865
vt 0.513299 0.774867
vt 0.465054 0.774878
vt 0.451150 0.774891
vt 0.546262 0.774897
vt 0.437301 0.774898
vt 0.549120 0.774898
vt 0.492613 0.781121
vt 0.519029 0.781125
vt 0.513363 0.781139
vt 0.478807 0.781143
vt 0.465142 0.781157
vt 0.451195 0.781170
vt 0.546265 0.781176
vt 0.437301 0.781178
vt 0.549120 0.781178
vt 0.519082 0.787400
vt 0.492711 0.787406
vt 0.513401 0.787414
vt 0.478881 0.787424
vt 0.465201 0.787440
vt 0.451232 0.787450
vt 0.546267 0.787456
vt 0.437301 0.787458
vt 0.549120 0.787458
vt 0.519132 0.793672
vt 0.492795 0.793680
vt 0.513433 0.793684
vt 0.478940 0.793694
vt 0.465255 0.793706
vt 0.451258 0.793717
vt 0.546270 0.793722
vt 0.549120 0.793724
vt 0.437301 0.793724
vt 0.519156 0.799946
vt 0.492834 0.799951
vt 0.513481 0.799955
vt 0.479004 0.799964
vt 0.465304 0.799973
vt 0.451282 0.799984
vt 0.546272 0.799989
vt 0.549120 0.799991
vt 0.437301 0.799991
vt 0.519175 0.806225
vt 0.513522 0.806234
vt 0.492863 0.806235
vt 0.479058 0.806247
vt 0.465346 0.806255
vt 0.451306 0.806265
vt 0.546274 0.806269
vt 0.437301 0.806271
vt 0.549120 0.806271
vt 0.519209 0.812506
vt 0.513537 0.812513
vt 0.492914 0.812522
vt 0.479082 0.812530
vt 0.465365 0.812538
vt 0.451320 0.812546
vt 0.546275 0.812549
vt 0.549120 0.812550
vt 0.437301 0.812550
vt 0.551892 0.814270
vt 0.558747 0.814270
vt 0.565602 0.814270
vt 0.572444 0.814270
vt 0.566198 0.814791
vt 0.572444 0.814921
vt 0.559960 0.815190
vt 0.554119 0.816605
vt 0.572444 0.818156
vt 0.567095 0.818450
vt 0.519238 0.818782
vt 0.513548 0.818787
vt 0.492958 0.818797
vt 0.479099 0.818802
vt 0.465379 0.818807
vt 0.451329 0.818814
vt 0.546276 0.818816
vt 0.549120 0.818817
vt 0.437301 0.818817
vt 0.572444 0.819085
vt 0.562034 0.819212
vt 0.567576 0.819585
vt 0.551892 0.819964
vt 0.563029 0.820678
vt 0.557876 0.820840
vt 0.572444 0.820937
vt 0.568232 0.821728
vt 0.552818 0.821813
vt 0.572444 0.822265
vt 0.572444 0.822560
vt 0.559354 0.822711
vt 0.564362 0.823050
vt 0.568711 0.823313
vt 0.568863 0.823978
vt 0.572444 0.824024
vt 0.572444 0.824541
vt 0.556489 0.824711
vt 0.565334 0.824835
vt 0.519243 0.825058
vt 0.513574 0.825061
vt 0.492963 0.825070
vt 0.479128 0.825074
vt 0.465402 0.825075
vt 0.451341 0.825082
vt 0.546277 0.825082
vt 0.437301 0.825084
vt 0.549120 0.825084
vt 0.561350 0.825139
vt 0.572444 0.825368
vt 0.569436 0.825600
vt 0.551892 0.825658
vt 0.565799 0.825822
vt 0.557789 0.826457
vt 0.569588 0.826510
vt 0.562775 0.827047
vt 0.552545 0.827223
vt 0.569882 0.827624
vt 0.566878 0.827637
vt 0.563439 0.828335
vt 0.559911 0.828548
vt 0.567368 0.828797
vt 0.556060 0.829490
vt 0.572444 0.829534
vt 0.568037 0.830124
vt 0.564924 0.830224
vt 0.561510 0.830316
vt 0.572444 0.830344
vt 0.583840 0.830944
vt 0.582310 0.830960
vt 0.572444 0.831002
vt 0.557206 0.831009
vt 0.519242 0.831339
vt 0.513595 0.831342
vt 0.492961 0.831355
vt 0.479152 0.831357
vt 0.465419 0.831358
vt 0.546278 0.831362
vt 0.451350 0.831363
vt 0.437301 0.831363
vt 0.549120 0.831363
vt 0.551892 0.831364
vt 0.571883 0.831491
vt 0.565649 0.831587
vt 0.562147 0.831716
vt 0.552472 0.832675
vt 0.559352 0.832768
vt 0.572209 0.832794
vt 0.566604 0.833071
vt 0.563802 0.833501
vt 0.583871 0.833998
vt 0.582340 0.834008
vt 0.572444 0.834049
vt 0.571229 0.834157
vt 0.560949 0.834327
vt 0.555911 0.834557
vt 0.564601 0.834926
vt 0.571887 0.835654
vt 0.561514 0.835660
vt 0.556980 0.835863
vt 0.565680 0.836434
vt 0.570680 0.837065
vt 0.551892 0.837070
vt 0.583890 0.837073
vt 0.582355 0.837075
vt 0.572444 0.837104
vt 0.563238 0.837256
vt 0.559144 0.837348
vt 0.519258 0.837621
vt 0.513590 0.837622
vt 0.479150 0.837641
vt 0.492985 0.837641
vt 0.546278 0.837643
vt 0.437301 0.837643
vt 0.549120 0.837643
vt 0.465416 0.837644
vt 0.451353 0.837644
vt 0.552435 0.838163
vt 0.564032 0.838600
vt 0.571628 0.838633
vt 0.560703 0.838703
vt 0.555856 0.839710
vt 0.561213 0.839899
vt 0.565122 0.840007
vt 0.582352 0.840147
vt 0.570296 0.840150
vt 0.583887 0.840152
vt 0.572444 0.840158
vt 0.556908 0.840823
vt 0.562962 0.841285
vt 0.571448 0.841696
vt 0.559037 0.842073
vt 0.563735 0.842486
vt 0.551892 0.842764
vt 0.572444 0.843206
vt 0.582337 0.843210
vt 0.583870 0.843219
vt 0.560622 0.843231
vt 0.570050 0.843409
vt 0.552412 0.843664
vt 0.564807 0.843737
vt 0.513582 0.843897
vt 0.519270 0.843898
vt 0.437301 0.843910
vt 0.549120 0.843910
vt 0.546279 0.843910
vt 0.451351 0.843911
vt 0.465416 0.843912
vt 0.479143 0.843914
vt 0.493004 0.843916
vt 0.561106 0.844277
vt 0.571318 0.844847
vt 0.555833 0.844913
vt 0.562842 0.845464
vt 0.556882 0.845832
vt 0.572444 0.846254
vt 0.582319 0.846267
vt 0.583849 0.846277
vt 0.563604 0.846517
vt 0.569908 0.846768
vt 0.558980 0.846865
vt 0.564684 0.847600
vt 0.560598 0.847825
vt 0.571241 0.848054
vt 0.551892 0.848459
vt 0.561073 0.848704
vt 0.552417 0.849169
vt 0.572444 0.849308
vt 0.582300 0.849326
vt 0.583828 0.849337
vt 0.562794 0.849692
vt 0.569846 0.850154
vt 0.555825 0.850164
vt 0.513590 0.850172
vt 0.519257 0.850175
vt 0.437301 0.850176
vt 0.549120 0.850176
vt 0.546279 0.850176
vt 0.451352 0.850179
vt 0.465417 0.850181
vt 0.479150 0.850186
vt 0.492985 0.850189
vt 0.563554 0.850579
vt 0.556855 0.850884
vt 0.571217 0.851269
vt 0.564649 0.851489
vt 0.558975 0.851697
vt 0.572444 0.852362
vt 0.582280 0.852382
vt 0.583805 0.852391
vt 0.560557 0.852454
vt 0.561027 0.853146
vt 0.569820 0.853558
vt 0.562761 0.853925
vt 0.551892 0.854165
vt 0.571212 0.854491
vt 0.563518 0.854622
vt 0.552423 0.854681
vt 0.564598 0.855343
vt 0.572444 0.855410
vt 0.555818 0.855417
vt 0.582263 0.855428
vt 0.583786 0.855435
vt 0.556835 0.855945
vt 0.513593 0.856453
vt 0.546279 0.856456
vt 0.437301 0.856456
vt 0.549120 0.856456
vt 0.519240 0.856456
vt 0.451347 0.856460
vt 0.465422 0.856465
vt 0.479153 0.856469
vt 0.492960 0.856475
vt 0.558984 0.856539
vt 0.569800 0.856994
vt 0.560529 0.857095
vt 0.560995 0.857601
vt 0.571195 0.857732
vt 0.562741 0.858170
vt 0.572444 0.858458
vt 0.582252 0.858471
vt 0.583775 0.858476
vt 0.563495 0.858679
vt 0.564559 0.859205
vt 0.551892 0.859871
vt 0.552413 0.860197
vt 0.569784 0.860440
vt 0.555818 0.860663
vt 0.571180 0.860982
vt 0.556847 0.861004
vt 0.558966 0.861380
vt 0.572444 0.861512
vt 0.582245 0.861520
vt 0.583768 0.861524
vt 0.560545 0.861737
vt 0.561010 0.862064
vt 0.562744 0.862427
vt 0.513571 0.862733
vt 0.549120 0.862736
vt 0.437301 0.862736
vt 0.546276 0.862736
vt 0.519240 0.862737
vt 0.451338 0.862742
vt 0.465407 0.862747
vt 0.479129 0.862753
vt 0.563498 0.862756
vt 0.492961 0.862761
vt 0.564575 0.863091
vt 0.569787 0.863878
vt 0.571188 0.864226
vt 0.572444 0.864566
vt 0.582237 0.864570
vt 0.583760 0.864573
vt 0.551892 0.865565
vt 0.552401 0.865711
vt 0.555817 0.865912
vt 0.556856 0.866061
vt 0.558949 0.866223
vt 0.560564 0.866379
vt 0.561029 0.866522
vt 0.562749 0.866681
vt 0.563504 0.866825
vt 0.564596 0.866973
vt 0.569792 0.867311
vt 0.571198 0.867463
vt 0.572444 0.867614
vt 0.582232 0.867614
vt 0.583755 0.867615
vt 0.549120 0.869002
vt 0.437301 0.869002
vt 0.546276 0.869004
vt 0.513545 0.869007
vt 0.451329 0.869010
vt 0.519236 0.869014
vt 0.465382 0.869016
vt 0.479099 0.869025
vt 0.492956 0.869036
vt 0.583755 0.870657
vt 0.582232 0.870658
vt 0.572444 0.870662
vt 0.571188 0.870702
vt 0.569785 0.870747
vt 0.564571 0.870851
vt 0.563494 0.870891
vt 0.562739 0.870936
vt 0.561006 0.870981
vt 0.560541 0.871024
vt 0.558961 0.871069
vt 0.556843 0.871120
vt 0.555816 0.871165
vt 0.552412 0.871222
vt 0.551892 0.871259
vt 0.583757 0.873709
vt 0.582232 0.873709
vt 0.572444 0.873716
vt 0.571177 0.873949
vt 0.569777 0.874189
vt 0.564553 0.874732
vt 0.563488 0.874965
vt 0.562734 0.875193
vt 0.437301 0.875269
vt 0.549120 0.875269
vt 0.546275 0.875270
vt 0.451321 0.875278
vt 0.513534 0.875281
vt 0.465366 0.875283
vt 0.519206 0.875290
vt 0.479081 0.875296
vt 0.492912 0.875308
vt 0.560987 0.875445
vt 0.560521 0.875669
vt 0.558977 0.875915
vt 0.556830 0.876180
vt 0.555814 0.876414
vt 0.552423 0.876736
vt 0.582230 0.876762
vt 0.583756 0.876762
vt 0.572444 0.876770
vt 0.551892 0.876965
vt 0.571187 0.877199
vt 0.569786 0.877635
vt 0.564576 0.878597
vt 0.563498 0.879026
vt 0.562742 0.879442
vt 0.583754 0.879809
vt 0.582229 0.879810
vt 0.572444 0.879818
vt 0.561009 0.879904
vt 0.560542 0.880314
vt 0.571198 0.880441
vt 0.558963 0.880762
vt 0.569791 0.881076
vt 0.556844 0.881246
vt 0.437301 0.881549
vt 0.549120 0.881549
vt 0.546274 0.881550
vt 0.451306 0.881559
vt 0.513518 0.881561
vt 0.465344 0.881566
vt 0.519171 0.881570
vt 0.479056 0.881579
vt 0.492859 0.881593
vt 0.555818 0.881669
vt 0.552413 0.882252
vt 0.564592 0.882460
vt 0.551892 0.882671
vt 0.583756 0.882856
vt 0.582231 0.882857
vt 0.572444 0.882866
vt 0.563501 0.883080
vt 0.571188 0.883675
vt 0.562747 0.883689
vt 0.561027 0.884360
vt 0.569784 0.884505
vt 0.560563 0.884961
vt 0.558949 0.885609
vt 0.583758 0.885912
vt 0.582232 0.885912
vt 0.572444 0.885920
vt 0.556856 0.886313
vt 0.564568 0.886358
vt 0.571177 0.886917
vt 0.555817 0.886931
vt 0.563491 0.887162
vt 0.552400 0.887765
vt 0.437301 0.887829
vt 0.549120 0.887829
vt 0.546272 0.887830
vt 0.451286 0.887839
vt 0.513476 0.887840
vt 0.465299 0.887849
vt 0.519151 0.887851
vt 0.479002 0.887861
vt 0.492829 0.887878
vt 0.569778 0.887940
vt 0.562737 0.887953
vt 0.551892 0.888365
vt 0.561004 0.888823
vt 0.582230 0.888968
vt 0.583756 0.888969
vt 0.572444 0.888974
vt 0.560541 0.889604
vt 0.571189 0.890172
vt 0.564559 0.890257
vt 0.558962 0.890452
vt 0.563493 0.891251
vt 0.556843 0.891365
vt 0.569790 0.891391
vt 0.582226 0.892018
vt 0.583753 0.892018
vt 0.572444 0.892022
vt 0.555815 0.892175
vt 0.562737 0.892217
vt 0.552412 0.893278
vt 0.560990 0.893289
vt 0.571202 0.893417
vt 0.551892 0.894059
vt 0.437301 0.894095
vt 0.549120 0.894095
vt 0.546270 0.894097
vt 0.564587 0.894101
vt 0.451258 0.894106
vt 0.513428 0.894112
vt 0.465254 0.894116
vt 0.519127 0.894126
vt 0.478938 0.894132
vt 0.492787 0.894150
vt 0.560523 0.894246
vt 0.569800 0.894836
vt 0.582225 0.895067
vt 0.583751 0.895067
vt 0.572444 0.895070
vt 0.563507 0.895293
vt 0.558977 0.895294
vt 0.556831 0.896417
vt 0.562750 0.896454
vt 0.571196 0.896641
vt 0.555814 0.897414
vt 0.561016 0.897741
vt 0.564606 0.897941
vt 0.582223 0.898122
vt 0.583749 0.898124
vt 0.572444 0.898124
vt 0.569799 0.898249
vt 0.552424 0.898792
vt 0.560546 0.898889
vt 0.563514 0.899329
vt 0.551892 0.899765
vt 0.571194 0.899868
vt 0.558966 0.900140
vt 0.437301 0.900362
vt 0.549120 0.900362
vt 0.546268 0.900363
vt 0.451227 0.900374
vt 0.513397 0.900381
vt 0.465204 0.900382
vt 0.519077 0.900397
vt 0.478880 0.900403
vt 0.492712 0.900426
vt 0.562759 0.900688
vt 0.582216 0.901177
vt 0.572444 0.901178
vt 0.583742 0.901180
vt 0.556847 0.901485
vt 0.569812 0.901655
vt 0.564599 0.901852
vt 0.561039 0.902188
vt 0.555821 0.902674
vt 0.571224 0.903104
vt 0.563520 0.903416
vt 0.560572 0.903532
vt 0.572444 0.904226
vt 0.583736 0.904227
vt 0.582209 0.904227
vt 0.552414 0.904306
vt 0.562763 0.904947
vt 0.558958 0.904985
vt 0.569862 0.905066
vt 0.551892 0.905472
vt 0.564640 0.905746
vt 0.571270 0.906303
vt 0.556862 0.906557
vt 0.437301 0.906641
vt 0.549120 0.906641
vt 0.561029 0.906642
vt 0.546265 0.906643
vt 0.451195 0.906653
vt 0.513358 0.906657
vt 0.465142 0.906662
vt 0.519023 0.906672
vt 0.478805 0.906683
vt 0.492612 0.906711
vt 0.583741 0.907273
vt 0.572444 0.907274
vt 0.582208 0.907282
vt 0.563566 0.907490
vt 0.555821 0.907944
vt 0.560560 0.908156
vt 0.569938 0.908420
vt 0.562798 0.909183
vt 0.571325 0.909428
vt 0.564755 0.909510
vt 0.558978 0.909808
vt 0.552401 0.909817
vt 0.572444 0.910329
vt 0.583777 0.910338
vt 0.582245 0.910352
vt 0.561049 0.911074
vt 0.551892 0.911166
vt 0.563660 0.911444
vt 0.556856 0.911588
vt 0.570061 0.911640
vt 0.571414 0.912501
vt 0.560561 0.912754
vt 0.549120 0.912921
vt 0.437301 0.912921
vt 0.546262 0.912923
vt 0.513294 0.912929
vt 0.451148 0.912933
vt 0.465052 0.912941
vt 0.518985 0.912946
vt 0.478690 0.912962
vt 0.492524 0.912993
vt 0.555821 0.913165
vt 0.564936 0.913191
vt 0.562877 0.913322
vt 0.572444 0.913383
vt 0.582267 0.913419
vt 0.583798 0.913420
vt 0.559009 0.914605
vt 0.570264 0.914738
vt 0.563820 0.915294
vt 0.552417 0.915326
vt 0.561140 0.915432
vt 0.571578 0.915520
vt 0.572444 0.916430
vt 0.582237 0.916476
vt 0.583768 0.916494
vt 0.556860 0.916597
vt 0.565238 0.916812
vt 0.551892 0.916860
vt 0.560626 0.917299
vt 0.563016 0.917343
vt 0.570585 0.917706
vt 0.555829 0.918366
vt 0.571780 0.918450
vt 0.564128 0.919016
vt 0.437301 0.919188
vt 0.549120 0.919188
vt 0.546260 0.919189
vt 0.513226 0.919193
vt 0.451092 0.919199
vt 0.464943 0.919205
vt 0.518945 0.919212
vt 0.478551 0.919228
vt 0.492414 0.919261
vt 0.559036 0.919354
vt 0.572444 0.919478
vt 0.582196 0.919525
vt 0.583718 0.919549
vt 0.561300 0.919664
vt 0.565787 0.920125
vt 0.570976 0.920518
vt 0.552435 0.920829
vt 0.563294 0.921150
vt 0.571978 0.921311
vt 0.556913 0.921587
vt 0.560746 0.921705
vt 0.564712 0.922345
vt 0.572444 0.922533
vt 0.582147 0.922561
vt 0.551892 0.922566
vt 0.583657 0.922589
vt 0.566582 0.922922
vt 0.571395 0.923198
vt 0.555856 0.923564
vt 0.561599 0.923632
vt 0.559123 0.923967
vt 0.572170 0.924144
vt 0.563864 0.924465
vt 0.565609 0.925041
vt 0.567502 0.925398
vt 0.437301 0.925454
vt 0.549120 0.925454
vt 0.546257 0.925455
vt 0.513177 0.925458
vt 0.451031 0.925464
vt 0.464822 0.925468
vt 0.518887 0.925475
vt 0.478397 0.925491
vt 0.492247 0.925527
vt 0.582091 0.925572
vt 0.572444 0.925587
vt 0.583588 0.925599
vt 0.560964 0.925765
vt 0.571810 0.925806
vt 0.552439 0.926315
vt 0.557025 0.926468
vt 0.572368 0.926910
vt 0.562266 0.927031
vt 0.564837 0.927045
vt 0.566700 0.927336
vt 0.568505 0.927773
vt 0.559389 0.928217
vt 0.551892 0.928272
vt 0.572202 0.928282
vt 0.582039 0.928545
vt 0.583528 0.928573
vt 0.572444 0.928635
vt 0.555910 0.928675
vt 0.561534 0.929143
vt 0.566086 0.929153
vt 0.572444 0.929293
vt 0.567926 0.929473
vt 0.563464 0.929533
vt 0.569579 0.929991
vt 0.572444 0.930102
vt 0.557296 0.930993
vt 0.567508 0.931047
vt 0.564975 0.931454
vt 0.569232 0.931454
vt 0.562756 0.931460
vt 0.560068 0.931713
vt 0.513129 0.931730
vt 0.546252 0.931734
vt 0.437301 0.931734
vt 0.549120 0.931734
vt 0.450958 0.931740
vt 0.518840 0.931740
vt 0.464672 0.931746
vt 0.478198 0.931761
vt 0.552469 0.931765
vt 0.492050 0.931800
vt 0.570698 0.932070
vt 0.569019 0.932783
vt 0.566658 0.933108
vt 0.564403 0.933146
vt 0.570575 0.933285
vt 0.556092 0.933435
vt 0.561505 0.933922
vt 0.551892 0.933966
vt 0.572444 0.934268
vt 0.570576 0.934352
vt 0.566276 0.934541
vt 0.568429 0.934593
vt 0.558097 0.934751
vt 0.572444 0.935095
vt 0.563406 0.935409
vt 0.572444 0.935612
vt 0.568242 0.935779
vt 0.570254 0.935916
vt 0.565551 0.936553
vt 0.559941 0.936811
vt 0.570242 0.936831
vt 0.572444 0.937076
vt 0.552654 0.937143
vt 0.572444 0.937371
vt 0.556762 0.937384
vt 0.567783 0.937534
vt 0.513068 0.938003
vt 0.518836 0.938010
vt 0.546243 0.938013
vt 0.437301 0.938014
vt 0.549120 0.938014
vt 0.450871 0.938017
vt 0.464481 0.938020
vt 0.477924 0.938027
vt 0.562202 0.938043
vt 0.491837 0.938058
vt 0.570037 0.938354
vt 0.572444 0.938699
vt 0.564665 0.938927
vt 0.558789 0.939107
vt 0.567196 0.939658
vt 0.551892 0.939660
vt 0.561290 0.940021
vt 0.569755 0.940236
vt 0.572444 0.940551
vt 0.564010 0.940624
vt 0.566786 0.941115
vt 0.572444 0.941480
vt 0.569557 0.941497
vt 0.553500 0.942122
vt 0.556601 0.943326
vt 0.559739 0.943755
vt 0.562886 0.944027
vt 0.566047 0.944239
vt 0.450779 0.944281
vt 0.464258 0.944281
vt 0.477572 0.944281
vt 0.513021 0.944281
vt 0.518880 0.944281
vt 0.546218 0.944281
vt 0.437301 0.944281
vt 0.491576 0.944281
vt 0.549120 0.944281
vt 0.569199 0.944408
vt 0.572444 0.944715
vt 0.551892 0.945366
vt 0.555321 0.945366
vt 0.558742 0.945366
vt 0.562164 0.945366
vt 0.565593 0.945366
vt 0.569022 0.945366
vt 0.572444 0.945366
vt 0.423220 0.951799
vt 0.419584 0.952035
vt 0.426830 0.952300
vt 0.416055 0.952976
vt 0.430280 0.953495
vt 0.412770 0.954570
vt 0.433440 0.955325
vt 0.423074 0.955791
vt 0.418643 0.955918
vt 0.427484 0.956241
vt 0.414419 0.956604
vt 0.409864 0.956769
vt 0.431647 0.957233
vt 0.436178 0.957730
vt 0.410621 0.957812
vt 0.435347 0.958715
vt 0.407459 0.959507
vt 0.422908 0.960348
vt 0.417887 0.960364
vt 0.438377 0.960636
vt 0.427915 0.960730
vt 0.413148 0.960769
vt 0.432611 0.961480
vt 0.408974 0.961543
vt 0.436718 0.962557
vt 0.405629 0.962667
vt 0.439971 0.963921
vt 0.417340 0.965188
vt 0.422728 0.965283
vt 0.412285 0.965297
vt 0.428108 0.965581
vt 0.407883 0.965609
vt 0.433142 0.966059
vt 0.404434 0.966117
vt 0.437509 0.966691
vt 0.440912 0.967450
vt 0.403933 0.969727
vt 0.407403 0.969854
vt 0.411872 0.970017
vt 0.417029 0.970205
vt 0.422541 0.970406
vt 0.428052 0.970608
vt 0.433209 0.970796
vt 0.437678 0.970959
vt 0.441148 0.971086
vt 0.404169 0.973363
vt 0.407572 0.974122
vt 0.440647 0.974696
vt 0.411939 0.974754
vt 0.437198 0.975204
vt 0.416973 0.975232
vt 0.432796 0.975516
vt 0.422353 0.975530
vt 0.427741 0.975626
vt 0.405110 0.976892
vt 0.439452 0.978146
vt 0.408363 0.978256
vt 0.436107 0.979270
vt 0.412470 0.979333
vt 0.431933 0.980044
vt 0.417167 0.980083
vt 0.406704 0.980177
vt 0.427194 0.980449
vt 0.422173 0.980465
vt 0.437622 0.981306
vt 0.409734 0.982098
vt 0.434460 0.983001
vt 0.408903 0.983083
vt 0.413434 0.983580
vt 0.435217 0.984044
vt 0.430662 0.984209
vt 0.417597 0.984572
vt 0.426438 0.984895
vt 0.422007 0.985023
vt 0.411641 0.985488
vt 0.432311 0.986243
vt 0.414801 0.987318
vt 0.429026 0.987837
vt 0.418251 0.988513
vt 0.425497 0.988778
vt 0.421861 0.989014
vt 0.280576 0.384416
vt 0.522871 0.384416
vt 0.512115 0.384416
vt 0.458054 0.384416
vt 0.471414 0.384416
vt 0.293784 0.384419
vt 0.334619 0.384427
vt 0.345496 0.384429
vt 0.370686 0.385435
vt 0.370686 0.385435
vt 0.380411 0.385435
vt 0.380411 0.385435
vt 0.415896 0.385435
vt 0.415896 0.385435
vt 0.428991 0.385435
vt 0.428991 0.385435
vt 0.283162 0.390055
vt 0.514845 0.390055
vt 0.520141 0.390055
vt 0.460784 0.390055
vt 0.467578 0.390055
vt 0.289983 0.390056
vt 0.337162 0.390066
vt 0.342705 0.390067
vt 0.370686 0.411837
vt 0.370686 0.411837
vt 0.380616 0.411837
vt 0.380616 0.411837
vt 0.416102 0.411837
vt 0.416102 0.411837
vt 0.428991 0.411837
vt 0.428991 0.411837
vt 0.283161 0.413363
vt 0.289982 0.413365
vt 0.514845 0.413368
vt 0.520141 0.413368
vt 0.460784 0.413368
vt 0.467578 0.413368
vt 0.337161 0.413374
vt 0.342704 0.413375
vt 0.418188 0.414209
vt 0.418188 0.414209
vt 0.426923 0.414209
vt 0.426923 0.414209
vt 0.372206 0.414514
vt 0.372206 0.414514
vt 0.379117 0.414514
vt 0.379117 0.414514
vt 0.280575 0.419001
vt 0.294000 0.419003
vt 0.512115 0.419007
vt 0.522871 0.419007
vt 0.471523 0.419007
vt 0.458054 0.419007
vt 0.334631 0.419011
vt 0.345494 0.419014
vt 0.372220 0.422362
vt 0.372220 0.422362
vt 0.379164 0.422362
vt 0.379164 0.422362
vt 0.418234 0.422667
vt 0.418234 0.422667
vt 0.426943 0.422667
vt 0.426943 0.422667
vt 0.370686 0.425038
vt 0.370686 0.425038
vt 0.380719 0.425038
vt 0.380719 0.425038
vt 0.416204 0.425038
vt 0.416204 0.425038
vt 0.428991 0.425038
vt 0.428991 0.425038
vt 0.370686 0.438240
vt 0.370686 0.438240
vt 0.380822 0.438240
vt 0.380822 0.438240
vt 0.428991 0.438240
vt 0.428991 0.438240
vt 0.416307 0.438240
vt 0.416307 0.438240
vt 0.418313 0.440611
vt 0.418313 0.440611
vt 0.427004 0.440611
vt 0.427004 0.440611
vt 0.372269 0.440916
vt 0.372269 0.440916
vt 0.379259 0.440916
vt 0.379259 0.440916
vt 0.372283 0.448765
vt 0.372283 0.448765
vt 0.379306 0.448765
vt 0.379306 0.448765
vt 0.418360 0.449069
vt 0.418360 0.449069
vt 0.427022 0.449069
vt 0.427022 0.449069
vt 0.370686 0.451441
vt 0.370686 0.451441
vt 0.380924 0.451441
vt 0.380924 0.451441
vt 0.416410 0.451441
vt 0.416410 0.451441
vt 0.428991 0.451441
vt 0.428991 0.451441
vt 0.280573 0.453585
vt 0.293998 0.453588
vt 0.334629 0.453596
vt 0.512115 0.453597
vt 0.522871 0.453597
vt 0.458054 0.453597
vt 0.471523 0.453597
vt 0.345492 0.453598
vt 0.283159 0.459224
vt 0.289980 0.459226
vt 0.337158 0.459235
vt 0.342701 0.459236
vt 0.514845 0.459237
vt 0.520141 0.459237
vt 0.460784 0.459237
vt 0.467578 0.459237
vt 0.370686 0.464642
vt 0.370686 0.464642
vt 0.381027 0.464642
vt 0.381027 0.464642
vt 0.416513 0.464642
vt 0.416513 0.464642
vt 0.428991 0.464642
vt 0.428991 0.464642
vt 0.418442 0.467014
vt 0.418442 0.467014
vt 0.427081 0.467014
vt 0.427081 0.467014
vt 0.372335 0.467319
vt 0.372335 0.467319
vt 0.379399 0.467319
vt 0.379399 0.467319
vt 0.372350 0.475167
vt 0.372350 0.475167
vt 0.379445 0.475167
vt 0.379445 0.475167
vt 0.418490 0.475472
vt 0.418490 0.475472
vt 0.427098 0.475472
vt 0.427098 0.475472
vt 0.370686 0.477844
vt 0.370686 0.477844
vt 0.381130 0.477844
vt 0.381130 0.477844
vt 0.416615 0.477844
vt 0.416615 0.477844
vt 0.428991 0.477844
vt 0.428991 0.477844
vt 0.283158 0.482532
vt 0.289979 0.482534
vt 0.337157 0.482543
vt 0.342700 0.482544
vt 0.514845 0.482549
vt 0.520141 0.482549
vt 0.460784 0.482549
vt 0.467578 0.482549
vt 0.280571 0.488170
vt 0.293996 0.488173
vt 0.334627 0.488181
vt 0.345491 0.488183
vt 0.522871 0.488188
vt 0.512115 0.488188
vt 0.471523 0.488188
vt 0.458054 0.488188
vt 0.370686 0.491045
vt 0.370686 0.491045
vt 0.381233 0.491045
vt 0.381233 0.491045
vt 0.416718 0.491045
vt 0.416718 0.491045
vt 0.428991 0.491045
vt 0.428991 0.491045
vt 0.418574 0.493416
vt 0.418574 0.493416
vt 0.427154 0.493416
vt 0.427154 0.493416
vt 0.372404 0.493721
vt 0.372404 0.493721
vt 0.379536 0.493721
vt 0.379536 0.493721
vt 0.372419 0.501570
vt 0.372419 0.501570
vt 0.379581 0.501570
vt 0.379581 0.501570
vt 0.418623 0.501875
vt 0.418623 0.501875
vt 0.427171 0.501875
vt 0.427171 0.501875
vt 0.370686 0.504246
vt 0.370686 0.504246
vt 0.381335 0.504246
vt 0.381335 0.504246
vt 0.416821 0.504246
vt 0.416821 0.504246
vt 0.428991 0.504246
vt 0.428991 0.504246
vt 0.291898 0.506739
vt 0.292145 0.506739
vt 0.291898 0.510705
vt 0.292145 0.510705
vt 0.370686 0.517447
vt 0.370686 0.517447
vt 0.381438 0.517447
vt 0.381438 0.517447
vt 0.416924 0.517447
vt 0.416924 0.517447
vt 0.428991 0.517447
vt 0.428991 0.517447
vt 0.291898 0.518593
vt 0.292145 0.518593
vt 0.418709 0.519819
vt 0.418709 0.519819
vt 0.427224 0.519819
vt 0.427224 0.519819
vt 0.372475 0.520124
vt 0.372475 0.520124
vt 0.379670 0.520124
vt 0.379670 0.520124
vt 0.280569 0.522754
vt 0.293995 0.522757
vt 0.334625 0.522765
vt 0.345489 0.522768
vt 0.522871 0.522779
vt 0.512115 0.522779
vt 0.471523 0.522779
vt 0.458054 0.522779
vt 0.291898 0.525182
vt 0.292145 0.525182
vt 0.372492 0.527972
vt 0.372492 0.527972
vt 0.379714 0.527972
vt 0.379714 0.527972
vt 0.418759 0.528277
vt 0.418759 0.528277
vt 0.427240 0.528277
vt 0.427240 0.528277
vt 0.283156 0.528393
vt 0.289977 0.528395
vt 0.337155 0.528404
vt 0.342698 0.528405
vt 0.520141 0.528418
vt 0.514845 0.528418
vt 0.467578 0.528418
vt 0.460784 0.528418
vt 0.417026 0.530649
vt 0.417026 0.530649
vt 0.370686 0.530649
vt 0.370686 0.530649
vt 0.381541 0.530649
vt 0.381541 0.530649
vt 0.428991 0.530649
vt 0.428991 0.530649
vt 0.291898 0.533055
vt 0.292145 0.533055
vt 0.291898 0.539644
vt 0.292145 0.539644
vt 0.417129 0.543850
vt 0.417129 0.543850
vt 0.370686 0.543850
vt 0.370686 0.543850
vt 0.381644 0.543850
vt 0.381644 0.543850
vt 0.428991 0.543850
vt 0.428991 0.543850
vt 0.418847 0.546221
vt 0.418847 0.546221
vt 0.427292 0.546221
vt 0.427292 0.546221
vt 0.372550 0.546526
vt 0.372550 0.546526
vt 0.379800 0.546526
vt 0.379800 0.546526
vt 0.291898 0.547516
vt 0.292145 0.547516
vt 0.283154 0.551701
vt 0.289975 0.551703
vt 0.337154 0.551712
vt 0.342697 0.551713
vt 0.520141 0.551730
vt 0.514845 0.551730
vt 0.467578 0.551730
vt 0.460784 0.551730
vt 0.291898 0.554105
vt 0.292145 0.554105
vt 0.372567 0.554375
vt 0.372567 0.554375
vt 0.379844 0.554375
vt 0.379844 0.554375
vt 0.418898 0.554680
vt 0.418898 0.554680
vt 0.427307 0.554680
vt 0.427307 0.554680
vt 0.417232 0.557051
vt 0.417232 0.557051
vt 0.370686 0.557051
vt 0.370686 0.557051
vt 0.381746 0.557051
vt 0.381746 0.557051
vt 0.428991 0.557051
vt 0.428991 0.557051
vt 0.280568 0.557339
vt 0.293993 0.557342
vt 0.334624 0.557350
vt 0.345487 0.557352
vt 0.522871 0.557369
vt 0.512115 0.557369
vt 0.458054 0.557369
vt 0.471523 0.557369
vt 0.291898 0.558583
vt 0.292145 0.558583
vt 0.370686 0.570253
vt 0.370686 0.570253
vt 0.381849 0.570253
vt 0.381849 0.570253
vt 0.417335 0.570253
vt 0.417335 0.570253
vt 0.428991 0.570253
vt 0.428991 0.570253
vt 0.418988 0.572624
vt 0.418988 0.572624
vt 0.427356 0.572624
vt 0.427356 0.572624
vt 0.372628 0.572929
vt 0.372628 0.572929
vt 0.379928 0.572929
vt 0.379928 0.572929
vt 0.342889 0.573112
vt 0.343463 0.573112
vt 0.342316 0.573112
vt 0.342889 0.573112
vt 0.336588 0.573116
vt 0.336779 0.573116
vt 0.336779 0.573116
vt 0.336970 0.573116
vt 0.336970 0.573116
vt 0.337160 0.573116
vt 0.337160 0.573116
vt 0.337351 0.573116
vt 0.337351 0.573116
vt 0.337542 0.573116
vt 0.337542 0.573116
vt 0.337733 0.573116
vt 0.337733 0.573116
vt 0.337923 0.573116
vt 0.337923 0.573116
vt 0.338114 0.573116
vt 0.338114 0.573116
vt 0.338305 0.573116
vt 0.338305 0.573116
vt 0.338496 0.573116
vt 0.338496 0.573116
vt 0.338687 0.573116
vt 0.338687 0.573116
vt 0.338877 0.573116
vt 0.338877 0.573116
vt 0.339068 0.573116
vt 0.339068 0.573116
vt 0.339259 0.573116
vt 0.339259 0.573116
vt 0.339450 0.573116
vt 0.339450 0.573116
vt 0.339640 0.573116
vt 0.339640 0.573116
vt 0.339830 0.573116
vt 0.339830 0.573116
vt 0.340021 0.573116
vt 0.340021 0.573116
vt 0.340211 0.573116
vt 0.340211 0.573116
vt 0.340402 0.573116
vt 0.340402 0.573116
vt 0.340593 0.573116
vt 0.340593 0.573116
vt 0.340783 0.573116
vt 0.340783 0.573116
vt 0.340974 0.573116
vt 0.340974 0.573116
vt 0.341165 0.573116
vt 0.341165 0.573116
vt 0.341355 0.573116
vt 0.341355 0.573116
vt 0.341545 0.573116
vt 0.341545 0.573116
vt 0.341736 0.573116
vt 0.341736 0.573116
vt 0.341927 0.573116
vt 0.341927 0.573116
vt 0.342118 0.573116
vt 0.342118 0.573116
vt 0.342308 0.573116
vt 0.291898 0.576757
vt 0.292145 0.576757
vt 0.336588 0.579295
vt 0.336779 0.579295
vt 0.336779 0.579295
vt 0.336970 0.579295
vt 0.336970 0.579295
vt 0.337160 0.579295
vt 0.337160 0.579295
vt 0.337351 0.579295
vt 0.337351 0.579295
vt 0.337542 0.579295
vt 0.337542 0.579295
vt 0.337733 0.579295
vt 0.337733 0.579295
vt 0.337923 0.579295
vt 0.337923 0.579295
vt 0.338114 0.579295
vt 0.338114 0.579295
vt 0.338305 0.579295
vt 0.338305 0.579295
vt 0.338496 0.579295
vt 0.338496 0.579295
vt 0.338687 0.579295
vt 0.338687 0.579295
vt 0.338877 0.579295
vt 0.338877 0.579295
vt 0.339068 0.579295
vt 0.339068 0.579295
vt 0.339259 0.579295
vt 0.339259 0.579295
vt 0.339450 0.579295
vt 0.339450 0.579295
vt 0.339640 0.579295
vt 0.339640 0.579295
vt 0.339830 0.579295
vt 0.339830 0.579295
vt 0.340021 0.579295
vt 0.340021 0.579295
vt 0.340211 0.579295
vt 0.340211 0.579295
vt 0.340402 0.579295
vt 0.340402 0.579295
vt 0.340593 0.579295
vt 0.340593 0.579295
vt 0.340783 0.579295
vt 0.340783 0.579295
vt 0.340974 0.579295
vt 0.340974 0.579295
vt 0.341165 0.579295
vt 0.341165 0.579295
vt 0.341355 0.579295
vt 0.341355 0.579295
vt 0.341545 0.579295
vt 0.341545 0.579295
vt 0.341736 0.579295
vt 0.341736 0.579295
vt 0.341927 0.579295
vt 0.341927 0.579295
vt 0.342118 0.579295
vt 0.342118 0.579295
vt 0.342308 0.579295
vt 0.342316 0.579295
vt 0.342889 0.579295
vt 0.342889 0.579295
vt 0.343463 0.579295
vt 0.372646 0.580777
vt 0.372646 0.580777
vt 0.379970 0.580777
vt 0.379970 0.580777
vt 0.419039 0.581082
vt 0.419039 0.581082
vt 0.427370 0.581082
vt 0.427370 0.581082
vt 0.291898 0.582008
vt 0.292145 0.582008
vt 0.370686 0.583454
vt 0.370686 0.583454
vt 0.381952 0.583454
vt 0.381952 0.583454
vt 0.417437 0.583454
vt 0.417437 0.583454
vt 0.428991 0.583454
vt 0.428991 0.583454
vt 0.291898 0.588597
vt 0.292145 0.588597
vt 0.512115 0.591960
vt 0.522871 0.591960
vt 0.458054 0.591960
vt 0.471523 0.591960
vt 0.280566 0.592063
vt 0.293991 0.592066
vt 0.334622 0.592074
vt 0.345485 0.592077
vt 0.291898 0.596470
vt 0.292145 0.596470
vt 0.370686 0.596655
vt 0.370686 0.596655
vt 0.382054 0.596655
vt 0.382054 0.596655
vt 0.417540 0.596655
vt 0.417540 0.596655
vt 0.428991 0.596655
vt 0.428991 0.596655
vt 0.514845 0.597584
vt 0.520137 0.597584
vt 0.460780 0.597584
vt 0.467578 0.597584
vt 0.283156 0.597830
vt 0.289973 0.597831
vt 0.337151 0.597840
vt 0.342698 0.597842
vt 0.419132 0.599014
vt 0.419132 0.599014
vt 0.427418 0.599014
vt 0.427418 0.599014
vt 0.372710 0.599318
vt 0.372710 0.599318
vt 0.380051 0.599318
vt 0.380051 0.599318
vt 0.291465 0.599679
vt 0.291304 0.599679
vt 0.291058 0.599723
vt 0.291712 0.599723
vt 0.291898 0.603059
vt 0.292145 0.603059
vt 0.291387 0.603422
vt 0.291387 0.603426
vt 0.372732 0.608111
vt 0.372732 0.608111
vt 0.380098 0.608111
vt 0.380098 0.608111
vt 0.419190 0.608414
vt 0.419190 0.608414
vt 0.427434 0.608414
vt 0.427434 0.608414
vt 0.514845 0.609305
vt 0.520129 0.609305
vt 0.460772 0.609305
vt 0.467578 0.609305
vt 0.283163 0.609557
vt 0.289973 0.609559
vt 0.337151 0.609568
vt 0.342706 0.609569
vt 0.370686 0.610773
vt 0.370686 0.610773
vt 0.382165 0.610773
vt 0.382165 0.610773
vt 0.417651 0.610773
vt 0.417651 0.610773
vt 0.428991 0.610773
vt 0.428991 0.610773
vt 0.291898 0.610931
vt 0.292145 0.610931
vt 0.522856 0.614929
vt 0.512115 0.614929
vt 0.471523 0.614929
vt 0.458038 0.614929
vt 0.280581 0.615183
vt 0.293990 0.615185
vt 0.334621 0.615193
vt 0.345500 0.615196
vt 0.291898 0.617520
vt 0.292145 0.617520
vt 0.370687 0.624891
vt 0.370687 0.624891
vt 0.382276 0.624891
vt 0.382276 0.624891
vt 0.417761 0.624891
vt 0.417761 0.624891
vt 0.428992 0.624891
vt 0.428992 0.624891
vt 0.291898 0.625408
vt 0.292145 0.625408
vt 0.373247 0.628320
vt 0.373247 0.628320
vt 0.379717 0.628320
vt 0.379717 0.628320
vt 0.419986 0.628320
vt 0.419986 0.628320
vt 0.426768 0.628320
vt 0.426768 0.628320
vt 0.291898 0.629375
vt 0.292145 0.629375
vt 0.373245 0.632406
vt 0.373245 0.632406
vt 0.379721 0.632406
vt 0.379721 0.632406
vt 0.419992 0.632406
vt 0.419992 0.632406
vt 0.426765 0.632406
vt 0.426765 0.632406
vt 0.382309 0.634495
vt 0.417795 0.634495
vt 0.370658 0.635165
vt 0.428964 0.635165
vt 0.458023 0.635409
vt 0.522840 0.635431
vt 0.345515 0.635485
vt 0.293989 0.635485
vt 0.280595 0.635493
vt 0.334620 0.635493
vt 0.512115 0.635494
vt 0.471636 0.635494
vt 0.370658 0.636506
vt 0.428964 0.636506
vt 0.382309 0.637177
vt 0.417795 0.637177
vt 0.080518 0.090300
vt 0.257974 0.090300
vt 0.247607 0.090300
vt 0.208498 0.090301
vt 0.196963 0.090301
vt 0.070152 0.090303
vt 0.031043 0.090311
vt 0.019508 0.090313
vt 0.116240 0.090667
vt 0.116240 0.090667
vt 0.125560 0.090667
vt 0.125560 0.090667
vt 0.159569 0.090667
vt 0.159569 0.090667
vt 0.172119 0.090667
vt 0.172119 0.090667
vt 0.077949 0.095686
vt 0.255404 0.095687
vt 0.250177 0.095687
vt 0.205929 0.095687
vt 0.199533 0.095687
vt 0.072722 0.095688
vt 0.028473 0.095697
vt 0.022078 0.095698
vt 0.116240 0.115971
vt 0.116240 0.115971
vt 0.125757 0.115971
vt 0.125757 0.115971
vt 0.159766 0.115971
vt 0.159766 0.115971
vt 0.172119 0.115971
vt 0.172119 0.115971
vt 0.077950 0.117950
vt 0.072723 0.117951
vt 0.250177 0.117954
vt 0.255404 0.117954
vt 0.199533 0.117954
vt 0.205929 0.117954
vt 0.028474 0.117960
vt 0.022079 0.117961
vt 0.161765 0.118244
vt 0.161765 0.118244
vt 0.170137 0.118244
vt 0.170137 0.118244
vt 0.117697 0.118536
vt 0.117697 0.118536
vt 0.124320 0.118536
vt 0.124320 0.118536
vt 0.080520 0.123334
vt 0.070153 0.123337
vt 0.257974 0.123340
vt 0.247607 0.123340
vt 0.208498 0.123340
vt 0.196963 0.123340
vt 0.031044 0.123345
vt 0.019509 0.123347
vt 0.117710 0.126057
vt 0.117710 0.126057
vt 0.124365 0.126057
vt 0.124365 0.126057
vt 0.161809 0.126350
vt 0.161809 0.126350
vt 0.170156 0.126350
vt 0.170156 0.126350
vt 0.116240 0.128623
vt 0.116240 0.128623
vt 0.125855 0.128623
vt 0.125855 0.128623
vt 0.159864 0.128623
vt 0.159864 0.128623
vt 0.172119 0.128623
vt 0.172119 0.128623
vt 0.116240 0.141274
vt 0.116240 0.141274
vt 0.125954 0.141274
vt 0.125954 0.141274
vt 0.172119 0.141274
vt 0.172119 0.141274
vt 0.159963 0.141275
vt 0.159963 0.141275
vt 0.161885 0.143547
vt 0.161885 0.143547
vt 0.170214 0.143547
vt 0.170214 0.143547
vt 0.117757 0.143840
vt 0.117757 0.143840
vt 0.124456 0.143840
vt 0.124456 0.143840
vt 0.117771 0.151361
vt 0.117771 0.151361
vt 0.124501 0.151361
vt 0.124501 0.151361
vt 0.161930 0.151654
vt 0.161930 0.151654
vt 0.170232 0.151654
vt 0.170232 0.151654
vt 0.116240 0.153926
vt 0.116240 0.153926
vt 0.126052 0.153926
vt 0.126052 0.153926
vt 0.160061 0.153926
vt 0.160061 0.153926
vt 0.172119 0.153926
vt 0.172119 0.153926
vt 0.080521 0.156368
vt 0.070155 0.156371
vt 0.031046 0.156378
vt 0.247607 0.156380
vt 0.257974 0.156380
vt 0.208498 0.156380
vt 0.196963 0.156380
vt 0.019511 0.156381
vt 0.077952 0.161754
vt 0.072725 0.161756
vt 0.028476 0.161764
vt 0.022081 0.161766
vt 0.255404 0.161766
vt 0.250177 0.161766
vt 0.199533 0.161766
vt 0.205929 0.161766
vt 0.116240 0.166578
vt 0.116240 0.166578
vt 0.126151 0.166578
vt 0.126151 0.166578
vt 0.160160 0.166578
vt 0.160160 0.166578
vt 0.172119 0.166578
vt 0.172119 0.166578
vt 0.162008 0.168851
vt 0.162008 0.168851
vt 0.170288 0.168851
vt 0.170288 0.168851
vt 0.117820 0.169143
vt 0.117820 0.169143
vt 0.124590 0.169143
vt 0.124590 0.169143
vt 0.117835 0.176665
vt 0.117835 0.176665
vt 0.124635 0.176665
vt 0.124635 0.176665
vt 0.162054 0.176957
vt 0.162054 0.176957
vt 0.170305 0.176957
vt 0.170305 0.176957
vt 0.116240 0.179230
vt 0.116240 0.179230
vt 0.126249 0.179230
vt 0.126249 0.179230
vt 0.160258 0.179230
vt 0.160258 0.179230
vt 0.172119 0.179230
vt 0.172119 0.179230
vt 0.077953 0.184017
vt 0.072726 0.184019
vt 0.028477 0.184028
vt 0.022082 0.184029
vt 0.255404 0.184033
vt 0.250177 0.184033
vt 0.199533 0.184033
vt 0.205929 0.184033
vt 0.080523 0.189402
vt 0.070156 0.189405
vt 0.031047 0.189412
vt 0.019512 0.189415
vt 0.257974 0.189420
vt 0.247607 0.189420
vt 0.208498 0.189420
vt 0.196963 0.189420
vt 0.116240 0.191882
vt 0.116240 0.191882
vt 0.126348 0.191882
vt 0.126348 0.191882
vt 0.160356 0.191882
vt 0.160356 0.191882
vt 0.172119 0.191882
vt 0.172119 0.191882
vt 0.162135 0.194155
vt 0.162135 0.194155
vt 0.170358 0.194155
vt 0.170358 0.194155
vt 0.117886 0.194447
vt 0.117886 0.194447
vt 0.124721 0.194447
vt 0.124721 0.194447
vt 0.117901 0.201969
vt 0.117901 0.201969
vt 0.124765 0.201969
vt 0.124765 0.201969
vt 0.162182 0.202261
vt 0.162182 0.202261
vt 0.170374 0.202261
vt 0.170374 0.202261
vt 0.116240 0.204534
vt 0.116240 0.204534
vt 0.126446 0.204534
vt 0.126446 0.204534
vt 0.160455 0.204534
vt 0.160455 0.204534
vt 0.172119 0.204534
vt 0.172119 0.204534
vt 0.116240 0.217186
vt 0.116240 0.217186
vt 0.126545 0.217186
vt 0.126545 0.217186
vt 0.160553 0.217186
vt 0.160553 0.217186
vt 0.172119 0.217186
vt 0.172119 0.217186
vt 0.162264 0.219459
vt 0.162264 0.219459
vt 0.170425 0.219459
vt 0.170425 0.219459
vt 0.117955 0.219751
vt 0.117955 0.219751
vt 0.124850 0.219751
vt 0.124850 0.219751
vt 0.080524 0.222436
vt 0.070158 0.222439
vt 0.031049 0.222446
vt 0.019514 0.222449
vt 0.257974 0.222459
vt 0.247607 0.222459
vt 0.208498 0.222459
vt 0.196963 0.222459
vt 0.117970 0.227273
vt 0.117970 0.227273
vt 0.124893 0.227273
vt 0.124893 0.227273
vt 0.162312 0.227565
vt 0.162312 0.227565
vt 0.170441 0.227565
vt 0.170441 0.227565
vt 0.077955 0.227822
vt 0.072728 0.227824
vt 0.028479 0.227832
vt 0.022084 0.227834
vt 0.255404 0.227846
vt 0.250177 0.227846
vt 0.205929 0.227846
vt 0.199533 0.227846
vt 0.160652 0.229838
vt 0.160652 0.229838
vt 0.116240 0.229838
vt 0.116240 0.229838
vt 0.126643 0.229838
vt 0.126643 0.229838
vt 0.172119 0.229838
vt 0.172119 0.229838
vt 0.160750 0.242490
vt 0.160750 0.242490
vt 0.116240 0.242490
vt 0.116240 0.242490
vt 0.126742 0.242490
vt 0.126742 0.242490
vt 0.172119 0.242490
vt 0.172119 0.242490
vt 0.162397 0.244762
vt 0.162397 0.244762
vt 0.170490 0.244762
vt 0.170490 0.244762
vt 0.118026 0.245055
vt 0.118026 0.245055
vt 0.124975 0.245055
vt 0.124975 0.245055
vt 0.077956 0.250085
vt 0.072729 0.250087
vt 0.028480 0.250096
vt 0.022085 0.250097
vt 0.250177 0.250113
vt 0.255404 0.250113
vt 0.199533 0.250113
vt 0.205929 0.250113
vt 0.118043 0.252576
vt 0.118043 0.252576
vt 0.125017 0.252576
vt 0.125017 0.252576
vt 0.162445 0.252869
vt 0.162445 0.252869
vt 0.170504 0.252869
vt 0.170504 0.252869
vt 0.160849 0.255141
vt 0.160849 0.255141
vt 0.116240 0.255141
vt 0.116240 0.255141
vt 0.126840 0.255141
vt 0.126840 0.255141
vt 0.172119 0.255141
vt 0.172119 0.255141
vt 0.080526 0.255470
vt 0.070159 0.255473
vt 0.031050 0.255480
vt 0.019515 0.255483
vt 0.257974 0.255499
vt 0.247607 0.255499
vt 0.196963 0.255499
vt 0.208498 0.255499
vt 0.023531 0.257771
vt 0.026351 0.257771
vt 0.023531 0.258685
vt 0.023531 0.258685
vt 0.026351 0.258685
vt 0.026351 0.258685
vt 0.023531 0.259599
vt 0.023531 0.259599
vt 0.026351 0.259599
vt 0.026351 0.259599
vt 0.078272 0.259686
vt 0.078324 0.259686
vt 0.023531 0.260512
vt 0.023531 0.260512
vt 0.026351 0.260512
vt 0.026351 0.260512
vt 0.078272 0.260558
vt 0.078324 0.260558
vt 0.023531 0.261426
vt 0.023531 0.261426
vt 0.026351 0.261426
vt 0.026351 0.261426
vt 0.078272 0.262292
vt 0.078324 0.262292
vt 0.023531 0.262340
vt 0.023531 0.262340
vt 0.026351 0.262340
vt 0.026351 0.262340
vt 0.026351 0.263253
vt 0.023531 0.263253
vt 0.023531 0.263253
vt 0.026351 0.263253
vt 0.078272 0.263741
vt 0.078324 0.263741
vt 0.023531 0.264167
vt 0.023531 0.264167
vt 0.026351 0.264167
vt 0.026351 0.264167
vt 0.023531 0.265081
vt 0.026351 0.265081
vt 0.023531 0.265081
vt 0.026351 0.265081
vt 0.078272 0.265471
vt 0.078324 0.265471
vt 0.023531 0.265994
vt 0.023531 0.265994
vt 0.026351 0.265994
vt 0.026351 0.265994
vt 0.023531 0.266908
vt 0.026351 0.266908
vt 0.026351 0.266908
vt 0.023531 0.266908
vt 0.078272 0.266920
vt 0.078324 0.266920
vt 0.116240 0.267793
vt 0.116240 0.267793
vt 0.126938 0.267793
vt 0.126938 0.267793
vt 0.160947 0.267793
vt 0.160947 0.267793
vt 0.172119 0.267793
vt 0.172119 0.267793
vt 0.023531 0.267821
vt 0.023531 0.267821
vt 0.026351 0.267821
vt 0.026351 0.267821
vt 0.078272 0.268651
vt 0.078324 0.268651
vt 0.023531 0.268735
vt 0.023531 0.268735
vt 0.026351 0.268735
vt 0.026351 0.268735
vt 0.023531 0.269648
vt 0.023531 0.269648
vt 0.026351 0.269648
vt 0.026351 0.269648
vt 0.162532 0.270066
vt 0.162532 0.270066
vt 0.170551 0.270066
vt 0.170551 0.270066
vt 0.078272 0.270100
vt 0.078324 0.270100
vt 0.118101 0.270359
vt 0.118101 0.270359
vt 0.125097 0.270359
vt 0.125097 0.270359
vt 0.023531 0.270562
vt 0.023531 0.270562
vt 0.026351 0.270562
vt 0.026351 0.270562
vt 0.078272 0.271084
vt 0.078324 0.271084
vt 0.073990 0.271390
vt 0.071641 0.271390
vt 0.023531 0.271475
vt 0.023531 0.271475
vt 0.026351 0.271475
vt 0.026351 0.271475
vt 0.072310 0.271515
vt 0.073321 0.271515
vt 0.023531 0.272389
vt 0.026351 0.272389
vt 0.023531 0.272389
vt 0.026351 0.272389
vt 0.023531 0.273299
vt 0.023531 0.273299
vt 0.026351 0.273299
vt 0.026351 0.273299
vt 0.023531 0.274210
vt 0.023531 0.274210
vt 0.026351 0.274210
vt 0.026351 0.274210
vt 0.078272 0.275080
vt 0.078324 0.275080
vt 0.023531 0.275123
vt 0.026351 0.275123
vt 0.023531 0.275123
vt 0.026351 0.275123
vt 0.023531 0.276037
vt 0.023531 0.276037
vt 0.026351 0.276037
vt 0.026351 0.276037
vt 0.078272 0.276234
vt 0.078324 0.276234
vt 0.023531 0.276950
vt 0.023531 0.276950
vt 0.026351 0.276950
vt 0.026351 0.276950
vt 0.078272 0.277683
vt 0.078324 0.277683
vt 0.023531 0.277864
vt 0.023531 0.277864
vt 0.026351 0.277864
vt 0.026351 0.277864
vt 0.118119 0.277880
vt 0.118119 0.277880
vt 0.125138 0.277880
vt 0.125138 0.277880
vt 0.162581 0.278172
vt 0.162581 0.278172
vt 0.170565 0.278172
vt 0.170565 0.278172
vt 0.023531 0.278777
vt 0.023531 0.278777
vt 0.026351 0.278777
vt 0.026351 0.278777
vt 0.078272 0.279414
vt 0.078324 0.279414
vt 0.023531 0.279691
vt 0.023531 0.279691
vt 0.026351 0.279691
vt 0.026351 0.279691
vt 0.116240 0.280445
vt 0.116240 0.280445
vt 0.127037 0.280445
vt 0.127037 0.280445
vt 0.161046 0.280445
vt 0.161046 0.280445
vt 0.172119 0.280445
vt 0.172119 0.280445
vt 0.023531 0.280601
vt 0.023531 0.280601
vt 0.026351 0.280601
vt 0.026351 0.280601
vt 0.078272 0.280862
vt 0.078324 0.280862
vt 0.023531 0.281512
vt 0.023531 0.281512
vt 0.026351 0.281512
vt 0.026351 0.281512
vt 0.071416 0.281985
vt 0.074203 0.281996
vt 0.023531 0.282425
vt 0.023531 0.282425
vt 0.026351 0.282425
vt 0.026351 0.282425
vt 0.078272 0.282593
vt 0.078324 0.282593
vt 0.023531 0.283339
vt 0.023531 0.283339
vt 0.026351 0.283339
vt 0.026351 0.283339
vt 0.078272 0.284042
vt 0.078324 0.284042
vt 0.023531 0.284253
vt 0.023531 0.284253
vt 0.026351 0.284253
vt 0.026351 0.284253
vt 0.023531 0.285166
vt 0.026351 0.285166
vt 0.023531 0.285232
vt 0.026328 0.285232
vt 0.078272 0.285776
vt 0.078324 0.285776
vt 0.023531 0.286146
vt 0.023531 0.286146
vt 0.026328 0.286146
vt 0.026328 0.286146
vt 0.078272 0.286648
vt 0.078324 0.286648
vt 0.023531 0.287060
vt 0.026328 0.287060
vt 0.257974 0.288539
vt 0.247607 0.288539
vt 0.208498 0.288539
vt 0.196963 0.288539
vt 0.080527 0.288637
vt 0.070161 0.288640
vt 0.031052 0.288648
vt 0.019517 0.288650
vt 0.116240 0.293097
vt 0.116240 0.293097
vt 0.127135 0.293097
vt 0.127135 0.293097
vt 0.161144 0.293097
vt 0.161144 0.293097
vt 0.172119 0.293097
vt 0.172119 0.293097
vt 0.255401 0.293910
vt 0.250177 0.293910
vt 0.205929 0.293910
vt 0.199530 0.293911
vt 0.077954 0.294145
vt 0.072731 0.294147
vt 0.028483 0.294156
vt 0.022083 0.294157
vt 0.162670 0.295358
vt 0.162670 0.295358
vt 0.170611 0.295358
vt 0.170611 0.295358
vt 0.118180 0.295649
vt 0.118180 0.295649
vt 0.125215 0.295649
vt 0.125215 0.295649
vt 0.118201 0.304076
vt 0.118201 0.304076
vt 0.125260 0.304076
vt 0.125260 0.304076
vt 0.162725 0.304367
vt 0.162725 0.304367
vt 0.170626 0.304367
vt 0.170626 0.304367
vt 0.250177 0.305106
vt 0.255393 0.305106
vt 0.199522 0.305107
vt 0.205929 0.305107
vt 0.077948 0.305347
vt 0.072731 0.305348
vt 0.028483 0.305357
vt 0.022077 0.305358
vt 0.116240 0.306627
vt 0.116240 0.306627
vt 0.127241 0.306627
vt 0.127241 0.306627
vt 0.161250 0.306627
vt 0.161250 0.306627
vt 0.172119 0.306627
vt 0.172119 0.306627
vt 0.257960 0.310478
vt 0.247607 0.310478
vt 0.208499 0.310478
vt 0.196949 0.310478
vt 0.080514 0.310720
vt 0.070162 0.310723
vt 0.031053 0.310731
vt 0.019504 0.310733
vt 0.116241 0.320158
vt 0.116241 0.320158
vt 0.127347 0.320158
vt 0.127347 0.320158
vt 0.161356 0.320158
vt 0.161356 0.320158
vt 0.172119 0.320158
vt 0.172119 0.320158
vt 0.118694 0.323444
vt 0.118694 0.323444
vt 0.124895 0.323444
vt 0.124895 0.323444
vt 0.163489 0.323444
vt 0.163489 0.323444
vt 0.169988 0.323444
vt 0.169988 0.323444
vt 0.118693 0.327360
vt 0.118693 0.327360
vt 0.124899 0.327360
vt 0.124899 0.327360
vt 0.163494 0.327360
vt 0.163494 0.327360
vt 0.169985 0.327360
vt 0.169985 0.327360
vt 0.196935 0.329976
vt 0.208499 0.329976
vt 0.247607 0.329976
vt 0.257945 0.329976
vt 0.019490 0.330113
vt 0.070163 0.330113
vt 0.031054 0.330120
vt 0.080501 0.330120
vt 0.116214 0.330647
vt 0.127380 0.330647
vt 0.127380 0.330647
vt 0.161388 0.330647
vt 0.161388 0.330647
vt 0.172092 0.330647
f 1/3 2/4 3/7
f 3/7 2/4 4/8
f 3/7 4/8 7/12
f 7/12 4/8 8/13
f 7/12 8/13 5/17
f 5/17 8/13 6/18
f 5/17 6/18 1/21
f 1/21 6/18 2/22
f 9/1 10/2 11/5
f 11/5 10/2 12/6
f 11/5 12/6 15/10
f 15/10 12/6 16/11
f 15/10 16/11 13/15
f 13/15 16/11 14/16
f 13/15 14/16 9/19
f 9/19 14/16 10/20
f 11/9 15/10 9/14
f 9/14 15/10 13/15
f 33/515 44/609 81/540
f 81/540 44/609 86/654
f 44/609 18/770 86/654
f 86/654 18/770 43/769
f 86/654 43/769 67/691
f 67/691 43/769 20/768
f 81/540 86/654 34/567
f 34/567 86/654 67/691
f 67/691 87/658 34/567
f 34/567 87/658 80/543
f 20/768 47/767 67/691
f 67/691 47/767 87/658
f 47/767 22/766 87/658
f 87/658 22/766 68/611
f 87/658 68/611 80/543
f 80/543 68/611 35/519
f 35/519 68/611 79/546
f 79/546 68/611 88/659
f 68/611 22/766 88/659
f 88/659 22/766 50/765
f 88/659 50/765 69/693
f 69/693 50/765 24/764
f 79/546 88/659 36/570
f 36/570 88/659 69/693
f 69/693 89/656 36/570
f 36/570 89/656 78/544
f 24/764 53/763 69/693
f 69/693 53/763 89/656
f 53/763 26/762 89/656
f 89/656 26/762 70/610
f 89/656 70/610 78/544
f 78/544 70/610 37/516
f 37/516 70/610 77/542
f 77/542 70/610 90/653
f 70/610 26/762 90/653
f 90/653 26/762 56/761
f 90/653 56/761 71/692
f 71/692 56/761 28/760
f 77/542 90/653 38/563
f 38/563 90/653 71/692
f 71/692 91/657 38/563
f 38/563 91/657 76/535
f 28/760 59/759 71/692
f 71/692 59/759 91/657
f 59/759 30/758 91/657
f 91/657 30/758 72/621
f 91/657 72/621 76/535
f 76/535 72/621 39/502
f 62/819 92/845 32/828
f 32/828 92/845 65/853
f 30/814 82/841 62/819
f 62/819 82/841 92/845
f 82/841 41/875 92/845
f 92/845 41/875 83/870
f 92/845 83/870 65/853
f 65/853 83/870 18/869
f 39/503 72/622 75/529
f 75/529 72/622 93/655
f 72/622 30/774 93/655
f 93/655 30/774 62/773
f 93/655 62/773 73/690
f 73/690 62/773 32/772
f 75/529 93/655 40/559
f 40/559 93/655 73/690
f 73/690 94/652 40/559
f 40/559 94/652 74/541
f 32/772 65/771 73/690
f 73/690 65/771 94/652
f 65/771 18/770 94/652
f 94/652 18/770 44/609
f 94/652 44/609 74/541
f 74/541 44/609 33/515
f 31/305 63/414 64/304
f 64/304 63/414 95/412
f 63/414 40/559 95/412
f 95/412 40/559 74/541
f 95/412 74/541 66/416
f 66/416 74/541 33/515
f 64/304 95/412 17/303
f 17/303 95/412 66/416
f 29/307 60/404 61/306
f 61/306 60/404 96/407
f 60/404 39/503 96/407
f 96/407 39/503 75/529
f 96/407 75/529 63/414
f 63/414 75/529 40/559
f 61/306 96/407 31/305
f 31/305 96/407 63/414
f 27/293 57/417 58/292
f 58/292 57/417 97/408
f 57/417 38/563 97/408
f 97/408 38/563 76/535
f 97/408 76/535 60/403
f 60/403 76/535 39/502
f 58/292 97/408 29/291
f 29/291 97/408 60/403
f 25/295 54/415 55/294
f 55/294 54/415 98/418
f 54/415 37/516 98/418
f 98/418 37/516 77/542
f 98/418 77/542 57/417
f 57/417 77/542 38/563
f 55/294 98/418 27/293
f 27/293 98/418 57/417
f 23/297 51/429 52/296
f 52/296 51/429 99/422
f 51/429 36/570 99/422
f 99/422 36/570 78/544
f 99/422 78/544 54/415
f 54/415 78/544 37/516
f 52/296 99/422 25/295
f 25/295 99/422 54/415
f 21/299 48/419 49/298
f 49/298 48/419 100/423
f 48/419 35/519 100/423
f 100/423 35/519 79/546
f 100/423 79/546 51/429
f 51/429 79/546 36/570
f 49/298 100/423 23/297
f 23/297 100/423 51/429
f 19/301 45/427 46/300
f 46/300 45/427 101/421
f 45/427 34/567 101/421
f 101/421 34/567 80/543
f 101/421 80/543 48/419
f 48/419 80/543 35/519
f 46/300 101/421 21/299
f 21/299 101/421 48/419
f 17/303 66/416 42/302
f 42/302 66/416 102/420
f 66/416 33/515 102/420
f 102/420 33/515 81/540
f 102/420 81/540 45/427
f 45/427 81/540 34/567
f 42/302 102/420 19/301
f 19/301 102/420 45/427
f 30/814 59/822 82/841
f 82/841 59/822 103/848
f 59/822 28/832 103/848
f 103/848 28/832 56/857
f 103/848 56/857 84/877
f 84/877 56/857 26/878
f 82/841 103/848 41/875
f 41/875 103/848 84/877
f 18/869 83/870 43/888
f 43/888 83/870 104/897
f 83/870 41/875 104/897
f 104/897 41/875 85/906
f 104/897 85/906 47/923
f 47/923 85/906 22/931
f 43/888 104/897 20/913
f 20/913 104/897 47/923
f 84/877 105/903 41/875
f 41/875 105/903 85/906
f 26/878 53/894 84/877
f 84/877 53/894 105/903
f 53/894 24/916 105/903
f 105/903 24/916 50/926
f 105/903 50/926 85/906
f 85/906 50/926 22/931
f 112/55 113/50 109/57
f 109/57 113/50 110/58
f 111/54 112/55 108/56
f 108/56 112/55 109/57
f 116/53 111/54 115/61
f 115/61 111/54 108/56
f 204/131 212/109 149/135
f 149/135 212/109 176/136
f 108/56 109/57 227/63
f 227/63 109/57 225/64
f 115/61 108/56 228/62
f 228/62 108/56 227/63
f 209/33 210/34 170/40
f 170/40 210/34 169/41
f 125/143 131/144 186/119
f 186/119 131/144 192/120
f 226/67 118/59 128/66
f 128/66 118/59 127/60
f 196/32 209/33 141/39
f 141/39 209/33 170/40
f 187/125 188/126 120/148
f 120/148 188/126 121/149
f 188/126 189/127 121/149
f 121/149 189/127 122/134
f 109/57 110/58 225/64
f 225/64 110/58 224/65
f 177/160 123/162 178/167
f 178/167 123/162 124/169
f 124/169 125/178 178/167
f 178/167 125/178 179/176
f 210/34 211/35 169/41
f 169/41 211/35 168/42
f 117/51 118/59 113/50
f 113/50 118/59 110/58
f 110/58 118/59 224/65
f 224/65 118/59 226/67
f 190/117 191/118 129/141
f 129/141 191/118 130/142
f 191/118 192/120 130/142
f 130/142 192/120 131/144
f 226/104 128/103 185/116
f 185/116 128/103 190/117
f 123/162 129/163 124/169
f 124/169 129/163 130/170
f 117/51 126/52 118/59
f 118/59 126/52 127/60
f 125/178 124/169 131/179
f 131/179 124/169 130/170
f 193/124 133/147 194/123
f 194/123 133/147 135/146
f 194/123 135/146 195/122
f 195/122 135/146 134/145
f 195/37 134/29 196/32
f 196/32 134/29 132/30
f 197/121 145/93 198/108
f 198/108 145/93 147/94
f 198/38 147/46 199/36
f 199/36 147/46 146/44
f 199/36 146/44 200/31
f 200/31 146/44 144/43
f 201/128 229/75 202/129
f 202/129 229/75 230/84
f 202/129 230/84 203/130
f 203/130 230/84 231/89
f 203/130 231/89 204/131
f 204/131 231/89 232/98
f 205/115 153/155 206/114
f 206/114 153/155 155/153
f 206/114 155/153 207/113
f 207/113 155/153 154/151
f 207/113 154/151 208/112
f 208/112 154/151 152/139
f 193/124 187/125 133/147
f 133/147 187/125 120/148
f 211/35 200/31 168/42
f 168/42 200/31 144/43
f 167/189 179/176 137/190
f 137/190 179/176 139/185
f 139/185 179/176 138/183
f 138/183 179/176 136/181
f 179/176 125/178 136/181
f 186/119 197/121 125/143
f 125/143 197/121 136/132
f 168/42 144/43 113/50
f 144/43 146/44 113/50
f 146/44 147/46 113/50
f 147/46 145/48 113/50
f 113/50 145/48 117/51
f 189/127 201/128 122/134
f 122/134 201/128 148/154
f 214/111 208/112 174/138
f 174/138 208/112 152/139
f 174/138 152/139 177/160
f 152/139 154/151 177/160
f 154/151 155/153 177/160
f 155/153 153/155 177/160
f 177/160 153/155 123/162
f 205/115 185/116 153/155
f 153/155 185/116 123/140
f 119/72 160/74 107/70
f 173/81 107/70 161/87
f 161/87 107/70 163/82
f 163/82 107/70 162/78
f 107/70 160/74 162/78
f 212/109 213/110 176/136
f 176/136 213/110 175/137
f 213/110 214/111 175/137
f 175/137 214/111 174/138
f 172/80 106/68 173/81
f 173/81 106/68 107/70
f 164/69 106/68 171/79
f 171/79 106/68 172/80
f 114/71 164/69 157/73
f 171/79 156/86 164/69
f 156/86 158/83 164/69
f 158/83 159/77 164/69
f 164/69 159/77 157/73
f 169/41 168/42 112/55
f 112/55 168/42 113/50
f 170/40 111/54 141/39
f 141/39 111/54 143/45
f 143/45 111/54 142/47
f 142/47 111/54 140/49
f 140/49 111/54 116/53
f 111/54 170/40 112/55
f 112/55 170/40 169/41
f 177/160 217/161 180/158
f 180/158 217/161 218/159
f 182/156 221/157 183/165
f 183/165 221/157 222/166
f 175/137 174/138 180/158
f 180/158 174/138 177/160
f 179/176 167/189 181/174
f 181/174 167/189 166/188
f 179/176 181/174 216/177
f 216/177 181/174 220/175
f 177/160 178/167 217/161
f 217/161 178/167 215/168
f 182/156 176/136 180/158
f 180/158 176/136 175/137
f 184/172 181/174 165/187
f 165/187 181/174 166/188
f 121/171 183/165 120/180
f 120/180 183/165 184/172
f 182/156 183/165 122/164
f 122/164 183/165 121/171
f 176/136 182/156 149/135
f 149/135 182/156 151/150
f 151/150 182/156 150/152
f 150/152 182/156 148/154
f 148/154 182/156 122/164
f 165/187 132/191 184/172
f 132/191 134/186 184/172
f 134/186 135/184 184/172
f 135/184 133/182 184/172
f 120/180 184/172 133/182
f 239/100 237/101 213/110
f 213/110 237/101 214/111
f 238/99 239/100 212/109
f 212/109 239/100 213/110
f 234/76 226/104 205/115
f 205/115 226/104 185/116
f 237/101 236/102 214/111
f 214/111 236/102 208/112
f 228/97 229/75 189/127
f 189/127 229/75 201/128
f 117/91 145/93 186/119
f 186/119 145/93 197/121
f 167/25 137/26 211/35
f 211/35 137/26 200/31
f 140/107 116/95 193/124
f 193/124 116/95 187/125
f 235/88 207/113 236/102
f 236/102 207/113 208/112
f 233/85 206/114 235/88
f 235/88 206/114 207/113
f 234/76 205/115 233/85
f 233/85 205/115 206/114
f 151/150 203/130 149/135
f 149/135 203/130 204/131
f 150/152 202/129 151/150
f 151/150 202/129 203/130
f 148/154 201/128 150/152
f 150/152 201/128 202/129
f 139/27 199/36 137/26
f 137/26 199/36 200/31
f 138/28 198/38 139/27
f 139/27 198/38 199/36
f 136/132 197/121 138/133
f 138/133 197/121 198/108
f 143/45 195/37 141/39
f 141/39 195/37 196/32
f 142/106 194/123 143/105
f 143/105 194/123 195/122
f 140/107 193/124 142/106
f 142/106 193/124 194/123
f 123/140 185/116 129/141
f 129/141 185/116 190/117
f 127/90 126/92 191/118
f 191/118 126/92 192/120
f 128/103 127/90 190/117
f 190/117 127/90 191/118
f 166/24 167/25 210/34
f 210/34 167/25 211/35
f 115/96 228/97 188/126
f 188/126 228/97 189/127
f 116/95 115/96 187/125
f 187/125 115/96 188/126
f 132/30 165/23 196/32
f 196/32 165/23 209/33
f 117/91 186/119 126/92
f 126/92 186/119 192/120
f 165/23 166/24 209/33
f 209/33 166/24 210/34
f 232/98 238/99 204/131
f 204/131 238/99 212/109
f 219/196 215/209 220/195
f 220/195 215/209 216/208
f 218/197 217/210 219/196
f 219/196 217/210 215/209
f 222/193 219/196 223/192
f 223/192 219/196 220/195
f 221/194 218/197 222/193
f 222/193 218/197 219/196
f 184/172 223/173 181/174
f 181/174 223/173 220/175
f 182/156 180/158 221/157
f 221/157 180/158 218/159
f 179/176 216/177 178/167
f 178/167 216/177 215/168
f 184/172 183/165 223/173
f 223/173 183/165 222/166
f 106/68 225/64 107/70
f 107/70 225/64 224/65
f 107/70 224/65 119/72
f 119/72 224/65 226/67
f 164/69 227/63 106/68
f 106/68 227/63 225/64
f 164/69 114/71 227/63
f 227/63 114/71 228/62
f 157/73 159/77 229/75
f 229/75 159/77 230/84
f 159/77 158/83 230/84
f 230/84 158/83 231/89
f 158/83 156/86 231/89
f 231/89 156/86 232/98
f 160/74 234/76 162/78
f 162/78 234/76 233/85
f 162/78 233/85 163/82
f 163/82 233/85 235/88
f 163/82 235/88 161/87
f 161/87 235/88 236/102
f 157/73 229/75 114/71
f 114/71 229/75 228/62
f 173/81 161/87 237/101
f 237/101 161/87 236/102
f 160/74 119/72 234/76
f 234/76 119/72 226/67
f 171/79 238/99 156/86
f 156/86 238/99 232/98
f 171/79 172/80 238/99
f 238/99 172/80 239/100
f 172/80 173/81 239/100
f 239/100 173/81 237/101
f 256/506 267/620 304/533
f 304/533 267/620 309/646
f 267/620 241/757 309/646
f 309/646 241/757 266/756
f 309/646 266/756 290/686
f 290/686 266/756 243/755
f 304/533 309/646 257/561
f 257/561 309/646 290/686
f 290/686 310/644 257/561
f 257/561 310/644 303/539
f 243/755 270/754 290/686
f 290/686 270/754 310/644
f 270/754 245/753 310/644
f 310/644 245/753 291/606
f 310/644 291/606 303/539
f 303/539 291/606 258/517
f 258/517 291/606 302/547
f 302/547 291/606 311/647
f 291/606 245/753 311/647
f 311/647 245/753 273/752
f 311/647 273/752 292/687
f 292/687 273/752 247/751
f 302/547 311/647 259/572
f 259/572 311/647 292/687
f 292/687 312/649 259/572
f 259/572 312/649 301/550
f 247/751 276/750 292/687
f 292/687 276/750 312/649
f 276/750 249/749 312/649
f 312/649 249/749 293/608
f 312/649 293/608 301/550
f 301/550 293/608 260/522
f 260/522 293/608 300/551
f 300/551 293/608 313/650
f 293/608 249/749 313/650
f 313/650 249/749 279/748
f 313/650 279/748 294/689
f 294/689 279/748 251/747
f 300/551 313/650 261/573
f 261/573 313/650 294/689
f 294/689 314/648 261/573
f 261/573 314/648 299/549
f 251/747 282/746 294/689
f 294/689 282/746 314/648
f 282/746 253/745 314/648
f 314/648 253/745 295/607
f 314/648 295/607 299/549
f 299/549 295/607 262/521
f 285/884 315/891 255/910
f 255/910 315/891 288/921
f 253/859 305/860 285/884
f 285/884 305/860 315/891
f 305/860 264/861 315/891
f 315/891 264/861 306/900
f 315/891 306/900 288/921
f 288/921 306/900 241/930
f 262/521 295/607 298/545
f 298/545 295/607 316/645
f 295/607 253/745 316/645
f 316/645 253/745 285/744
f 316/645 285/744 296/688
f 296/688 285/744 255/743
f 298/545 316/645 263/564
f 263/564 316/645 296/688
f 296/688 317/651 263/564
f 263/564 317/651 297/538
f 255/743 288/742 296/688
f 296/688 288/742 317/651
f 288/742 241/741 317/651
f 317/651 241/741 267/619
f 317/651 267/619 297/538
f 297/538 267/619 256/505
f 254/327 286/447 287/326
f 287/326 286/447 318/431
f 286/447 263/564 318/431
f 318/431 263/564 297/538
f 318/431 297/538 289/409
f 289/409 297/538 256/505
f 287/326 318/431 240/325
f 240/325 318/431 289/409
f 252/329 283/446 284/328
f 284/328 283/446 319/448
f 283/446 262/521 319/448
f 319/448 262/521 298/545
f 319/448 298/545 286/447
f 286/447 298/545 263/564
f 284/328 319/448 254/327
f 254/327 319/448 286/447
f 250/331 280/455 281/330
f 281/330 280/455 320/453
f 280/455 261/573 320/453
f 320/453 261/573 299/549
f 320/453 299/549 283/446
f 283/446 299/549 262/521
f 281/330 320/453 252/329
f 252/329 320/453 283/446
f 248/333 277/449 278/332
f 278/332 277/449 321/452
f 277/449 260/522 321/452
f 321/452 260/522 300/551
f 321/452 300/551 280/455
f 280/455 300/551 261/573
f 278/332 321/452 250/331
f 250/331 321/452 280/455
f 246/335 274/454 275/334
f 275/334 274/454 322/451
f 274/454 259/572 322/451
f 322/451 259/572 301/550
f 322/451 301/550 277/449
f 277/449 301/550 260/522
f 275/334 322/451 248/333
f 248/333 322/451 277/449
f 244/337 271/443 272/336
f 272/336 271/443 323/450
f 271/443 258/517 323/450
f 323/450 258/517 302/547
f 323/450 302/547 274/454
f 274/454 302/547 259/572
f 272/336 323/450 246/335
f 246/335 323/450 274/454
f 242/339 268/445 269/338
f 269/338 268/445 324/444
f 268/445 257/561 324/444
f 324/444 257/561 303/539
f 324/444 303/539 271/443
f 271/443 303/539 258/517
f 269/338 324/444 244/337
f 244/337 324/444 271/443
f 240/341 289/410 265/340
f 265/340 289/410 325/433
f 289/410 256/506 325/433
f 325/433 256/506 304/533
f 325/433 304/533 268/445
f 268/445 304/533 257/561
f 265/340 325/433 242/339
f 242/339 325/433 268/445
f 253/859 282/838 305/860
f 305/860 282/838 326/835
f 282/838 251/824 326/835
f 326/835 251/824 279/810
f 326/835 279/810 307/834
f 307/834 279/810 249/809
f 305/860 326/835 264/861
f 264/861 326/835 307/834
f 241/930 306/900 266/922
f 266/922 306/900 327/892
f 306/900 264/861 327/892
f 327/892 264/861 308/862
f 327/892 308/862 270/886
f 270/886 308/862 245/863
f 266/922 327/892 243/911
f 243/911 327/892 270/886
f 307/834 328/836 264/861
f 264/861 328/836 308/862
f 249/809 276/811 307/834
f 307/834 276/811 328/836
f 276/811 247/825 328/836
f 328/836 247/825 273/840
f 328/836 273/840 308/862
f 308/862 273/840 245/863
f 345/575 356/669 393/583
f 393/583 356/669 398/673
f 356/669 330/808 398/673
f 398/673 330/808 355/807
f 398/673 355/807 379/698
f 379/698 355/807 332/806
f 393/583 398/673 346/591
f 346/591 398/673 379/698
f 379/698 399/670 346/591
f 346/591 399/670 392/585
f 332/806 359/805 379/698
f 379/698 359/805 399/670
f 359/805 334/804 399/670
f 399/670 334/804 380/641
f 399/670 380/641 392/585
f 392/585 380/641 347/580
f 347/580 380/641 391/587
f 391/587 380/641 400/674
f 380/641 334/804 400/674
f 400/674 334/804 362/803
f 400/674 362/803 381/699
f 381/699 362/803 336/802
f 391/587 400/674 348/593
f 348/593 400/674 381/699
f 381/699 401/678 348/593
f 348/593 401/678 390/589
f 336/802 365/801 381/699
f 381/699 365/801 401/678
f 365/801 338/800 401/678
f 401/678 338/800 382/643
f 401/678 382/643 390/589
f 390/589 382/643 349/582
f 349/582 382/643 389/590
f 389/590 382/643 402/679
f 382/643 338/800 402/679
f 402/679 338/800 368/799
f 402/679 368/799 383/701
f 383/701 368/799 340/798
f 389/590 402/679 350/594
f 350/594 402/679 383/701
f 383/701 403/675 350/594
f 350/594 403/675 388/588
f 340/798 371/797 383/701
f 383/701 371/797 403/675
f 371/797 342/796 403/675
f 403/675 342/796 384/642
f 403/675 384/642 388/588
f 388/588 384/642 351/581
f 374/898 404/907 344/918
f 344/918 404/907 377/929
f 342/883 394/882 374/898
f 374/898 394/882 404/907
f 394/882 353/881 404/907
f 404/907 353/881 395/908
f 404/907 395/908 377/929
f 377/929 395/908 330/933
f 351/581 384/642 387/586
f 387/586 384/642 405/671
f 384/642 342/796 405/671
f 405/671 342/796 374/795
f 405/671 374/795 385/700
f 385/700 374/795 344/794
f 387/586 405/671 352/592
f 352/592 405/671 385/700
f 385/700 406/681 352/592
f 352/592 406/681 386/584
f 344/794 377/793 385/700
f 385/700 377/793 406/681
f 377/793 330/792 406/681
f 406/681 330/792 356/668
f 406/681 356/668 386/584
f 386/584 356/668 345/574
f 343/361 375/479 376/360
f 376/360 375/479 407/473
f 375/479 352/592 407/473
f 407/473 352/592 386/584
f 407/473 386/584 378/471
f 378/471 386/584 345/574
f 376/360 407/473 329/359
f 329/359 407/473 378/471
f 341/363 372/478 373/362
f 373/362 372/478 408/480
f 372/478 351/581 408/480
f 408/480 351/581 387/586
f 408/480 387/586 375/479
f 375/479 387/586 352/592
f 373/362 408/480 343/361
f 343/361 408/480 375/479
f 339/365 369/487 370/364
f 370/364 369/487 409/484
f 369/487 350/594 409/484
f 409/484 350/594 388/588
f 409/484 388/588 372/478
f 372/478 388/588 351/581
f 370/364 409/484 341/363
f 341/363 409/484 372/478
f 337/367 366/481 367/366
f 367/366 366/481 410/485
f 366/481 349/582 410/485
f 410/485 349/582 389/590
f 410/485 389/590 369/487
f 369/487 389/590 350/594
f 367/366 410/485 339/365
f 339/365 410/485 369/487
f 335/369 363/486 364/368
f 364/368 363/486 411/483
f 363/486 348/593 411/483
f 411/483 348/593 390/589
f 411/483 390/589 366/481
f 366/481 390/589 349/582
f 364/368 411/483 337/367
f 337/367 411/483 366/481
f 333/371 360/475 361/370
f 361/370 360/475 412/482
f 360/475 347/580 412/482
f 412/482 347/580 391/587
f 412/482 391/587 363/486
f 363/486 391/587 348/593
f 361/370 412/482 335/369
f 335/369 412/482 363/486
f 331/373 357/477 358/372
f 358/372 357/477 413/476
f 357/477 346/591 413/476
f 413/476 346/591 392/585
f 413/476 392/585 360/475
f 360/475 392/585 347/580
f 358/372 413/476 333/371
f 333/371 413/476 360/475
f 329/375 378/472 354/374
f 354/374 378/472 414/474
f 378/472 345/575 414/474
f 414/474 345/575 393/583
f 414/474 393/583 357/477
f 357/477 393/583 346/591
f 354/374 414/474 331/373
f 331/373 414/474 357/477
f 342/883 371/858 394/882
f 394/882 371/858 415/851
f 371/858 340/833 415/851
f 415/851 340/833 368/823
f 415/851 368/823 396/843
f 396/843 368/823 338/815
f 394/882 415/851 353/881
f 353/881 415/851 396/843
f 330/933 395/908 355/928
f 355/928 395/908 416/904
f 395/908 353/881 416/904
f 416/904 353/881 397/880
f 416/904 397/880 359/896
f 359/896 397/880 334/879
f 355/928 416/904 332/917
f 332/917 416/904 359/896
f 396/843 417/849 353/881
f 353/881 417/849 397/880
f 338/815 365/821 396/843
f 396/843 365/821 417/849
f 365/821 336/831 417/849
f 417/849 336/831 362/856
f 417/849 362/856 397/880
f 397/880 362/856 334/879
f 434/524 445/632 482/556
f 482/556 445/632 487/662
f 445/632 419/791 487/662
f 487/662 419/791 444/790
f 487/662 444/790 468/694
f 468/694 444/790 421/789
f 482/556 487/662 435/576
f 435/576 487/662 468/694
f 468/694 488/660 435/576
f 435/576 488/660 481/562
f 421/789 448/788 468/694
f 468/694 448/788 488/660
f 448/788 423/787 488/660
f 488/660 423/787 469/614
f 488/660 469/614 481/562
f 481/562 469/614 436/548
f 436/548 469/614 480/566
f 480/566 469/614 489/663
f 469/614 423/787 489/663
f 489/663 423/787 451/786
f 489/663 451/786 470/695
f 470/695 451/786 425/785
f 480/566 489/663 437/578
f 437/578 489/663 470/695
f 470/695 490/665 437/578
f 437/578 490/665 479/569
f 425/785 454/784 470/695
f 470/695 454/784 490/665
f 454/784 427/783 490/665
f 490/665 427/783 471/616
f 490/665 471/616 479/569
f 479/569 471/616 438/553
f 438/553 471/616 478/571
f 478/571 471/616 491/666
f 471/616 427/783 491/666
f 491/666 427/783 457/782
f 491/666 457/782 472/697
f 472/697 457/782 429/781
f 478/571 491/666 439/579
f 439/579 491/666 472/697
f 472/697 492/664 439/579
f 439/579 492/664 477/568
f 429/781 460/780 472/697
f 472/697 460/780 492/664
f 460/780 431/779 492/664
f 492/664 431/779 473/615
f 492/664 473/615 477/568
f 477/568 473/615 440/552
f 463/887 493/895 433/912
f 433/912 493/895 466/920
f 431/868 483/867 463/887
f 463/887 483/867 493/895
f 483/867 442/866 493/895
f 493/895 442/866 484/902
f 493/895 484/902 466/920
f 466/920 484/902 419/927
f 440/552 473/615 476/565
f 476/565 473/615 494/661
f 473/615 431/779 494/661
f 494/661 431/779 463/778
f 494/661 463/778 474/696
f 474/696 463/778 433/777
f 476/565 494/661 441/577
f 441/577 494/661 474/696
f 474/696 495/667 441/577
f 441/577 495/667 475/560
f 433/777 466/776 474/696
f 474/696 466/776 495/667
f 466/776 419/775 495/667
f 495/667 419/775 445/631
f 495/667 445/631 475/560
f 475/560 445/631 434/523
f 432/344 464/462 465/343
f 465/343 464/462 496/456
f 464/462 441/577 496/456
f 496/456 441/577 475/560
f 496/456 475/560 467/441
f 467/441 475/560 434/523
f 465/343 496/456 418/342
f 418/342 496/456 467/441
f 430/346 461/461 462/345
f 462/345 461/461 497/463
f 461/461 440/552 497/463
f 497/463 440/552 476/565
f 497/463 476/565 464/462
f 464/462 476/565 441/577
f 462/345 497/463 432/344
f 432/344 497/463 464/462
f 428/348 458/470 459/347
f 459/347 458/470 498/468
f 458/470 439/579 498/468
f 498/468 439/579 477/568
f 498/468 477/568 461/461
f 461/461 477/568 440/552
f 459/347 498/468 430/346
f 430/346 498/468 461/461
f 426/350 455/464 456/349
f 456/349 455/464 499/467
f 455/464 438/553 499/467
f 499/467 438/553 478/571
f 499/467 478/571 458/470
f 458/470 478/571 439/579
f 456/349 499/467 428/348
f 428/348 499/467 458/470
f 424/352 452/469 453/351
f 453/351 452/469 500/466
f 452/469 437/578 500/466
f 500/466 437/578 479/569
f 500/466 479/569 455/464
f 455/464 479/569 438/553
f 453/351 500/466 426/350
f 426/350 500/466 455/464
f 422/354 449/458 450/353
f 450/353 449/458 501/465
f 449/458 436/548 501/465
f 501/465 436/548 480/566
f 501/465 480/566 452/469
f 452/469 480/566 437/578
f 450/353 501/465 424/352
f 424/352 501/465 452/469
f 420/356 446/460 447/355
f 447/355 446/460 502/459
f 446/460 435/576 502/459
f 502/459 435/576 481/562
f 502/459 481/562 449/458
f 449/458 481/562 436/548
f 447/355 502/459 422/354
f 422/354 502/459 449/458
f 418/358 467/442 443/357
f 443/357 467/442 503/457
f 467/442 434/524 503/457
f 503/457 434/524 482/556
f 503/457 482/556 446/460
f 446/460 482/556 435/576
f 443/357 503/457 420/356
f 420/356 503/457 446/460
f 431/868 460/852 483/867
f 483/867 460/852 504/844
f 460/852 429/827 504/844
f 504/844 429/827 457/817
f 504/844 457/817 485/837
f 485/837 457/817 427/812
f 483/867 504/844 442/866
f 442/866 504/844 485/837
f 419/927 484/902 444/919
f 444/919 484/902 505/893
f 484/902 442/866 505/893
f 505/893 442/866 486/865
f 505/893 486/865 448/885
f 448/885 486/865 423/864
f 444/919 505/893 421/909
f 421/909 505/893 448/885
f 485/837 506/842 442/866
f 442/866 506/842 486/865
f 427/812 454/816 485/837
f 485/837 454/816 506/842
f 454/816 425/826 506/842
f 506/842 425/826 451/850
f 506/842 451/850 486/865
f 486/865 451/850 423/864
f 523/499 534/618 571/518
f 571/518 534/618 576/635
f 534/618 508/723 576/635
f 576/635 508/723 533/722
f 576/635 533/722 557/682
f 557/682 533/722 510/721
f 571/518 576/635 524/554
f 524/554 576/635 557/682
f 557/682 577/633 524/554
f 524/554 577/633 570/527
f 510/721 537/720 557/682
f 557/682 537/720 577/633
f 537/720 512/719 577/633
f 577/633 512/719 558/603
f 577/633 558/603 570/527
f 570/527 558/603 525/512
f 525/512 558/603 569/532
f 569/532 558/603 578/636
f 558/603 512/719 578/636
f 578/636 512/719 540/718
f 578/636 540/718 559/683
f 559/683 540/718 514/717
f 569/532 578/636 526/557
f 526/557 578/636 559/683
f 559/683 579/638 526/557
f 526/557 579/638 568/536
f 514/717 543/716 559/683
f 559/683 543/716 579/638
f 543/716 516/715 579/638
f 579/638 516/715 560/605
f 579/638 560/605 568/536
f 568/536 560/605 527/514
f 527/514 560/605 567/537
f 567/537 560/605 580/639
f 560/605 516/715 580/639
f 580/639 516/715 546/714
f 580/639 546/714 561/685
f 561/685 546/714 518/713
f 567/537 580/639 528/558
f 528/558 580/639 561/685
f 561/685 581/637 528/558
f 528/558 581/637 566/534
f 518/713 549/712 561/685
f 561/685 549/712 581/637
f 549/712 520/711 581/637
f 581/637 520/711 562/604
f 581/637 562/604 566/534
f 566/534 562/604 529/513
f 552/595 582/597 522/702
f 522/702 582/597 555/704
f 520/488 572/489 552/595
f 552/595 572/489 582/597
f 572/489 531/490 582/597
f 582/597 531/490 573/599
f 582/597 573/599 555/704
f 555/704 573/599 508/706
f 529/513 562/604 565/530
f 565/530 562/604 583/634
f 562/604 520/711 583/634
f 583/634 520/711 552/710
f 583/634 552/710 563/684
f 563/684 552/710 522/709
f 565/530 583/634 530/555
f 530/555 583/634 563/684
f 563/684 584/640 530/555
f 530/555 584/640 564/526
f 522/709 555/708 563/684
f 563/684 555/708 584/640
f 555/708 508/707 584/640
f 584/640 508/707 534/617
f 584/640 534/617 564/526
f 564/526 534/617 523/498
f 521/310 553/430 554/309
f 554/309 553/430 585/411
f 553/430 530/555 585/411
f 585/411 530/555 564/526
f 585/411 564/526 556/405
f 556/405 564/526 523/498
f 554/309 585/411 507/308
f 507/308 585/411 556/405
f 519/312 550/428 551/311
f 551/311 550/428 586/432
f 550/428 529/513 586/432
f 586/432 529/513 565/530
f 586/432 565/530 553/430
f 553/430 565/530 530/555
f 551/311 586/432 521/310
f 521/310 586/432 553/430
f 517/314 547/440 548/313
f 548/313 547/440 587/438
f 547/440 528/558 587/438
f 587/438 528/558 566/534
f 587/438 566/534 550/428
f 550/428 566/534 529/513
f 548/313 587/438 519/312
f 519/312 587/438 550/428
f 515/316 544/434 545/315
f 545/315 544/434 588/437
f 544/434 527/514 588/437
f 588/437 527/514 567/537
f 588/437 567/537 547/440
f 547/440 567/537 528/558
f 545/315 588/437 517/314
f 517/314 588/437 547/440
f 513/318 541/439 542/317
f 542/317 541/439 589/436
f 541/439 526/557 589/436
f 589/436 526/557 568/536
f 589/436 568/536 544/434
f 544/434 568/536 527/514
f 542/317 589/436 515/316
f 515/316 589/436 544/434
f 511/320 538/424 539/319
f 539/319 538/424 590/435
f 538/424 525/512 590/435
f 590/435 525/512 569/532
f 590/435 569/532 541/439
f 541/439 569/532 526/557
f 539/319 590/435 513/318
f 513/318 590/435 541/439
f 509/322 535/426 536/321
f 536/321 535/426 591/425
f 535/426 524/554 591/425
f 591/425 524/554 570/527
f 591/425 570/527 538/424
f 538/424 570/527 525/512
f 536/321 591/425 511/320
f 511/320 591/425 538/424
f 507/324 556/406 532/323
f 532/323 556/406 592/413
f 556/406 523/499 592/413
f 592/413 523/499 571/518
f 592/413 571/518 535/426
f 535/426 571/518 524/554
f 532/323 592/413 509/322
f 509/322 592/413 535/426
f 520/488 549/384 572/489
f 572/489 549/384 593/382
f 549/384 518/379 593/382
f 593/382 518/379 546/377
f 593/382 546/377 574/381
f 574/381 546/377 516/376
f 572/489 593/382 531/490
f 531/490 593/382 574/381
f 508/706 573/599 533/705
f 533/705 573/599 594/598
f 573/599 531/490 594/598
f 594/598 531/490 575/491
f 594/598 575/491 537/596
f 537/596 575/491 512/492
f 533/705 594/598 510/703
f 510/703 594/598 537/596
f 574/381 595/383 531/490
f 531/490 595/383 575/491
f 516/376 543/378 574/381
f 574/381 543/378 595/383
f 543/378 514/380 595/383
f 595/383 514/380 540/385
f 595/383 540/385 575/491
f 575/491 540/385 512/492
f 612/207 601/206 608/202
f 615/211 607/203 601/206
f 608/202 601/206 600/199
f 600/199 601/206 607/203
f 613/258 599/239 610/245
f 612/218 609/229 599/239
f 610/245 599/239 602/236
f 602/236 599/239 609/229
f 614/254 605/244 597/240
f 615/220 597/240 606/230
f 606/230 597/240 598/242
f 598/242 597/240 605/244
f 614/264 603/265 604/269
f 613/263 611/268 603/265
f 604/269 603/265 596/272
f 596/272 603/265 611/268
f 619/233 623/225 624/234
f 624/234 623/225 617/222
f 619/233 624/234 622/248
f 622/248 624/234 616/252
f 617/222 620/226 624/234
f 624/234 620/226 618/235
f 616/252 624/234 621/249
f 621/249 624/234 618/235
f 604/269 596/272 633/271
f 633/271 596/272 625/273
f 605/244 614/254 634/246
f 634/246 614/254 643/255
f 603/265 614/264 632/262
f 632/262 614/264 643/260
f 598/242 605/244 627/243
f 627/243 605/244 634/246
f 615/220 606/230 644/216
f 644/216 606/230 635/228
f 607/203 615/211 636/201
f 636/201 615/211 644/205
f 623/225 652/223 617/222
f 617/222 652/223 646/215
f 621/249 650/251 616/252
f 616/252 650/251 645/256
f 611/268 613/263 640/270
f 640/270 613/263 642/266
f 622/248 651/250 619/233
f 619/233 651/250 648/231
f 617/222 646/215 620/226
f 620/226 646/215 649/224
f 619/233 648/231 623/225
f 623/225 648/231 652/223
f 606/230 598/242 635/228
f 635/228 598/242 627/243
f 618/235 647/237 621/249
f 621/249 647/237 650/251
f 600/199 607/203 629/198
f 629/198 607/203 636/201
f 612/207 608/202 641/204
f 641/204 608/202 637/200
f 620/226 649/224 618/235
f 618/235 649/224 647/237
f 599/239 613/258 628/238
f 628/238 613/258 642/257
f 612/218 599/239 641/219
f 641/219 599/239 628/238
f 614/264 604/269 643/267
f 643/267 604/269 633/271
f 608/202 600/199 637/200
f 637/200 600/199 629/198
f 597/240 615/220 626/241
f 626/241 615/220 644/221
f 602/236 609/229 631/232
f 631/232 609/229 638/227
f 613/263 603/265 642/261
f 642/261 603/265 632/262
f 614/254 597/240 643/253
f 643/253 597/240 626/241
f 613/258 610/245 642/259
f 642/259 610/245 639/247
f 615/211 601/206 644/213
f 644/213 601/206 630/212
f 609/229 612/218 638/227
f 638/227 612/218 641/217
f 610/245 602/236 639/247
f 639/247 602/236 631/232
f 616/252 645/256 622/248
f 622/248 645/256 651/250
f 601/206 612/207 630/212
f 630/212 612/207 641/214
f 596/272 611/268 625/273
f 625/273 611/268 640/270
f 669/495 680/602 717/509
f 717/509 680/602 722/628
f 680/602 654/732 722/628
f 722/628 654/732 679/731
f 722/628 679/731 703/677
f 703/677 679/731 656/730
f 717/509 722/628 670/528
f 670/528 722/628 703/677
f 703/677 723/627 670/528
f 670/528 723/627 716/508
f 656/730 683/729 703/677
f 703/677 683/729 723/627
f 683/729 658/728 723/627
f 723/627 658/728 704/601
f 723/627 704/601 716/508
f 716/508 704/601 671/497
f 671/497 704/601 715/507
f 715/507 704/601 724/624
f 704/601 658/728 724/624
f 724/624 658/728 686/727
f 724/624 686/727 705/676
f 705/676 686/727 660/726
f 715/507 724/624 672/525
f 672/525 724/624 705/676
f 705/676 725/629 672/525
f 672/525 725/629 714/501
f 660/726 689/725 705/676
f 705/676 689/725 725/629
f 689/725 662/724 725/629
f 725/629 662/724 706/612
f 725/629 706/612 714/501
f 714/501 706/612 673/493
f 673/494 706/613 713/500
f 713/500 706/613 726/625
f 706/613 662/740 726/625
f 726/625 662/740 692/739
f 726/625 692/739 707/672
f 707/672 692/739 664/738
f 713/500 726/625 674/520
f 674/520 726/625 707/672
f 707/672 727/623 674/520
f 674/520 727/623 712/504
f 664/738 695/737 707/672
f 707/672 695/737 727/623
f 695/737 666/736 727/623
f 727/623 666/736 708/600
f 727/623 708/600 712/504
f 712/504 708/600 675/496
f 698/889 728/899 668/914
f 668/914 728/899 701/924
f 666/871 718/872 698/889
f 698/889 718/872 728/899
f 718/872 677/873 728/899
f 728/899 677/873 719/905
f 728/899 719/905 701/924
f 701/924 719/905 654/932
f 675/496 708/600 711/510
f 711/510 708/600 729/626
f 708/600 666/736 729/626
f 729/626 666/736 698/735
f 729/626 698/735 709/680
f 709/680 698/735 668/734
f 711/510 729/626 676/531
f 676/531 729/626 709/680
f 709/680 730/630 676/531
f 676/531 730/630 710/511
f 668/734 701/733 709/680
f 709/680 701/733 730/630
f 701/733 654/732 730/630
f 730/630 654/732 680/602
f 730/630 680/602 710/511
f 710/511 680/602 669/495
f 699/401 731/395 667/284
f 667/284 731/395 700/283
f 699/401 676/531 731/395
f 731/395 676/531 710/511
f 731/395 710/511 702/398
f 702/398 710/511 669/495
f 731/395 702/398 700/283
f 700/283 702/398 653/282
f 696/390 732/397 665/286
f 665/286 732/397 697/285
f 696/390 675/496 732/397
f 732/397 675/496 711/510
f 732/397 711/510 699/401
f 699/401 711/510 676/531
f 732/397 699/401 697/285
f 697/285 699/401 667/284
f 693/392 733/391 663/288
f 663/288 733/391 694/287
f 693/392 674/520 733/391
f 733/391 674/520 712/504
f 733/391 712/504 696/390
f 696/390 712/504 675/496
f 733/391 696/390 694/287
f 694/287 696/390 665/286
f 690/387 734/388 661/290
f 661/290 734/388 691/289
f 690/387 673/494 734/388
f 734/388 673/494 713/500
f 734/388 713/500 693/392
f 693/392 713/500 674/520
f 734/388 693/392 691/289
f 691/289 693/392 663/288
f 659/276 687/394 688/275
f 688/275 687/394 735/389
f 687/394 672/525 735/389
f 735/389 672/525 714/501
f 735/389 714/501 690/386
f 690/386 714/501 673/493
f 688/275 735/389 661/274
f 661/274 735/389 690/386
f 657/278 684/393 685/277
f 685/277 684/393 736/396
f 684/393 671/497 736/396
f 736/396 671/497 715/507
f 736/396 715/507 687/394
f 687/394 715/507 672/525
f 685/277 736/396 659/276
f 659/276 736/396 687/394
f 655/280 681/402 682/279
f 682/279 681/402 737/399
f 681/402 670/528 737/399
f 737/399 670/528 716/508
f 737/399 716/508 684/393
f 684/393 716/508 671/497
f 682/279 737/399 657/278
f 657/278 737/399 684/393
f 653/282 702/398 678/281
f 678/281 702/398 738/400
f 702/398 669/495 738/400
f 738/400 669/495 717/509
f 738/400 717/509 681/402
f 681/402 717/509 670/528
f 678/281 738/400 655/280
f 655/280 738/400 681/402
f 666/871 695/854 718/872
f 718/872 695/854 739/846
f 695/854 664/829 739/846
f 739/846 664/829 692/818
f 739/846 692/818 720/839
f 720/839 692/818 662/813
f 718/872 739/846 677/873
f 677/873 739/846 720/839
f 654/932 719/905 679/925
f 679/925 719/905 740/901
f 719/905 677/873 740/901
f 740/901 677/873 721/874
f 740/901 721/874 683/890
f 683/890 721/874 658/876
f 679/925 740/901 656/915
f 656/915 740/901 683/890
f 720/839 741/847 677/873
f 677/873 741/847 721/874
f 662/813 689/820 720/839
f 720/839 689/820 741/847
f 689/820 660/830 741/847
f 741/847 660/830 686/855
f 741/847 686/855 721/874
f 721/874 686/855 658/876
f 776/1624 744/1648 819/1618
f 819/1618 744/1648 804/1642
f 855/1606 833/1630 779/1612
f 779/1612 833/1630 745/1636
f 819/1618 804/1642 855/1606
f 855/1606 804/1642 833/1630
f 747/946 805/970 746/940
f 746/940 805/970 847/964
f 831/1042 807/1072 861/1030
f 861/1030 807/1072 849/1054
f 829/1138 809/1162 860/1132
f 860/1132 809/1162 850/1156
f 827/1240 811/1264 859/1222
f 859/1222 811/1264 851/1246
f 825/1336 813/1354 858/1318
f 858/1318 813/1354 852/1348
f 823/1426 815/1450 857/1414
f 857/1414 815/1450 853/1438
f 821/1528 817/1552 856/1510
f 856/1510 817/1552 854/1540
f 746/940 847/964 743/934
f 743/934 847/964 754/958
f 861/1030 849/1054 800/1036
f 800/1036 849/1054 753/1060
f 860/1132 850/1156 796/1126
f 796/1126 850/1156 752/1150
f 859/1222 851/1246 792/1228
f 792/1228 851/1246 751/1252
f 858/1318 852/1348 788/1324
f 788/1324 852/1348 750/1342
f 857/1414 853/1438 784/1420
f 784/1420 853/1438 749/1444
f 856/1510 854/1540 780/1516
f 780/1516 854/1540 748/1534
f 742/952 755/976 747/946
f 747/946 755/976 805/970
f 801/1048 756/1066 831/1042
f 831/1042 756/1066 807/1072
f 797/1144 757/1168 829/1138
f 829/1138 757/1168 809/1162
f 793/1234 758/1258 827/1240
f 827/1240 758/1258 811/1264
f 789/1330 759/1360 825/1336
f 825/1336 759/1360 813/1354
f 785/1432 760/1456 823/1426
f 823/1426 760/1456 815/1450
f 781/1522 761/1546 821/1528
f 821/1528 761/1546 817/1552
f 817/1552 819/1618 854/1540
f 854/1540 819/1618 855/1606
f 815/1450 821/1528 853/1438
f 853/1438 821/1528 856/1510
f 813/1354 823/1426 852/1348
f 852/1348 823/1426 857/1414
f 811/1264 825/1336 851/1246
f 851/1246 825/1336 858/1318
f 809/1162 827/1240 850/1156
f 850/1156 827/1240 859/1222
f 807/1072 829/1138 849/1054
f 849/1054 829/1138 860/1132
f 805/970 831/1042 847/964
f 847/964 831/1042 861/1030
f 769/1000 805/970 806/994
f 806/994 805/970 755/976
f 770/1096 807/1072 808/1090
f 808/1090 807/1072 756/1066
f 771/1192 809/1162 810/1186
f 810/1186 809/1162 757/1168
f 772/1288 811/1264 812/1282
f 812/1282 811/1264 758/1258
f 814/1384 773/1378 759/1360
f 759/1360 773/1378 813/1354
f 816/1480 774/1474 760/1456
f 760/1456 774/1474 815/1450
f 818/1570 775/1576 761/1546
f 761/1546 775/1576 817/1552
f 820/1588 818/1570 776/1624
f 776/1624 818/1570 761/1546
f 775/1576 778/1582 817/1552
f 817/1552 778/1582 819/1618
f 820/1588 776/1624 778/1582
f 778/1582 776/1624 819/1618
f 822/1486 816/1480 781/1522
f 781/1522 816/1480 760/1456
f 774/1474 783/1492 815/1450
f 815/1450 783/1492 821/1528
f 822/1486 781/1522 783/1492
f 783/1492 781/1522 821/1528
f 824/1396 814/1384 785/1432
f 785/1432 814/1384 759/1360
f 773/1378 787/1390 813/1354
f 813/1354 787/1390 823/1426
f 824/1396 785/1432 787/1390
f 787/1390 785/1432 823/1426
f 826/1300 812/1282 789/1330
f 789/1330 812/1282 758/1258
f 772/1288 791/1294 811/1264
f 811/1264 791/1294 825/1336
f 791/1294 826/1300 825/1336
f 825/1336 826/1300 789/1330
f 828/1204 810/1186 793/1234
f 793/1234 810/1186 757/1168
f 771/1192 795/1198 809/1162
f 809/1162 795/1198 827/1240
f 795/1198 828/1204 827/1240
f 827/1240 828/1204 793/1234
f 830/1102 808/1090 797/1144
f 797/1144 808/1090 756/1066
f 770/1096 799/1108 807/1072
f 807/1072 799/1108 829/1138
f 799/1108 830/1102 829/1138
f 829/1138 830/1102 797/1144
f 832/1012 806/994 801/1048
f 801/1048 806/994 755/976
f 769/1000 803/1006 805/970
f 805/970 803/1006 831/1042
f 803/1006 832/1012 831/1042
f 831/1042 832/1012 801/1048
f 835/1558 834/1600 748/1534
f 748/1534 834/1600 779/1612
f 837/1462 836/1504 749/1444
f 749/1444 836/1504 780/1516
f 839/1372 838/1402 750/1342
f 750/1342 838/1402 784/1420
f 841/1270 840/1306 751/1252
f 751/1252 840/1306 788/1324
f 843/1174 842/1216 752/1150
f 752/1150 842/1216 792/1228
f 845/1078 844/1114 753/1060
f 753/1060 844/1114 796/1126
f 848/982 846/1024 754/958
f 754/958 846/1024 800/1036
f 848/982 754/958 762/988
f 762/988 754/958 847/964
f 845/1078 753/1060 763/1084
f 763/1084 753/1060 849/1054
f 843/1174 752/1150 764/1180
f 764/1180 752/1150 850/1156
f 841/1270 751/1252 765/1276
f 765/1276 751/1252 851/1246
f 766/1366 839/1372 852/1348
f 852/1348 839/1372 750/1342
f 767/1468 837/1462 853/1438
f 853/1438 837/1462 749/1444
f 768/1564 835/1558 854/1540
f 854/1540 835/1558 748/1534
f 777/1594 768/1564 855/1606
f 855/1606 768/1564 854/1540
f 777/1594 855/1606 834/1600
f 834/1600 855/1606 779/1612
f 782/1498 767/1468 856/1510
f 856/1510 767/1468 853/1438
f 782/1498 856/1510 836/1504
f 836/1504 856/1510 780/1516
f 786/1408 766/1366 857/1414
f 857/1414 766/1366 852/1348
f 786/1408 857/1414 838/1402
f 838/1402 857/1414 784/1420
f 790/1312 765/1276 858/1318
f 858/1318 765/1276 851/1246
f 790/1312 858/1318 840/1306
f 840/1306 858/1318 788/1324
f 794/1210 764/1180 859/1222
f 859/1222 764/1180 850/1156
f 842/1216 794/1210 792/1228
f 792/1228 794/1210 859/1222
f 798/1120 763/1084 860/1132
f 860/1132 763/1084 849/1054
f 844/1114 798/1120 796/1126
f 796/1126 798/1120 860/1132
f 802/1018 762/988 861/1030
f 861/1030 762/988 847/964
f 846/1024 802/1018 800/1036
f 800/1036 802/1018 861/1030
f 892/1625 862/1649 935/1619
f 935/1619 862/1649 920/1643
f 971/1607 949/1631 895/1613
f 895/1613 949/1631 863/1637
f 935/1619 920/1643 971/1607
f 971/1607 920/1643 949/1631
f 804/947 921/971 833/941
f 833/941 921/971 963/965
f 947/1043 923/1073 977/1031
f 977/1031 923/1073 965/1055
f 945/1139 925/1163 976/1133
f 976/1133 925/1163 966/1157
f 943/1241 927/1265 975/1223
f 975/1223 927/1265 967/1247
f 941/1337 929/1355 974/1319
f 974/1319 929/1355 968/1349
f 939/1427 931/1451 973/1415
f 973/1415 931/1451 969/1439
f 937/1529 933/1553 972/1511
f 972/1511 933/1553 970/1541
f 833/941 963/965 745/935
f 745/935 963/965 870/959
f 977/1031 965/1055 916/1037
f 916/1037 965/1055 869/1061
f 976/1133 966/1157 912/1127
f 912/1127 966/1157 868/1151
f 975/1223 967/1247 908/1229
f 908/1229 967/1247 867/1253
f 974/1319 968/1349 904/1325
f 904/1325 968/1349 866/1343
f 973/1415 969/1439 900/1421
f 900/1421 969/1439 865/1445
f 972/1511 970/1541 896/1517
f 896/1517 970/1541 864/1535
f 744/953 871/977 804/947
f 804/947 871/977 921/971
f 917/1049 872/1067 947/1043
f 947/1043 872/1067 923/1073
f 913/1145 873/1169 945/1139
f 945/1139 873/1169 925/1163
f 909/1235 874/1259 943/1241
f 943/1241 874/1259 927/1265
f 905/1331 875/1361 941/1337
f 941/1337 875/1361 929/1355
f 901/1433 876/1457 939/1427
f 939/1427 876/1457 931/1451
f 897/1523 877/1547 937/1529
f 937/1529 877/1547 933/1553
f 933/1553 935/1619 970/1541
f 970/1541 935/1619 971/1607
f 931/1451 937/1529 969/1439
f 969/1439 937/1529 972/1511
f 929/1355 939/1427 968/1349
f 968/1349 939/1427 973/1415
f 927/1265 941/1337 967/1247
f 967/1247 941/1337 974/1319
f 925/1163 943/1241 966/1157
f 966/1157 943/1241 975/1223
f 923/1073 945/1139 965/1055
f 965/1055 945/1139 976/1133
f 921/971 947/1043 963/965
f 963/965 947/1043 977/1031
f 885/1001 921/971 922/995
f 922/995 921/971 871/977
f 886/1097 923/1073 924/1091
f 924/1091 923/1073 872/1067
f 887/1193 925/1163 926/1187
f 926/1187 925/1163 873/1169
f 888/1289 927/1265 928/1283
f 928/1283 927/1265 874/1259
f 930/1385 889/1379 875/1361
f 875/1361 889/1379 929/1355
f 932/1481 890/1475 876/1457
f 876/1457 890/1475 931/1451
f 934/1571 891/1577 877/1547
f 877/1547 891/1577 933/1553
f 936/1589 934/1571 892/1625
f 892/1625 934/1571 877/1547
f 891/1577 894/1583 933/1553
f 933/1553 894/1583 935/1619
f 936/1589 892/1625 894/1583
f 894/1583 892/1625 935/1619
f 938/1487 932/1481 897/1523
f 897/1523 932/1481 876/1457
f 890/1475 899/1493 931/1451
f 931/1451 899/1493 937/1529
f 938/1487 897/1523 899/1493
f 899/1493 897/1523 937/1529
f 940/1397 930/1385 901/1433
f 901/1433 930/1385 875/1361
f 889/1379 903/1391 929/1355
f 929/1355 903/1391 939/1427
f 940/1397 901/1433 903/1391
f 903/1391 901/1433 939/1427
f 942/1301 928/1283 905/1331
f 905/1331 928/1283 874/1259
f 888/1289 907/1295 927/1265
f 927/1265 907/1295 941/1337
f 907/1295 942/1301 941/1337
f 941/1337 942/1301 905/1331
f 944/1205 926/1187 909/1235
f 909/1235 926/1187 873/1169
f 887/1193 911/1199 925/1163
f 925/1163 911/1199 943/1241
f 911/1199 944/1205 943/1241
f 943/1241 944/1205 909/1235
f 946/1103 924/1091 913/1145
f 913/1145 924/1091 872/1067
f 886/1097 915/1109 923/1073
f 923/1073 915/1109 945/1139
f 915/1109 946/1103 945/1139
f 945/1139 946/1103 913/1145
f 948/1013 922/995 917/1049
f 917/1049 922/995 871/977
f 885/1001 919/1007 921/971
f 921/971 919/1007 947/1043
f 919/1007 948/1013 947/1043
f 947/1043 948/1013 917/1049
f 951/1559 950/1601 864/1535
f 864/1535 950/1601 895/1613
f 953/1463 952/1505 865/1445
f 865/1445 952/1505 896/1517
f 955/1373 954/1403 866/1343
f 866/1343 954/1403 900/1421
f 957/1271 956/1307 867/1253
f 867/1253 956/1307 904/1325
f 959/1175 958/1217 868/1151
f 868/1151 958/1217 908/1229
f 961/1079 960/1115 869/1061
f 869/1061 960/1115 912/1127
f 964/983 962/1025 870/959
f 870/959 962/1025 916/1037
f 964/983 870/959 878/989
f 878/989 870/959 963/965
f 961/1079 869/1061 879/1085
f 879/1085 869/1061 965/1055
f 959/1175 868/1151 880/1181
f 880/1181 868/1151 966/1157
f 957/1271 867/1253 881/1277
f 881/1277 867/1253 967/1247
f 882/1367 955/1373 968/1349
f 968/1349 955/1373 866/1343
f 883/1469 953/1463 969/1439
f 969/1439 953/1463 865/1445
f 884/1565 951/1559 970/1541
f 970/1541 951/1559 864/1535
f 893/1595 884/1565 971/1607
f 971/1607 884/1565 970/1541
f 893/1595 971/1607 950/1601
f 950/1601 971/1607 895/1613
f 898/1499 883/1469 972/1511
f 972/1511 883/1469 969/1439
f 898/1499 972/1511 952/1505
f 952/1505 972/1511 896/1517
f 902/1409 882/1367 973/1415
f 973/1415 882/1367 968/1349
f 902/1409 973/1415 954/1403
f 954/1403 973/1415 900/1421
f 906/1313 881/1277 974/1319
f 974/1319 881/1277 967/1247
f 906/1313 974/1319 956/1307
f 956/1307 974/1319 904/1325
f 910/1211 880/1181 975/1223
f 975/1223 880/1181 966/1157
f 958/1217 910/1211 908/1229
f 908/1229 910/1211 975/1223
f 914/1121 879/1085 976/1133
f 976/1133 879/1085 965/1055
f 960/1115 914/1121 912/1127
f 912/1127 914/1121 976/1133
f 918/1019 878/989 977/1031
f 977/1031 878/989 963/965
f 962/1025 918/1019 916/1037
f 916/1037 918/1019 977/1031
f 1008/1626 978/1650 1051/1620
f 1051/1620 978/1650 1036/1644
f 1087/1608 1065/1632 1011/1614
f 1011/1614 1065/1632 979/1638
f 1051/1620 1036/1644 1087/1608
f 1087/1608 1036/1644 1065/1632
f 920/948 1037/972 949/942
f 949/942 1037/972 1079/966
f 1063/1044 1039/1074 1093/1032
f 1093/1032 1039/1074 1081/1056
f 1061/1140 1041/1164 1092/1134
f 1092/1134 1041/1164 1082/1158
f 1059/1242 1043/1266 1091/1224
f 1091/1224 1043/1266 1083/1248
f 1090/1320 1057/1338 1084/1350
f 1084/1350 1057/1338 1045/1356
f 1089/1416 1055/1428 1085/1440
f 1085/1440 1055/1428 1047/1452
f 1088/1512 1053/1530 1086/1542
f 1086/1542 1053/1530 1049/1554
f 949/942 1079/966 863/936
f 863/936 1079/966 986/960
f 1093/1032 1081/1056 1032/1038
f 1032/1038 1081/1056 985/1062
f 1092/1134 1082/1158 1028/1128
f 1028/1128 1082/1158 984/1152
f 1091/1224 1083/1248 1024/1230
f 1024/1230 1083/1248 983/1254
f 1020/1326 1090/1320 982/1344
f 982/1344 1090/1320 1084/1350
f 1016/1422 1089/1416 981/1446
f 981/1446 1089/1416 1085/1440
f 1012/1518 1088/1512 980/1536
f 980/1536 1088/1512 1086/1542
f 862/954 987/978 920/948
f 920/948 987/978 1037/972
f 1033/1050 988/1068 1063/1044
f 1063/1044 988/1068 1039/1074
f 1029/1146 989/1170 1061/1140
f 1061/1140 989/1170 1041/1164
f 1025/1236 990/1260 1059/1242
f 1059/1242 990/1260 1043/1266
f 1021/1332 991/1362 1057/1338
f 1057/1338 991/1362 1045/1356
f 1055/1428 1017/1434 1047/1452
f 1047/1452 1017/1434 992/1458
f 1013/1524 993/1548 1053/1530
f 1053/1530 993/1548 1049/1554
f 1049/1554 1051/1620 1086/1542
f 1086/1542 1051/1620 1087/1608
f 1085/1440 1047/1452 1088/1512
f 1088/1512 1047/1452 1053/1530
f 1084/1350 1045/1356 1089/1416
f 1089/1416 1045/1356 1055/1428
f 1083/1248 1043/1266 1090/1320
f 1090/1320 1043/1266 1057/1338
f 1041/1164 1059/1242 1082/1158
f 1082/1158 1059/1242 1091/1224
f 1039/1074 1061/1140 1081/1056
f 1081/1056 1061/1140 1092/1134
f 1037/972 1063/1044 1079/966
f 1079/966 1063/1044 1093/1032
f 1001/1002 1037/972 1038/996
f 1038/996 1037/972 987/978
f 1002/1098 1039/1074 1040/1092
f 1040/1092 1039/1074 988/1068
f 1003/1194 1041/1164 1042/1188
f 1042/1188 1041/1164 989/1170
f 1004/1290 1043/1266 1044/1284
f 1044/1284 1043/1266 990/1260
f 1005/1380 1045/1356 1046/1386
f 1046/1386 1045/1356 991/1362
f 1048/1482 1006/1476 992/1458
f 992/1458 1006/1476 1047/1452
f 1050/1572 1007/1578 993/1548
f 993/1548 1007/1578 1049/1554
f 1052/1590 1050/1572 1008/1626
f 1008/1626 1050/1572 993/1548
f 1007/1578 1010/1584 1049/1554
f 1049/1554 1010/1584 1051/1620
f 1052/1590 1008/1626 1010/1584
f 1010/1584 1008/1626 1051/1620
f 1054/1488 1048/1482 1013/1524
f 1013/1524 1048/1482 992/1458
f 1006/1476 1015/1494 1047/1452
f 1047/1452 1015/1494 1053/1530
f 1054/1488 1013/1524 1015/1494
f 1015/1494 1013/1524 1053/1530
f 1046/1386 991/1362 1056/1398
f 1056/1398 991/1362 1017/1434
f 1005/1380 1019/1392 1045/1356
f 1045/1356 1019/1392 1055/1428
f 1019/1392 1056/1398 1055/1428
f 1055/1428 1056/1398 1017/1434
f 1058/1302 1044/1284 1021/1332
f 1021/1332 1044/1284 990/1260
f 1004/1290 1023/1296 1043/1266
f 1043/1266 1023/1296 1057/1338
f 1058/1302 1021/1332 1023/1296
f 1023/1296 1021/1332 1057/1338
f 1042/1188 989/1170 1060/1206
f 1060/1206 989/1170 1025/1236
f 1003/1194 1027/1200 1041/1164
f 1041/1164 1027/1200 1059/1242
f 1027/1200 1060/1206 1059/1242
f 1059/1242 1060/1206 1025/1236
f 1062/1104 1040/1092 1029/1146
f 1029/1146 1040/1092 988/1068
f 1031/1110 1061/1140 1002/1098
f 1002/1098 1061/1140 1039/1074
f 1031/1110 1062/1104 1061/1140
f 1061/1140 1062/1104 1029/1146
f 1033/1050 1064/1014 987/978
f 1064/1014 1038/996 987/978
f 1001/1002 1035/1008 1037/972
f 1037/972 1035/1008 1063/1044
f 1064/1014 1033/1050 1035/1008
f 1035/1008 1033/1050 1063/1044
f 1066/1602 1011/1614 1067/1560
f 1067/1560 1011/1614 980/1536
f 1069/1464 1068/1506 981/1446
f 981/1446 1068/1506 1012/1518
f 1070/1404 1016/1422 1071/1374
f 1071/1374 1016/1422 982/1344
f 1072/1308 1020/1326 1073/1272
f 1073/1272 1020/1326 983/1254
f 1075/1176 1074/1218 984/1152
f 984/1152 1074/1218 1024/1230
f 1077/1080 1076/1116 985/1062
f 985/1062 1076/1116 1028/1128
f 1080/984 1078/1026 986/960
f 986/960 1078/1026 1032/1038
f 1080/984 986/960 994/990
f 994/990 986/960 1079/966
f 1077/1080 985/1062 995/1086
f 995/1086 985/1062 1081/1056
f 1075/1176 984/1152 996/1182
f 996/1182 984/1152 1082/1158
f 997/1278 1073/1272 1083/1248
f 1083/1248 1073/1272 983/1254
f 998/1368 1071/1374 1084/1350
f 1084/1350 1071/1374 982/1344
f 999/1470 1069/1464 1085/1440
f 1085/1440 1069/1464 981/1446
f 1000/1566 1067/1560 1086/1542
f 1086/1542 1067/1560 980/1536
f 1009/1596 1000/1566 1087/1608
f 1087/1608 1000/1566 1086/1542
f 1009/1596 1087/1608 1066/1602
f 1066/1602 1087/1608 1011/1614
f 999/1470 1085/1440 1014/1500
f 1014/1500 1085/1440 1088/1512
f 1068/1506 1014/1500 1012/1518
f 1012/1518 1014/1500 1088/1512
f 998/1368 1084/1350 1018/1410
f 1018/1410 1084/1350 1089/1416
f 1070/1404 1018/1410 1016/1422
f 1016/1422 1018/1410 1089/1416
f 997/1278 1083/1248 1022/1314
f 1022/1314 1083/1248 1090/1320
f 1072/1308 1022/1314 1020/1326
f 1020/1326 1022/1314 1090/1320
f 1026/1212 996/1182 1091/1224
f 1091/1224 996/1182 1082/1158
f 1026/1212 1091/1224 1074/1218
f 1074/1218 1091/1224 1024/1230
f 1030/1122 995/1086 1092/1134
f 1092/1134 995/1086 1081/1056
f 1030/1122 1092/1134 1076/1116
f 1076/1116 1092/1134 1028/1128
f 1034/1020 994/990 1093/1032
f 994/990 1079/966 1093/1032
f 1034/1020 1093/1032 1078/1026
f 1078/1026 1093/1032 1032/1038
f 1156/1645 1096/1651 1171/1621
f 1171/1621 1096/1651 1128/1627
f 1097/1639 1185/1633 1131/1615
f 1131/1615 1185/1633 1207/1609
f 1185/1633 1156/1645 1207/1609
f 1207/1609 1156/1645 1171/1621
f 1199/967 1157/973 1098/943
f 1098/943 1157/973 1099/949
f 1201/1057 1159/1075 1213/1033
f 1213/1033 1159/1075 1183/1045
f 1202/1159 1161/1165 1212/1135
f 1212/1135 1161/1165 1181/1141
f 1203/1249 1163/1267 1211/1225
f 1211/1225 1163/1267 1179/1243
f 1204/1351 1165/1357 1210/1321
f 1210/1321 1165/1357 1177/1339
f 1205/1441 1167/1453 1209/1417
f 1209/1417 1167/1453 1175/1429
f 1206/1543 1169/1555 1208/1513
f 1208/1513 1169/1555 1173/1531
f 1106/961 1199/967 1095/937
f 1095/937 1199/967 1098/943
f 1105/1063 1201/1057 1152/1039
f 1152/1039 1201/1057 1213/1033
f 1104/1153 1202/1159 1148/1129
f 1148/1129 1202/1159 1212/1135
f 1103/1255 1203/1249 1144/1231
f 1144/1231 1203/1249 1211/1225
f 1102/1345 1204/1351 1140/1327
f 1140/1327 1204/1351 1210/1321
f 1101/1447 1205/1441 1136/1423
f 1136/1423 1205/1441 1209/1417
f 1100/1537 1206/1543 1132/1519
f 1132/1519 1206/1543 1208/1513
f 1157/973 1107/979 1099/949
f 1099/949 1107/979 1094/955
f 1159/1075 1108/1069 1183/1045
f 1183/1045 1108/1069 1153/1051
f 1161/1165 1109/1171 1181/1141
f 1181/1141 1109/1171 1149/1147
f 1163/1267 1110/1261 1179/1243
f 1179/1243 1110/1261 1145/1237
f 1165/1357 1111/1363 1177/1339
f 1177/1339 1111/1363 1141/1333
f 1167/1453 1112/1459 1175/1429
f 1175/1429 1112/1459 1137/1435
f 1169/1555 1113/1549 1173/1531
f 1173/1531 1113/1549 1133/1525
f 1207/1609 1171/1621 1206/1543
f 1206/1543 1171/1621 1169/1555
f 1208/1513 1173/1531 1205/1441
f 1205/1441 1173/1531 1167/1453
f 1209/1417 1175/1429 1204/1351
f 1204/1351 1175/1429 1165/1357
f 1210/1321 1177/1339 1203/1249
f 1203/1249 1177/1339 1163/1267
f 1211/1225 1179/1243 1202/1159
f 1202/1159 1179/1243 1161/1165
f 1212/1135 1181/1141 1201/1057
f 1201/1057 1181/1141 1159/1075
f 1213/1033 1183/1045 1199/967
f 1199/967 1183/1045 1157/973
f 1107/979 1157/973 1158/997
f 1158/997 1157/973 1121/1003
f 1108/1069 1159/1075 1160/1093
f 1160/1093 1159/1075 1122/1099
f 1109/1171 1161/1165 1162/1189
f 1162/1189 1161/1165 1123/1195
f 1110/1261 1163/1267 1164/1285
f 1164/1285 1163/1267 1124/1291
f 1166/1387 1111/1363 1125/1381
f 1125/1381 1111/1363 1165/1357
f 1168/1483 1112/1459 1126/1477
f 1126/1477 1112/1459 1167/1453
f 1170/1573 1113/1549 1127/1579
f 1127/1579 1113/1549 1169/1555
f 1172/1591 1128/1627 1170/1573
f 1170/1573 1128/1627 1113/1549
f 1127/1579 1169/1555 1130/1585
f 1130/1585 1169/1555 1171/1621
f 1171/1621 1128/1627 1130/1585
f 1130/1585 1128/1627 1172/1591
f 1174/1489 1133/1525 1168/1483
f 1168/1483 1133/1525 1112/1459
f 1126/1477 1167/1453 1135/1495
f 1135/1495 1167/1453 1173/1531
f 1173/1531 1133/1525 1135/1495
f 1135/1495 1133/1525 1174/1489
f 1176/1399 1137/1435 1166/1387
f 1166/1387 1137/1435 1111/1363
f 1125/1381 1165/1357 1139/1393
f 1139/1393 1165/1357 1175/1429
f 1175/1429 1137/1435 1139/1393
f 1139/1393 1137/1435 1176/1399
f 1178/1303 1141/1333 1164/1285
f 1164/1285 1141/1333 1110/1261
f 1124/1291 1163/1267 1143/1297
f 1143/1297 1163/1267 1177/1339
f 1143/1297 1177/1339 1178/1303
f 1178/1303 1177/1339 1141/1333
f 1180/1207 1145/1237 1162/1189
f 1162/1189 1145/1237 1109/1171
f 1123/1195 1161/1165 1147/1201
f 1147/1201 1161/1165 1179/1243
f 1147/1201 1179/1243 1180/1207
f 1180/1207 1179/1243 1145/1237
f 1182/1105 1149/1147 1160/1093
f 1160/1093 1149/1147 1108/1069
f 1122/1099 1159/1075 1151/1111
f 1151/1111 1159/1075 1181/1141
f 1151/1111 1181/1141 1182/1105
f 1182/1105 1181/1141 1149/1147
f 1184/1015 1153/1051 1158/997
f 1158/997 1153/1051 1107/979
f 1121/1003 1157/973 1155/1009
f 1155/1009 1157/973 1183/1045
f 1155/1009 1183/1045 1184/1015
f 1184/1015 1183/1045 1153/1051
f 1187/1561 1100/1537 1186/1603
f 1186/1603 1100/1537 1131/1615
f 1189/1465 1101/1447 1188/1507
f 1188/1507 1101/1447 1132/1519
f 1191/1375 1102/1345 1190/1405
f 1190/1405 1102/1345 1136/1423
f 1193/1273 1103/1255 1192/1309
f 1192/1309 1103/1255 1140/1327
f 1195/1177 1104/1153 1194/1219
f 1194/1219 1104/1153 1144/1231
f 1197/1081 1105/1063 1196/1117
f 1196/1117 1105/1063 1148/1129
f 1200/985 1106/961 1198/1027
f 1198/1027 1106/961 1152/1039
f 1199/967 1106/961 1114/991
f 1114/991 1106/961 1200/985
f 1201/1057 1105/1063 1115/1087
f 1115/1087 1105/1063 1197/1081
f 1202/1159 1104/1153 1116/1183
f 1116/1183 1104/1153 1195/1177
f 1203/1249 1103/1255 1117/1279
f 1117/1279 1103/1255 1193/1273
f 1118/1369 1204/1351 1191/1375
f 1191/1375 1204/1351 1102/1345
f 1119/1471 1205/1441 1189/1465
f 1189/1465 1205/1441 1101/1447
f 1120/1567 1206/1543 1187/1561
f 1187/1561 1206/1543 1100/1537
f 1129/1597 1207/1609 1120/1567
f 1120/1567 1207/1609 1206/1543
f 1131/1615 1207/1609 1186/1603
f 1186/1603 1207/1609 1129/1597
f 1134/1501 1208/1513 1119/1471
f 1119/1471 1208/1513 1205/1441
f 1132/1519 1208/1513 1188/1507
f 1188/1507 1208/1513 1134/1501
f 1138/1411 1209/1417 1118/1369
f 1118/1369 1209/1417 1204/1351
f 1136/1423 1209/1417 1190/1405
f 1190/1405 1209/1417 1138/1411
f 1142/1315 1210/1321 1117/1279
f 1117/1279 1210/1321 1203/1249
f 1140/1327 1210/1321 1192/1309
f 1192/1309 1210/1321 1142/1315
f 1146/1213 1211/1225 1116/1183
f 1116/1183 1211/1225 1202/1159
f 1194/1219 1144/1231 1146/1213
f 1146/1213 1144/1231 1211/1225
f 1150/1123 1212/1135 1115/1087
f 1115/1087 1212/1135 1201/1057
f 1196/1117 1148/1129 1150/1123
f 1150/1123 1148/1129 1212/1135
f 1154/1021 1213/1033 1114/991
f 1114/991 1213/1033 1199/967
f 1198/1027 1152/1039 1154/1021
f 1154/1021 1152/1039 1213/1033
f 1272/1646 1214/1652 1287/1622
f 1287/1622 1214/1652 1244/1628
f 1215/1640 1301/1634 1247/1616
f 1247/1616 1301/1634 1323/1610
f 1301/1634 1272/1646 1323/1610
f 1323/1610 1272/1646 1287/1622
f 1315/968 1273/974 1185/944
f 1185/944 1273/974 1156/950
f 1317/1058 1275/1076 1329/1034
f 1329/1034 1275/1076 1299/1046
f 1318/1160 1277/1166 1328/1136
f 1328/1136 1277/1166 1297/1142
f 1319/1250 1279/1268 1327/1226
f 1327/1226 1279/1268 1295/1244
f 1320/1352 1281/1358 1326/1322
f 1326/1322 1281/1358 1293/1340
f 1321/1442 1283/1454 1325/1418
f 1325/1418 1283/1454 1291/1430
f 1322/1544 1285/1556 1324/1514
f 1324/1514 1285/1556 1289/1532
f 1222/962 1315/968 1097/938
f 1097/938 1315/968 1185/944
f 1221/1064 1317/1058 1268/1040
f 1268/1040 1317/1058 1329/1034
f 1220/1154 1318/1160 1264/1130
f 1264/1130 1318/1160 1328/1136
f 1219/1256 1319/1250 1260/1232
f 1260/1232 1319/1250 1327/1226
f 1218/1346 1320/1352 1256/1328
f 1256/1328 1320/1352 1326/1322
f 1217/1448 1321/1442 1252/1424
f 1252/1424 1321/1442 1325/1418
f 1216/1538 1322/1544 1248/1520
f 1248/1520 1322/1544 1324/1514
f 1273/974 1223/980 1156/950
f 1156/950 1223/980 1096/956
f 1275/1076 1224/1070 1299/1046
f 1299/1046 1224/1070 1269/1052
f 1277/1166 1225/1172 1297/1142
f 1297/1142 1225/1172 1265/1148
f 1279/1268 1226/1262 1295/1244
f 1295/1244 1226/1262 1261/1238
f 1281/1358 1227/1364 1293/1340
f 1293/1340 1227/1364 1257/1334
f 1283/1454 1228/1460 1291/1430
f 1291/1430 1228/1460 1253/1436
f 1285/1556 1229/1550 1289/1532
f 1289/1532 1229/1550 1249/1526
f 1323/1610 1287/1622 1322/1544
f 1322/1544 1287/1622 1285/1556
f 1324/1514 1289/1532 1321/1442
f 1321/1442 1289/1532 1283/1454
f 1325/1418 1291/1430 1320/1352
f 1320/1352 1291/1430 1281/1358
f 1326/1322 1293/1340 1319/1250
f 1319/1250 1293/1340 1279/1268
f 1327/1226 1295/1244 1318/1160
f 1318/1160 1295/1244 1277/1166
f 1328/1136 1297/1142 1317/1058
f 1317/1058 1297/1142 1275/1076
f 1329/1034 1299/1046 1315/968
f 1315/968 1299/1046 1273/974
f 1223/980 1273/974 1274/998
f 1274/998 1273/974 1237/1004
f 1224/1070 1275/1076 1276/1094
f 1276/1094 1275/1076 1238/1100
f 1225/1172 1277/1166 1278/1190
f 1278/1190 1277/1166 1239/1196
f 1226/1262 1279/1268 1280/1286
f 1280/1286 1279/1268 1240/1292
f 1282/1388 1227/1364 1241/1382
f 1241/1382 1227/1364 1281/1358
f 1284/1484 1228/1460 1242/1478
f 1242/1478 1228/1460 1283/1454
f 1286/1574 1229/1550 1243/1580
f 1243/1580 1229/1550 1285/1556
f 1288/1592 1244/1628 1286/1574
f 1286/1574 1244/1628 1229/1550
f 1243/1580 1285/1556 1246/1586
f 1246/1586 1285/1556 1287/1622
f 1287/1622 1244/1628 1246/1586
f 1246/1586 1244/1628 1288/1592
f 1290/1490 1249/1526 1284/1484
f 1284/1484 1249/1526 1228/1460
f 1242/1478 1283/1454 1251/1496
f 1251/1496 1283/1454 1289/1532
f 1289/1532 1249/1526 1251/1496
f 1251/1496 1249/1526 1290/1490
f 1292/1400 1253/1436 1282/1388
f 1282/1388 1253/1436 1227/1364
f 1241/1382 1281/1358 1255/1394
f 1255/1394 1281/1358 1291/1430
f 1291/1430 1253/1436 1255/1394
f 1255/1394 1253/1436 1292/1400
f 1294/1304 1257/1334 1280/1286
f 1280/1286 1257/1334 1226/1262
f 1240/1292 1279/1268 1259/1298
f 1259/1298 1279/1268 1293/1340
f 1259/1298 1293/1340 1294/1304
f 1294/1304 1293/1340 1257/1334
f 1296/1208 1261/1238 1278/1190
f 1278/1190 1261/1238 1225/1172
f 1239/1196 1277/1166 1263/1202
f 1263/1202 1277/1166 1295/1244
f 1263/1202 1295/1244 1296/1208
f 1296/1208 1295/1244 1261/1238
f 1298/1106 1265/1148 1276/1094
f 1276/1094 1265/1148 1224/1070
f 1238/1100 1275/1076 1267/1112
f 1267/1112 1275/1076 1297/1142
f 1267/1112 1297/1142 1298/1106
f 1298/1106 1297/1142 1265/1148
f 1300/1016 1269/1052 1274/998
f 1274/998 1269/1052 1223/980
f 1237/1004 1273/974 1271/1010
f 1271/1010 1273/974 1299/1046
f 1271/1010 1299/1046 1300/1016
f 1300/1016 1299/1046 1269/1052
f 1303/1562 1216/1538 1302/1604
f 1302/1604 1216/1538 1247/1616
f 1305/1466 1217/1448 1304/1508
f 1304/1508 1217/1448 1248/1520
f 1307/1376 1218/1346 1306/1406
f 1306/1406 1218/1346 1252/1424
f 1309/1274 1219/1256 1308/1310
f 1308/1310 1219/1256 1256/1328
f 1311/1178 1220/1154 1310/1220
f 1310/1220 1220/1154 1260/1232
f 1313/1082 1221/1064 1312/1118
f 1312/1118 1221/1064 1264/1130
f 1316/986 1222/962 1314/1028
f 1314/1028 1222/962 1268/1040
f 1315/968 1222/962 1230/992
f 1230/992 1222/962 1316/986
f 1317/1058 1221/1064 1231/1088
f 1231/1088 1221/1064 1313/1082
f 1318/1160 1220/1154 1232/1184
f 1232/1184 1220/1154 1311/1178
f 1319/1250 1219/1256 1233/1280
f 1233/1280 1219/1256 1309/1274
f 1234/1370 1320/1352 1307/1376
f 1307/1376 1320/1352 1218/1346
f 1235/1472 1321/1442 1305/1466
f 1305/1466 1321/1442 1217/1448
f 1236/1568 1322/1544 1303/1562
f 1303/1562 1322/1544 1216/1538
f 1245/1598 1323/1610 1236/1568
f 1236/1568 1323/1610 1322/1544
f 1247/1616 1323/1610 1302/1604
f 1302/1604 1323/1610 1245/1598
f 1250/1502 1324/1514 1235/1472
f 1235/1472 1324/1514 1321/1442
f 1248/1520 1324/1514 1304/1508
f 1304/1508 1324/1514 1250/1502
f 1254/1412 1325/1418 1234/1370
f 1234/1370 1325/1418 1320/1352
f 1252/1424 1325/1418 1306/1406
f 1306/1406 1325/1418 1254/1412
f 1258/1316 1326/1322 1233/1280
f 1233/1280 1326/1322 1319/1250
f 1256/1328 1326/1322 1308/1310
f 1308/1310 1326/1322 1258/1316
f 1262/1214 1327/1226 1232/1184
f 1232/1184 1327/1226 1318/1160
f 1310/1220 1260/1232 1262/1214
f 1262/1214 1260/1232 1327/1226
f 1266/1124 1328/1136 1231/1088
f 1231/1088 1328/1136 1317/1058
f 1312/1118 1264/1130 1266/1124
f 1266/1124 1264/1130 1328/1136
f 1270/1022 1329/1034 1230/992
f 1230/992 1329/1034 1315/968
f 1314/1028 1268/1040 1270/1022
f 1270/1022 1268/1040 1329/1034
f 1388/1647 1330/1653 1403/1623
f 1403/1623 1330/1653 1360/1629
f 1331/1641 1417/1635 1363/1617
f 1363/1617 1417/1635 1439/1611
f 1417/1635 1388/1647 1439/1611
f 1439/1611 1388/1647 1403/1623
f 1431/969 1389/975 1301/945
f 1301/945 1389/975 1272/951
f 1433/1059 1391/1077 1445/1035
f 1445/1035 1391/1077 1415/1047
f 1434/1161 1393/1167 1444/1137
f 1444/1137 1393/1167 1413/1143
f 1435/1251 1395/1269 1443/1227
f 1443/1227 1395/1269 1411/1245
f 1442/1323 1436/1353 1409/1341
f 1409/1341 1436/1353 1397/1359
f 1441/1419 1437/1443 1407/1431
f 1407/1431 1437/1443 1399/1455
f 1440/1515 1438/1545 1405/1533
f 1405/1533 1438/1545 1401/1557
f 1338/963 1431/969 1215/939
f 1215/939 1431/969 1301/945
f 1337/1065 1433/1059 1384/1041
f 1384/1041 1433/1059 1445/1035
f 1336/1155 1434/1161 1380/1131
f 1380/1131 1434/1161 1444/1137
f 1335/1257 1435/1251 1376/1233
f 1376/1233 1435/1251 1443/1227
f 1372/1329 1334/1347 1442/1323
f 1442/1323 1334/1347 1436/1353
f 1368/1425 1333/1449 1441/1419
f 1441/1419 1333/1449 1437/1443
f 1364/1521 1332/1539 1440/1515
f 1440/1515 1332/1539 1438/1545
f 1389/975 1339/981 1272/951
f 1272/951 1339/981 1214/957
f 1391/1077 1340/1071 1415/1047
f 1415/1047 1340/1071 1385/1053
f 1393/1167 1341/1173 1413/1143
f 1413/1143 1341/1173 1381/1149
f 1395/1269 1342/1263 1411/1245
f 1411/1245 1342/1263 1377/1239
f 1397/1359 1343/1365 1409/1341
f 1409/1341 1343/1365 1373/1335
f 1407/1431 1399/1455 1369/1437
f 1369/1437 1399/1455 1344/1461
f 1401/1557 1345/1551 1405/1533
f 1405/1533 1345/1551 1365/1527
f 1439/1611 1403/1623 1438/1545
f 1438/1545 1403/1623 1401/1557
f 1437/1443 1440/1515 1399/1455
f 1399/1455 1440/1515 1405/1533
f 1436/1353 1441/1419 1397/1359
f 1397/1359 1441/1419 1407/1431
f 1435/1251 1442/1323 1395/1269
f 1395/1269 1442/1323 1409/1341
f 1443/1227 1411/1245 1434/1161
f 1434/1161 1411/1245 1393/1167
f 1444/1137 1413/1143 1433/1059
f 1433/1059 1413/1143 1391/1077
f 1445/1035 1415/1047 1431/969
f 1431/969 1415/1047 1389/975
f 1339/981 1389/975 1390/999
f 1390/999 1389/975 1353/1005
f 1340/1071 1391/1077 1392/1095
f 1392/1095 1391/1077 1354/1101
f 1341/1173 1393/1167 1394/1191
f 1394/1191 1393/1167 1355/1197
f 1342/1263 1395/1269 1396/1287
f 1396/1287 1395/1269 1356/1293
f 1343/1365 1397/1359 1398/1389
f 1398/1389 1397/1359 1357/1383
f 1400/1485 1344/1461 1358/1479
f 1358/1479 1344/1461 1399/1455
f 1402/1575 1345/1551 1359/1581
f 1359/1581 1345/1551 1401/1557
f 1404/1593 1360/1629 1402/1575
f 1402/1575 1360/1629 1345/1551
f 1359/1581 1401/1557 1362/1587
f 1362/1587 1401/1557 1403/1623
f 1403/1623 1360/1629 1362/1587
f 1362/1587 1360/1629 1404/1593
f 1406/1491 1365/1527 1400/1485
f 1400/1485 1365/1527 1344/1461
f 1358/1479 1399/1455 1367/1497
f 1367/1497 1399/1455 1405/1533
f 1405/1533 1365/1527 1367/1497
f 1367/1497 1365/1527 1406/1491
f 1369/1437 1343/1365 1408/1401
f 1408/1401 1343/1365 1398/1389
f 1357/1383 1397/1359 1371/1395
f 1371/1395 1397/1359 1407/1431
f 1371/1395 1407/1431 1408/1401
f 1408/1401 1407/1431 1369/1437
f 1410/1305 1373/1335 1396/1287
f 1396/1287 1373/1335 1342/1263
f 1356/1293 1395/1269 1375/1299
f 1375/1299 1395/1269 1409/1341
f 1409/1341 1373/1335 1375/1299
f 1375/1299 1373/1335 1410/1305
f 1377/1239 1341/1173 1412/1209
f 1412/1209 1341/1173 1394/1191
f 1393/1167 1411/1245 1355/1197
f 1355/1197 1411/1245 1379/1203
f 1379/1203 1411/1245 1412/1209
f 1412/1209 1411/1245 1377/1239
f 1414/1107 1381/1149 1392/1095
f 1392/1095 1381/1149 1340/1071
f 1391/1077 1413/1143 1354/1101
f 1354/1101 1413/1143 1383/1113
f 1383/1113 1413/1143 1414/1107
f 1414/1107 1413/1143 1381/1149
f 1385/1053 1339/981 1416/1017
f 1416/1017 1339/981 1390/999
f 1353/1005 1389/975 1387/1011
f 1387/1011 1389/975 1415/1047
f 1415/1047 1385/1053 1387/1011
f 1387/1011 1385/1053 1416/1017
f 1332/1539 1363/1617 1419/1563
f 1419/1563 1363/1617 1418/1605
f 1421/1467 1333/1449 1420/1509
f 1420/1509 1333/1449 1364/1521
f 1334/1347 1368/1425 1423/1377
f 1423/1377 1368/1425 1422/1407
f 1335/1257 1372/1329 1425/1275
f 1425/1275 1372/1329 1424/1311
f 1427/1179 1336/1155 1426/1221
f 1426/1221 1336/1155 1376/1233
f 1429/1083 1337/1065 1428/1119
f 1428/1119 1337/1065 1380/1131
f 1432/987 1338/963 1430/1029
f 1430/1029 1338/963 1384/1041
f 1431/969 1338/963 1346/993
f 1346/993 1338/963 1432/987
f 1433/1059 1337/1065 1347/1089
f 1347/1089 1337/1065 1429/1083
f 1434/1161 1336/1155 1348/1185
f 1348/1185 1336/1155 1427/1179
f 1349/1281 1435/1251 1425/1275
f 1425/1275 1435/1251 1335/1257
f 1350/1371 1436/1353 1423/1377
f 1423/1377 1436/1353 1334/1347
f 1351/1473 1437/1443 1421/1467
f 1421/1467 1437/1443 1333/1449
f 1352/1569 1438/1545 1419/1563
f 1419/1563 1438/1545 1332/1539
f 1361/1599 1439/1611 1352/1569
f 1352/1569 1439/1611 1438/1545
f 1363/1617 1439/1611 1418/1605
f 1418/1605 1439/1611 1361/1599
f 1440/1515 1437/1443 1366/1503
f 1366/1503 1437/1443 1351/1473
f 1420/1509 1364/1521 1366/1503
f 1366/1503 1364/1521 1440/1515
f 1441/1419 1436/1353 1370/1413
f 1370/1413 1436/1353 1350/1371
f 1422/1407 1368/1425 1370/1413
f 1370/1413 1368/1425 1441/1419
f 1442/1323 1435/1251 1374/1317
f 1374/1317 1435/1251 1349/1281
f 1424/1311 1372/1329 1374/1317
f 1374/1317 1372/1329 1442/1323
f 1378/1215 1443/1227 1348/1185
f 1348/1185 1443/1227 1434/1161
f 1376/1233 1443/1227 1426/1221
f 1426/1221 1443/1227 1378/1215
f 1382/1125 1444/1137 1347/1089
f 1347/1089 1444/1137 1433/1059
f 1380/1131 1444/1137 1428/1119
f 1428/1119 1444/1137 1382/1125
f 1386/1023 1445/1035 1346/993
f 1445/1035 1431/969 1346/993
f 1384/1041 1445/1035 1430/1029
f 1430/1029 1445/1035 1386/1023
f 742/952 747/946 1094/955
f 1094/955 747/946 1099/949
f 743/934 754/958 1095/937
f 1095/937 754/958 1106/961
f 744/1648 776/1624 1096/1651
f 1096/1651 776/1624 1128/1627
f 746/940 743/934 1098/943
f 1098/943 743/934 1095/937
f 747/946 746/940 1099/949
f 1099/949 746/940 1098/943
f 834/1600 835/1558 1186/1603
f 1186/1603 835/1558 1187/1561
f 836/1504 837/1462 1188/1507
f 1188/1507 837/1462 1189/1465
f 838/1402 839/1372 1190/1405
f 1190/1405 839/1372 1191/1375
f 840/1306 841/1270 1192/1309
f 1192/1309 841/1270 1193/1273
f 842/1216 843/1174 1194/1219
f 1194/1219 843/1174 1195/1177
f 844/1114 845/1078 1196/1117
f 1196/1117 845/1078 1197/1081
f 846/1024 848/982 1198/1027
f 1198/1027 848/982 1200/985
f 755/976 742/952 1107/979
f 1107/979 742/952 1094/955
f 756/1066 801/1048 1108/1069
f 1108/1069 801/1048 1153/1051
f 757/1168 797/1144 1109/1171
f 1109/1171 797/1144 1149/1147
f 758/1258 793/1234 1110/1261
f 1110/1261 793/1234 1145/1237
f 759/1360 789/1330 1111/1363
f 1111/1363 789/1330 1141/1333
f 760/1456 785/1432 1112/1459
f 1112/1459 785/1432 1137/1435
f 761/1546 781/1522 1113/1549
f 1113/1549 781/1522 1133/1525
f 818/1570 820/1588 1170/1573
f 1170/1573 820/1588 1172/1591
f 745/1636 1097/1639 779/1612
f 779/1612 1097/1639 1131/1615
f 780/1516 748/1534 1132/1519
f 1132/1519 748/1534 1100/1537
f 816/1480 822/1486 1168/1483
f 1168/1483 822/1486 1174/1489
f 784/1420 749/1444 1136/1423
f 1136/1423 749/1444 1101/1447
f 814/1384 824/1396 1166/1387
f 1166/1387 824/1396 1176/1399
f 788/1324 750/1342 1140/1327
f 1140/1327 750/1342 1102/1345
f 812/1282 826/1300 1164/1285
f 1164/1285 826/1300 1178/1303
f 792/1228 751/1252 1144/1231
f 1144/1231 751/1252 1103/1255
f 810/1186 828/1204 1162/1189
f 1162/1189 828/1204 1180/1207
f 796/1126 752/1150 1148/1129
f 1148/1129 752/1150 1104/1153
f 808/1090 830/1102 1160/1093
f 1160/1093 830/1102 1182/1105
f 800/1036 753/1060 1152/1039
f 1152/1039 753/1060 1105/1063
f 806/994 832/1012 1158/997
f 1158/997 832/1012 1184/1015
f 769/1000 806/994 1121/1003
f 1121/1003 806/994 1158/997
f 770/1096 808/1090 1122/1099
f 1122/1099 808/1090 1160/1093
f 771/1192 810/1186 1123/1195
f 1123/1195 810/1186 1162/1189
f 772/1288 812/1282 1124/1291
f 1124/1291 812/1282 1164/1285
f 773/1378 814/1384 1125/1381
f 1125/1381 814/1384 1166/1387
f 774/1474 816/1480 1126/1477
f 1126/1477 816/1480 1168/1483
f 775/1576 818/1570 1127/1579
f 1127/1579 818/1570 1170/1573
f 761/1546 1113/1549 776/1624
f 776/1624 1113/1549 1128/1627
f 778/1582 775/1576 1130/1585
f 1130/1585 775/1576 1127/1579
f 820/1588 778/1582 1172/1591
f 1172/1591 778/1582 1130/1585
f 781/1522 760/1456 1133/1525
f 1133/1525 760/1456 1112/1459
f 783/1492 774/1474 1135/1495
f 1135/1495 774/1474 1126/1477
f 822/1486 783/1492 1174/1489
f 1174/1489 783/1492 1135/1495
f 785/1432 759/1360 1137/1435
f 1137/1435 759/1360 1111/1363
f 787/1390 773/1378 1139/1393
f 1139/1393 773/1378 1125/1381
f 824/1396 787/1390 1176/1399
f 1176/1399 787/1390 1139/1393
f 789/1330 758/1258 1141/1333
f 1141/1333 758/1258 1110/1261
f 791/1294 772/1288 1143/1297
f 1143/1297 772/1288 1124/1291
f 826/1300 791/1294 1178/1303
f 1178/1303 791/1294 1143/1297
f 793/1234 757/1168 1145/1237
f 1145/1237 757/1168 1109/1171
f 795/1198 771/1192 1147/1201
f 1147/1201 771/1192 1123/1195
f 828/1204 795/1198 1180/1207
f 1180/1207 795/1198 1147/1201
f 797/1144 756/1066 1149/1147
f 1149/1147 756/1066 1108/1069
f 799/1108 770/1096 1151/1111
f 1151/1111 770/1096 1122/1099
f 830/1102 799/1108 1182/1105
f 1182/1105 799/1108 1151/1111
f 801/1048 755/976 1153/1051
f 1153/1051 755/976 1107/979
f 803/1006 769/1000 1155/1009
f 1155/1009 769/1000 1121/1003
f 832/1012 803/1006 1184/1015
f 1184/1015 803/1006 1155/1009
f 748/1534 779/1612 1100/1537
f 1100/1537 779/1612 1131/1615
f 749/1444 780/1516 1101/1447
f 1101/1447 780/1516 1132/1519
f 750/1342 784/1420 1102/1345
f 1102/1345 784/1420 1136/1423
f 751/1252 788/1324 1103/1255
f 1103/1255 788/1324 1140/1327
f 752/1150 792/1228 1104/1153
f 1104/1153 792/1228 1144/1231
f 753/1060 796/1126 1105/1063
f 1105/1063 796/1126 1148/1129
f 754/958 800/1036 1106/961
f 1106/961 800/1036 1152/1039
f 848/982 762/988 1200/985
f 1200/985 762/988 1114/991
f 845/1078 763/1084 1197/1081
f 1197/1081 763/1084 1115/1087
f 843/1174 764/1180 1195/1177
f 1195/1177 764/1180 1116/1183
f 841/1270 765/1276 1193/1273
f 1193/1273 765/1276 1117/1279
f 839/1372 766/1366 1191/1375
f 1191/1375 766/1366 1118/1369
f 837/1462 767/1468 1189/1465
f 1189/1465 767/1468 1119/1471
f 835/1558 768/1564 1187/1561
f 1187/1561 768/1564 1120/1567
f 768/1564 777/1594 1120/1567
f 1120/1567 777/1594 1129/1597
f 777/1594 834/1600 1129/1597
f 1129/1597 834/1600 1186/1603
f 767/1468 782/1498 1119/1471
f 1119/1471 782/1498 1134/1501
f 782/1498 836/1504 1134/1501
f 1134/1501 836/1504 1188/1507
f 766/1366 786/1408 1118/1369
f 1118/1369 786/1408 1138/1411
f 786/1408 838/1402 1138/1411
f 1138/1411 838/1402 1190/1405
f 765/1276 790/1312 1117/1279
f 1117/1279 790/1312 1142/1315
f 790/1312 840/1306 1142/1315
f 1142/1315 840/1306 1192/1309
f 764/1180 794/1210 1116/1183
f 1116/1183 794/1210 1146/1213
f 794/1210 842/1216 1146/1213
f 1146/1213 842/1216 1194/1219
f 763/1084 798/1120 1115/1087
f 1115/1087 798/1120 1150/1123
f 798/1120 844/1114 1150/1123
f 1150/1123 844/1114 1196/1117
f 762/988 802/1018 1114/991
f 1114/991 802/1018 1154/1021
f 802/1018 846/1024 1154/1021
f 1154/1021 846/1024 1198/1027
f 862/1649 892/1625 1214/1652
f 1214/1652 892/1625 1244/1628
f 950/1601 951/1559 1302/1604
f 1302/1604 951/1559 1303/1562
f 952/1505 953/1463 1304/1508
f 1304/1508 953/1463 1305/1466
f 954/1403 955/1373 1306/1406
f 1306/1406 955/1373 1307/1376
f 956/1307 957/1271 1308/1310
f 1308/1310 957/1271 1309/1274
f 958/1217 959/1175 1310/1220
f 1310/1220 959/1175 1311/1178
f 960/1115 961/1079 1312/1118
f 1312/1118 961/1079 1313/1082
f 962/1025 964/983 1314/1028
f 1314/1028 964/983 1316/986
f 872/1067 917/1049 1224/1070
f 1224/1070 917/1049 1269/1052
f 873/1169 913/1145 1225/1172
f 1225/1172 913/1145 1265/1148
f 874/1259 909/1235 1226/1262
f 1226/1262 909/1235 1261/1238
f 875/1361 905/1331 1227/1364
f 1227/1364 905/1331 1257/1334
f 876/1457 901/1433 1228/1460
f 1228/1460 901/1433 1253/1436
f 877/1547 897/1523 1229/1550
f 1229/1550 897/1523 1249/1526
f 871/977 744/953 1223/980
f 1223/980 744/953 1096/956
f 934/1571 936/1589 1286/1574
f 1286/1574 936/1589 1288/1592
f 863/1637 1215/1640 895/1613
f 895/1613 1215/1640 1247/1616
f 896/1517 864/1535 1248/1520
f 1248/1520 864/1535 1216/1538
f 932/1481 938/1487 1284/1484
f 1284/1484 938/1487 1290/1490
f 900/1421 865/1445 1252/1424
f 1252/1424 865/1445 1217/1448
f 930/1385 940/1397 1282/1388
f 1282/1388 940/1397 1292/1400
f 904/1325 866/1343 1256/1328
f 1256/1328 866/1343 1218/1346
f 928/1283 942/1301 1280/1286
f 1280/1286 942/1301 1294/1304
f 908/1229 867/1253 1260/1232
f 1260/1232 867/1253 1219/1256
f 926/1187 944/1205 1278/1190
f 1278/1190 944/1205 1296/1208
f 912/1127 868/1151 1264/1130
f 1264/1130 868/1151 1220/1154
f 924/1091 946/1103 1276/1094
f 1276/1094 946/1103 1298/1106
f 916/1037 869/1061 1268/1040
f 1268/1040 869/1061 1221/1064
f 922/995 948/1013 1274/998
f 1274/998 948/1013 1300/1016
f 885/1001 922/995 1237/1004
f 1237/1004 922/995 1274/998
f 886/1097 924/1091 1238/1100
f 1238/1100 924/1091 1276/1094
f 887/1193 926/1187 1239/1196
f 1239/1196 926/1187 1278/1190
f 888/1289 928/1283 1240/1292
f 1240/1292 928/1283 1280/1286
f 889/1379 930/1385 1241/1382
f 1241/1382 930/1385 1282/1388
f 890/1475 932/1481 1242/1478
f 1242/1478 932/1481 1284/1484
f 891/1577 934/1571 1243/1580
f 1243/1580 934/1571 1286/1574
f 877/1547 1229/1550 892/1625
f 892/1625 1229/1550 1244/1628
f 894/1583 891/1577 1246/1586
f 1246/1586 891/1577 1243/1580
f 936/1589 894/1583 1288/1592
f 1288/1592 894/1583 1246/1586
f 897/1523 876/1457 1249/1526
f 1249/1526 876/1457 1228/1460
f 899/1493 890/1475 1251/1496
f 1251/1496 890/1475 1242/1478
f 938/1487 899/1493 1290/1490
f 1290/1490 899/1493 1251/1496
f 901/1433 875/1361 1253/1436
f 1253/1436 875/1361 1227/1364
f 903/1391 889/1379 1255/1394
f 1255/1394 889/1379 1241/1382
f 940/1397 903/1391 1292/1400
f 1292/1400 903/1391 1255/1394
f 905/1331 874/1259 1257/1334
f 1257/1334 874/1259 1226/1262
f 907/1295 888/1289 1259/1298
f 1259/1298 888/1289 1240/1292
f 942/1301 907/1295 1294/1304
f 1294/1304 907/1295 1259/1298
f 909/1235 873/1169 1261/1238
f 1261/1238 873/1169 1225/1172
f 911/1199 887/1193 1263/1202
f 1263/1202 887/1193 1239/1196
f 944/1205 911/1199 1296/1208
f 1296/1208 911/1199 1263/1202
f 913/1145 872/1067 1265/1148
f 1265/1148 872/1067 1224/1070
f 915/1109 886/1097 1267/1112
f 1267/1112 886/1097 1238/1100
f 946/1103 915/1109 1298/1106
f 1298/1106 915/1109 1267/1112
f 871/977 1223/980 917/1049
f 917/1049 1223/980 1269/1052
f 919/1007 885/1001 1271/1010
f 1271/1010 885/1001 1237/1004
f 948/1013 919/1007 1300/1016
f 1300/1016 919/1007 1271/1010
f 864/1535 895/1613 1216/1538
f 1216/1538 895/1613 1247/1616
f 865/1445 896/1517 1217/1448
f 1217/1448 896/1517 1248/1520
f 866/1343 900/1421 1218/1346
f 1218/1346 900/1421 1252/1424
f 867/1253 904/1325 1219/1256
f 1219/1256 904/1325 1256/1328
f 868/1151 908/1229 1220/1154
f 1220/1154 908/1229 1260/1232
f 869/1061 912/1127 1221/1064
f 1221/1064 912/1127 1264/1130
f 870/959 916/1037 1222/962
f 1222/962 916/1037 1268/1040
f 964/983 878/989 1316/986
f 1316/986 878/989 1230/992
f 961/1079 879/1085 1313/1082
f 1313/1082 879/1085 1231/1088
f 959/1175 880/1181 1311/1178
f 1311/1178 880/1181 1232/1184
f 957/1271 881/1277 1309/1274
f 1309/1274 881/1277 1233/1280
f 955/1373 882/1367 1307/1376
f 1307/1376 882/1367 1234/1370
f 953/1463 883/1469 1305/1466
f 1305/1466 883/1469 1235/1472
f 884/1565 1236/1568 951/1559
f 951/1559 1236/1568 1303/1562
f 884/1565 893/1595 1236/1568
f 1236/1568 893/1595 1245/1598
f 893/1595 950/1601 1245/1598
f 1245/1598 950/1601 1302/1604
f 883/1469 898/1499 1235/1472
f 1235/1472 898/1499 1250/1502
f 898/1499 952/1505 1250/1502
f 1250/1502 952/1505 1304/1508
f 882/1367 902/1409 1234/1370
f 1234/1370 902/1409 1254/1412
f 902/1409 954/1403 1254/1412
f 1254/1412 954/1403 1306/1406
f 881/1277 906/1313 1233/1280
f 1233/1280 906/1313 1258/1316
f 906/1313 956/1307 1258/1316
f 1258/1316 956/1307 1308/1310
f 880/1181 910/1211 1232/1184
f 1232/1184 910/1211 1262/1214
f 910/1211 958/1217 1262/1214
f 1262/1214 958/1217 1310/1220
f 879/1085 914/1121 1231/1088
f 1231/1088 914/1121 1266/1124
f 914/1121 960/1115 1266/1124
f 1266/1124 960/1115 1312/1118
f 878/989 918/1019 1230/992
f 1230/992 918/1019 1270/1022
f 918/1019 962/1025 1270/1022
f 1270/1022 962/1025 1314/1028
f 1036/1644 978/1650 1388/1647
f 1388/1647 978/1650 1330/1653
f 1008/1626 1360/1629 978/1650
f 978/1650 1360/1629 1330/1653
f 1065/1632 1417/1635 979/1638
f 979/1638 1417/1635 1331/1641
f 1065/1632 1036/1644 1417/1635
f 1417/1635 1036/1644 1388/1647
f 1066/1602 1067/1560 1418/1605
f 1418/1605 1067/1560 1419/1563
f 1068/1506 1069/1464 1420/1509
f 1420/1509 1069/1464 1421/1467
f 1070/1404 1071/1374 1422/1407
f 1422/1407 1071/1374 1423/1377
f 1072/1308 1073/1272 1424/1311
f 1424/1311 1073/1272 1425/1275
f 1074/1218 1075/1176 1426/1221
f 1426/1221 1075/1176 1427/1179
f 1076/1116 1077/1080 1428/1119
f 1428/1119 1077/1080 1429/1083
f 1078/1026 1080/984 1430/1029
f 1430/1029 1080/984 1432/987
f 988/1068 1033/1050 1340/1071
f 1340/1071 1033/1050 1385/1053
f 989/1170 1029/1146 1341/1173
f 1341/1173 1029/1146 1381/1149
f 990/1260 1025/1236 1342/1263
f 1342/1263 1025/1236 1377/1239
f 991/1362 1021/1332 1343/1365
f 1343/1365 1021/1332 1373/1335
f 992/1458 1017/1434 1344/1461
f 1344/1461 1017/1434 1369/1437
f 993/1548 1013/1524 1345/1551
f 1345/1551 1013/1524 1365/1527
f 987/978 862/954 1339/981
f 1339/981 862/954 1214/957
f 1050/1572 1052/1590 1402/1575
f 1402/1575 1052/1590 1404/1593
f 1011/1614 979/1638 1363/1617
f 1363/1617 979/1638 1331/1641
f 980/1536 1332/1539 1012/1518
f 1012/1518 1332/1539 1364/1521
f 1048/1482 1054/1488 1400/1485
f 1400/1485 1054/1488 1406/1491
f 981/1446 1333/1449 1016/1422
f 1016/1422 1333/1449 1368/1425
f 1056/1398 1408/1401 1046/1386
f 1046/1386 1408/1401 1398/1389
f 982/1344 1334/1347 1020/1326
f 1020/1326 1334/1347 1372/1329
f 1058/1302 1410/1305 1044/1284
f 1044/1284 1410/1305 1396/1287
f 983/1254 1335/1257 1024/1230
f 1024/1230 1335/1257 1376/1233
f 1060/1206 1412/1209 1042/1188
f 1042/1188 1412/1209 1394/1191
f 984/1152 1336/1155 1028/1128
f 1028/1128 1336/1155 1380/1131
f 1062/1104 1414/1107 1040/1092
f 1040/1092 1414/1107 1392/1095
f 985/1062 1337/1065 1032/1038
f 1032/1038 1337/1065 1384/1041
f 1038/996 1064/1014 1390/999
f 1390/999 1064/1014 1416/1017
f 1001/1002 1038/996 1353/1005
f 1353/1005 1038/996 1390/999
f 1040/1092 1392/1095 1002/1098
f 1002/1098 1392/1095 1354/1101
f 1042/1188 1394/1191 1003/1194
f 1003/1194 1394/1191 1355/1197
f 1044/1284 1396/1287 1004/1290
f 1004/1290 1396/1287 1356/1293
f 1005/1380 1046/1386 1357/1383
f 1357/1383 1046/1386 1398/1389
f 1006/1476 1048/1482 1358/1479
f 1358/1479 1048/1482 1400/1485
f 1007/1578 1050/1572 1359/1581
f 1359/1581 1050/1572 1402/1575
f 1008/1626 993/1548 1360/1629
f 1360/1629 993/1548 1345/1551
f 1010/1584 1007/1578 1362/1587
f 1362/1587 1007/1578 1359/1581
f 1052/1590 1010/1584 1404/1593
f 1404/1593 1010/1584 1362/1587
f 1013/1524 992/1458 1365/1527
f 1365/1527 992/1458 1344/1461
f 1015/1494 1006/1476 1367/1497
f 1367/1497 1006/1476 1358/1479
f 1054/1488 1015/1494 1406/1491
f 1406/1491 1015/1494 1367/1497
f 1017/1434 991/1362 1369/1437
f 1369/1437 991/1362 1343/1365
f 1019/1392 1005/1380 1371/1395
f 1371/1395 1005/1380 1357/1383
f 1019/1392 1371/1395 1056/1398
f 1056/1398 1371/1395 1408/1401
f 1021/1332 990/1260 1373/1335
f 1373/1335 990/1260 1342/1263
f 1004/1290 1356/1293 1023/1296
f 1023/1296 1356/1293 1375/1299
f 1023/1296 1375/1299 1058/1302
f 1058/1302 1375/1299 1410/1305
f 1025/1236 989/1170 1377/1239
f 1377/1239 989/1170 1341/1173
f 1003/1194 1355/1197 1027/1200
f 1027/1200 1355/1197 1379/1203
f 1027/1200 1379/1203 1060/1206
f 1060/1206 1379/1203 1412/1209
f 1029/1146 988/1068 1381/1149
f 1381/1149 988/1068 1340/1071
f 1031/1110 1002/1098 1383/1113
f 1383/1113 1002/1098 1354/1101
f 1062/1104 1031/1110 1414/1107
f 1414/1107 1031/1110 1383/1113
f 1033/1050 987/978 1385/1053
f 1385/1053 987/978 1339/981
f 1035/1008 1001/1002 1387/1011
f 1387/1011 1001/1002 1353/1005
f 1064/1014 1035/1008 1416/1017
f 1416/1017 1035/1008 1387/1011
f 1011/1614 1363/1617 980/1536
f 980/1536 1363/1617 1332/1539
f 1012/1518 1364/1521 981/1446
f 981/1446 1364/1521 1333/1449
f 1016/1422 1368/1425 982/1344
f 982/1344 1368/1425 1334/1347
f 1020/1326 1372/1329 983/1254
f 983/1254 1372/1329 1335/1257
f 1024/1230 1376/1233 984/1152
f 984/1152 1376/1233 1336/1155
f 1028/1128 1380/1131 985/1062
f 985/1062 1380/1131 1337/1065
f 1032/1038 1384/1041 986/960
f 986/960 1384/1041 1338/963
f 1080/984 994/990 1432/987
f 1432/987 994/990 1346/993
f 1077/1080 995/1086 1429/1083
f 1429/1083 995/1086 1347/1089
f 1075/1176 996/1182 1427/1179
f 1427/1179 996/1182 1348/1185
f 997/1278 1349/1281 1073/1272
f 1073/1272 1349/1281 1425/1275
f 998/1368 1350/1371 1071/1374
f 1071/1374 1350/1371 1423/1377
f 999/1470 1351/1473 1069/1464
f 1069/1464 1351/1473 1421/1467
f 1000/1566 1352/1569 1067/1560
f 1067/1560 1352/1569 1419/1563
f 1000/1566 1009/1596 1352/1569
f 1352/1569 1009/1596 1361/1599
f 1009/1596 1066/1602 1361/1599
f 1361/1599 1066/1602 1418/1605
f 1014/1500 1366/1503 999/1470
f 999/1470 1366/1503 1351/1473
f 1014/1500 1068/1506 1366/1503
f 1366/1503 1068/1506 1420/1509
f 1018/1410 1370/1413 998/1368
f 998/1368 1370/1413 1350/1371
f 1018/1410 1070/1404 1370/1413
f 1370/1413 1070/1404 1422/1407
f 1022/1314 1374/1317 997/1278
f 997/1278 1374/1317 1349/1281
f 1072/1308 1424/1311 1022/1314
f 1022/1314 1424/1311 1374/1317
f 1026/1212 1378/1215 996/1182
f 996/1182 1378/1215 1348/1185
f 1074/1218 1426/1221 1026/1212
f 1026/1212 1426/1221 1378/1215
f 1030/1122 1382/1125 995/1086
f 995/1086 1382/1125 1347/1089
f 1076/1116 1428/1119 1030/1122
f 1030/1122 1428/1119 1382/1125
f 1034/1020 1386/1023 994/990
f 994/990 1386/1023 1346/993
f 1078/1026 1430/1029 1034/1020
f 1034/1020 1430/1029 1386/1023
f 986/960 1338/963 863/936
f 863/936 1338/963 1215/939
f 745/935 870/959 1097/938
f 1097/938 870/959 1222/962
f 1480/2344 1448/2368 1523/2338
f 1523/2338 1448/2368 1508/2362
f 1559/2326 1537/2350 1483/2332
f 1483/2332 1537/2350 1449/2356
f 1523/2338 1508/2362 1559/2326
f 1559/2326 1508/2362 1537/2350
f 1451/1666 1509/1690 1450/1660
f 1450/1660 1509/1690 1551/1684
f 1535/1762 1511/1792 1565/1750
f 1565/1750 1511/1792 1553/1774
f 1533/1858 1513/1882 1564/1852
f 1564/1852 1513/1882 1554/1876
f 1531/1960 1515/1984 1563/1942
f 1563/1942 1515/1984 1555/1966
f 1529/2056 1517/2074 1562/2038
f 1562/2038 1517/2074 1556/2068
f 1527/2146 1519/2170 1561/2134
f 1561/2134 1519/2170 1557/2158
f 1525/2248 1521/2272 1560/2230
f 1560/2230 1521/2272 1558/2260
f 1450/1660 1551/1684 1447/1654
f 1447/1654 1551/1684 1458/1678
f 1565/1750 1553/1774 1504/1756
f 1504/1756 1553/1774 1457/1780
f 1564/1852 1554/1876 1500/1846
f 1500/1846 1554/1876 1456/1870
f 1563/1942 1555/1966 1496/1948
f 1496/1948 1555/1966 1455/1972
f 1562/2038 1556/2068 1492/2044
f 1492/2044 1556/2068 1454/2062
f 1561/2134 1557/2158 1488/2140
f 1488/2140 1557/2158 1453/2164
f 1560/2230 1558/2260 1484/2236
f 1484/2236 1558/2260 1452/2254
f 1446/1672 1459/1696 1451/1666
f 1451/1666 1459/1696 1509/1690
f 1505/1768 1460/1786 1535/1762
f 1535/1762 1460/1786 1511/1792
f 1501/1864 1461/1888 1533/1858
f 1533/1858 1461/1888 1513/1882
f 1497/1954 1462/1978 1531/1960
f 1531/1960 1462/1978 1515/1984
f 1493/2050 1463/2080 1529/2056
f 1529/2056 1463/2080 1517/2074
f 1489/2152 1464/2176 1527/2146
f 1527/2146 1464/2176 1519/2170
f 1485/2242 1465/2266 1525/2248
f 1525/2248 1465/2266 1521/2272
f 1521/2272 1523/2338 1558/2260
f 1558/2260 1523/2338 1559/2326
f 1519/2170 1525/2248 1557/2158
f 1557/2158 1525/2248 1560/2230
f 1517/2074 1527/2146 1556/2068
f 1556/2068 1527/2146 1561/2134
f 1515/1984 1529/2056 1555/1966
f 1555/1966 1529/2056 1562/2038
f 1513/1882 1531/1960 1554/1876
f 1554/1876 1531/1960 1563/1942
f 1511/1792 1533/1858 1553/1774
f 1553/1774 1533/1858 1564/1852
f 1509/1690 1535/1762 1551/1684
f 1551/1684 1535/1762 1565/1750
f 1473/1720 1509/1690 1510/1714
f 1510/1714 1509/1690 1459/1696
f 1474/1816 1511/1792 1512/1810
f 1512/1810 1511/1792 1460/1786
f 1475/1912 1513/1882 1514/1906
f 1514/1906 1513/1882 1461/1888
f 1476/2008 1515/1984 1516/2002
f 1516/2002 1515/1984 1462/1978
f 1518/2104 1477/2098 1463/2080
f 1463/2080 1477/2098 1517/2074
f 1520/2200 1478/2194 1464/2176
f 1464/2176 1478/2194 1519/2170
f 1522/2290 1479/2296 1465/2266
f 1465/2266 1479/2296 1521/2272
f 1524/2308 1522/2290 1480/2344
f 1480/2344 1522/2290 1465/2266
f 1479/2296 1482/2302 1521/2272
f 1521/2272 1482/2302 1523/2338
f 1524/2308 1480/2344 1482/2302
f 1482/2302 1480/2344 1523/2338
f 1526/2206 1520/2200 1485/2242
f 1485/2242 1520/2200 1464/2176
f 1478/2194 1487/2212 1519/2170
f 1519/2170 1487/2212 1525/2248
f 1526/2206 1485/2242 1487/2212
f 1487/2212 1485/2242 1525/2248
f 1528/2116 1518/2104 1489/2152
f 1489/2152 1518/2104 1463/2080
f 1477/2098 1491/2110 1517/2074
f 1517/2074 1491/2110 1527/2146
f 1528/2116 1489/2152 1491/2110
f 1491/2110 1489/2152 1527/2146
f 1530/2020 1516/2002 1493/2050
f 1493/2050 1516/2002 1462/1978
f 1476/2008 1495/2014 1515/1984
f 1515/1984 1495/2014 1529/2056
f 1495/2014 1530/2020 1529/2056
f 1529/2056 1530/2020 1493/2050
f 1532/1924 1514/1906 1497/1954
f 1497/1954 1514/1906 1461/1888
f 1475/1912 1499/1918 1513/1882
f 1513/1882 1499/1918 1531/1960
f 1499/1918 1532/1924 1531/1960
f 1531/1960 1532/1924 1497/1954
f 1534/1822 1512/1810 1501/1864
f 1501/1864 1512/1810 1460/1786
f 1474/1816 1503/1828 1511/1792
f 1511/1792 1503/1828 1533/1858
f 1503/1828 1534/1822 1533/1858
f 1533/1858 1534/1822 1501/1864
f 1536/1732 1510/1714 1505/1768
f 1505/1768 1510/1714 1459/1696
f 1473/1720 1507/1726 1509/1690
f 1509/1690 1507/1726 1535/1762
f 1507/1726 1536/1732 1535/1762
f 1535/1762 1536/1732 1505/1768
f 1539/2278 1538/2320 1452/2254
f 1452/2254 1538/2320 1483/2332
f 1541/2182 1540/2224 1453/2164
f 1453/2164 1540/2224 1484/2236
f 1543/2092 1542/2122 1454/2062
f 1454/2062 1542/2122 1488/2140
f 1545/1990 1544/2026 1455/1972
f 1455/1972 1544/2026 1492/2044
f 1547/1894 1546/1936 1456/1870
f 1456/1870 1546/1936 1496/1948
f 1549/1798 1548/1834 1457/1780
f 1457/1780 1548/1834 1500/1846
f 1552/1702 1550/1744 1458/1678
f 1458/1678 1550/1744 1504/1756
f 1552/1702 1458/1678 1466/1708
f 1466/1708 1458/1678 1551/1684
f 1549/1798 1457/1780 1467/1804
f 1467/1804 1457/1780 1553/1774
f 1547/1894 1456/1870 1468/1900
f 1468/1900 1456/1870 1554/1876
f 1545/1990 1455/1972 1469/1996
f 1469/1996 1455/1972 1555/1966
f 1470/2086 1543/2092 1556/2068
f 1556/2068 1543/2092 1454/2062
f 1471/2188 1541/2182 1557/2158
f 1557/2158 1541/2182 1453/2164
f 1472/2284 1539/2278 1558/2260
f 1558/2260 1539/2278 1452/2254
f 1481/2314 1472/2284 1559/2326
f 1559/2326 1472/2284 1558/2260
f 1481/2314 1559/2326 1538/2320
f 1538/2320 1559/2326 1483/2332
f 1486/2218 1471/2188 1560/2230
f 1560/2230 1471/2188 1557/2158
f 1486/2218 1560/2230 1540/2224
f 1540/2224 1560/2230 1484/2236
f 1490/2128 1470/2086 1561/2134
f 1561/2134 1470/2086 1556/2068
f 1490/2128 1561/2134 1542/2122
f 1542/2122 1561/2134 1488/2140
f 1494/2032 1469/1996 1562/2038
f 1562/2038 1469/1996 1555/1966
f 1494/2032 1562/2038 1544/2026
f 1544/2026 1562/2038 1492/2044
f 1498/1930 1468/1900 1563/1942
f 1563/1942 1468/1900 1554/1876
f 1546/1936 1498/1930 1496/1948
f 1496/1948 1498/1930 1563/1942
f 1502/1840 1467/1804 1564/1852
f 1564/1852 1467/1804 1553/1774
f 1548/1834 1502/1840 1500/1846
f 1500/1846 1502/1840 1564/1852
f 1506/1738 1466/1708 1565/1750
f 1565/1750 1466/1708 1551/1684
f 1550/1744 1506/1738 1504/1756
f 1504/1756 1506/1738 1565/1750
f 1596/2345 1566/2369 1639/2339
f 1639/2339 1566/2369 1624/2363
f 1675/2327 1653/2351 1599/2333
f 1599/2333 1653/2351 1567/2357
f 1639/2339 1624/2363 1675/2327
f 1675/2327 1624/2363 1653/2351
f 1508/1667 1625/1691 1537/1661
f 1537/1661 1625/1691 1667/1685
f 1651/1763 1627/1793 1681/1751
f 1681/1751 1627/1793 1669/1775
f 1649/1859 1629/1883 1680/1853
f 1680/1853 1629/1883 1670/1877
f 1647/1961 1631/1985 1679/1943
f 1679/1943 1631/1985 1671/1967
f 1645/2057 1633/2075 1678/2039
f 1678/2039 1633/2075 1672/2069
f 1643/2147 1635/2171 1677/2135
f 1677/2135 1635/2171 1673/2159
f 1641/2249 1637/2273 1676/2231
f 1676/2231 1637/2273 1674/2261
f 1537/1661 1667/1685 1449/1655
f 1449/1655 1667/1685 1574/1679
f 1681/1751 1669/1775 1620/1757
f 1620/1757 1669/1775 1573/1781
f 1680/1853 1670/1877 1616/1847
f 1616/1847 1670/1877 1572/1871
f 1679/1943 1671/1967 1612/1949
f 1612/1949 1671/1967 1571/1973
f 1678/2039 1672/2069 1608/2045
f 1608/2045 1672/2069 1570/2063
f 1677/2135 1673/2159 1604/2141
f 1604/2141 1673/2159 1569/2165
f 1676/2231 1674/2261 1600/2237
f 1600/2237 1674/2261 1568/2255
f 1448/1673 1575/1697 1508/1667
f 1508/1667 1575/1697 1625/1691
f 1621/1769 1576/1787 1651/1763
f 1651/1763 1576/1787 1627/1793
f 1617/1865 1577/1889 1649/1859
f 1649/1859 1577/1889 1629/1883
f 1613/1955 1578/1979 1647/1961
f 1647/1961 1578/1979 1631/1985
f 1609/2051 1579/2081 1645/2057
f 1645/2057 1579/2081 1633/2075
f 1605/2153 1580/2177 1643/2147
f 1643/2147 1580/2177 1635/2171
f 1601/2243 1581/2267 1641/2249
f 1641/2249 1581/2267 1637/2273
f 1637/2273 1639/2339 1674/2261
f 1674/2261 1639/2339 1675/2327
f 1635/2171 1641/2249 1673/2159
f 1673/2159 1641/2249 1676/2231
f 1633/2075 1643/2147 1672/2069
f 1672/2069 1643/2147 1677/2135
f 1631/1985 1645/2057 1671/1967
f 1671/1967 1645/2057 1678/2039
f 1629/1883 1647/1961 1670/1877
f 1670/1877 1647/1961 1679/1943
f 1627/1793 1649/1859 1669/1775
f 1669/1775 1649/1859 1680/1853
f 1625/1691 1651/1763 1667/1685
f 1667/1685 1651/1763 1681/1751
f 1589/1721 1625/1691 1626/1715
f 1626/1715 1625/1691 1575/1697
f 1590/1817 1627/1793 1628/1811
f 1628/1811 1627/1793 1576/1787
f 1591/1913 1629/1883 1630/1907
f 1630/1907 1629/1883 1577/1889
f 1592/2009 1631/1985 1632/2003
f 1632/2003 1631/1985 1578/1979
f 1634/2105 1593/2099 1579/2081
f 1579/2081 1593/2099 1633/2075
f 1636/2201 1594/2195 1580/2177
f 1580/2177 1594/2195 1635/2171
f 1638/2291 1595/2297 1581/2267
f 1581/2267 1595/2297 1637/2273
f 1640/2309 1638/2291 1596/2345
f 1596/2345 1638/2291 1581/2267
f 1595/2297 1598/2303 1637/2273
f 1637/2273 1598/2303 1639/2339
f 1640/2309 1596/2345 1598/2303
f 1598/2303 1596/2345 1639/2339
f 1642/2207 1636/2201 1601/2243
f 1601/2243 1636/2201 1580/2177
f 1594/2195 1603/2213 1635/2171
f 1635/2171 1603/2213 1641/2249
f 1642/2207 1601/2243 1603/2213
f 1603/2213 1601/2243 1641/2249
f 1644/2117 1634/2105 1605/2153
f 1605/2153 1634/2105 1579/2081
f 1593/2099 1607/2111 1633/2075
f 1633/2075 1607/2111 1643/2147
f 1644/2117 1605/2153 1607/2111
f 1607/2111 1605/2153 1643/2147
f 1646/2021 1632/2003 1609/2051
f 1609/2051 1632/2003 1578/1979
f 1592/2009 1611/2015 1631/1985
f 1631/1985 1611/2015 1645/2057
f 1611/2015 1646/2021 1645/2057
f 1645/2057 1646/2021 1609/2051
f 1648/1925 1630/1907 1613/1955
f 1613/1955 1630/1907 1577/1889
f 1591/1913 1615/1919 1629/1883
f 1629/1883 1615/1919 1647/1961
f 1615/1919 1648/1925 1647/1961
f 1647/1961 1648/1925 1613/1955
f 1650/1823 1628/1811 1617/1865
f 1617/1865 1628/1811 1576/1787
f 1590/1817 1619/1829 1627/1793
f 1627/1793 1619/1829 1649/1859
f 1619/1829 1650/1823 1649/1859
f 1649/1859 1650/1823 1617/1865
f 1652/1733 1626/1715 1621/1769
f 1621/1769 1626/1715 1575/1697
f 1589/1721 1623/1727 1625/1691
f 1625/1691 1623/1727 1651/1763
f 1623/1727 1652/1733 1651/1763
f 1651/1763 1652/1733 1621/1769
f 1655/2279 1654/2321 1568/2255
f 1568/2255 1654/2321 1599/2333
f 1657/2183 1656/2225 1569/2165
f 1569/2165 1656/2225 1600/2237
f 1659/2093 1658/2123 1570/2063
f 1570/2063 1658/2123 1604/2141
f 1661/1991 1660/2027 1571/1973
f 1571/1973 1660/2027 1608/2045
f 1663/1895 1662/1937 1572/1871
f 1572/1871 1662/1937 1612/1949
f 1665/1799 1664/1835 1573/1781
f 1573/1781 1664/1835 1616/1847
f 1668/1703 1666/1745 1574/1679
f 1574/1679 1666/1745 1620/1757
f 1668/1703 1574/1679 1582/1709
f 1582/1709 1574/1679 1667/1685
f 1665/1799 1573/1781 1583/1805
f 1583/1805 1573/1781 1669/1775
f 1663/1895 1572/1871 1584/1901
f 1584/1901 1572/1871 1670/1877
f 1661/1991 1571/1973 1585/1997
f 1585/1997 1571/1973 1671/1967
f 1586/2087 1659/2093 1672/2069
f 1672/2069 1659/2093 1570/2063
f 1587/2189 1657/2183 1673/2159
f 1673/2159 1657/2183 1569/2165
f 1588/2285 1655/2279 1674/2261
f 1674/2261 1655/2279 1568/2255
f 1597/2315 1588/2285 1675/2327
f 1675/2327 1588/2285 1674/2261
f 1597/2315 1675/2327 1654/2321
f 1654/2321 1675/2327 1599/2333
f 1602/2219 1587/2189 1676/2231
f 1676/2231 1587/2189 1673/2159
f 1602/2219 1676/2231 1656/2225
f 1656/2225 1676/2231 1600/2237
f 1606/2129 1586/2087 1677/2135
f 1677/2135 1586/2087 1672/2069
f 1606/2129 1677/2135 1658/2123
f 1658/2123 1677/2135 1604/2141
f 1610/2033 1585/1997 1678/2039
f 1678/2039 1585/1997 1671/1967
f 1610/2033 1678/2039 1660/2027
f 1660/2027 1678/2039 1608/2045
f 1614/1931 1584/1901 1679/1943
f 1679/1943 1584/1901 1670/1877
f 1662/1937 1614/1931 1612/1949
f 1612/1949 1614/1931 1679/1943
f 1618/1841 1583/1805 1680/1853
f 1680/1853 1583/1805 1669/1775
f 1664/1835 1618/1841 1616/1847
f 1616/1847 1618/1841 1680/1853
f 1622/1739 1582/1709 1681/1751
f 1681/1751 1582/1709 1667/1685
f 1666/1745 1622/1739 1620/1757
f 1620/1757 1622/1739 1681/1751
f 1712/2346 1682/2370 1755/2340
f 1755/2340 1682/2370 1740/2364
f 1791/2328 1769/2352 1715/2334
f 1715/2334 1769/2352 1683/2358
f 1755/2340 1740/2364 1791/2328
f 1791/2328 1740/2364 1769/2352
f 1653/1662 1624/1668 1783/1686
f 1783/1686 1624/1668 1741/1692
f 1797/1752 1767/1764 1785/1776
f 1785/1776 1767/1764 1743/1794
f 1796/1854 1765/1860 1786/1878
f 1786/1878 1765/1860 1745/1884
f 1795/1944 1763/1962 1787/1968
f 1787/1968 1763/1962 1747/1986
f 1761/2058 1749/2076 1794/2040
f 1794/2040 1749/2076 1788/2070
f 1759/2148 1751/2172 1793/2136
f 1793/2136 1751/2172 1789/2160
f 1757/2250 1753/2274 1792/2232
f 1792/2232 1753/2274 1790/2262
f 1653/1662 1783/1686 1567/1656
f 1567/1656 1783/1686 1690/1680
f 1736/1758 1797/1752 1689/1782
f 1689/1782 1797/1752 1785/1776
f 1796/1854 1786/1878 1732/1848
f 1732/1848 1786/1878 1688/1872
f 1795/1944 1787/1968 1728/1950
f 1728/1950 1787/1968 1687/1974
f 1724/2046 1794/2040 1686/2064
f 1686/2064 1794/2040 1788/2070
f 1793/2136 1789/2160 1720/2142
f 1720/2142 1789/2160 1685/2166
f 1792/2232 1790/2262 1716/2238
f 1716/2238 1790/2262 1684/2256
f 1624/1668 1566/1674 1741/1692
f 1741/1692 1566/1674 1691/1698
f 1767/1764 1737/1770 1743/1794
f 1743/1794 1737/1770 1692/1788
f 1765/1860 1733/1866 1745/1884
f 1745/1884 1733/1866 1693/1890
f 1763/1962 1729/1956 1747/1986
f 1747/1986 1729/1956 1694/1980
f 1725/2052 1695/2082 1761/2058
f 1761/2058 1695/2082 1749/2076
f 1721/2154 1696/2178 1759/2148
f 1759/2148 1696/2178 1751/2172
f 1717/2244 1697/2268 1757/2250
f 1757/2250 1697/2268 1753/2274
f 1753/2274 1755/2340 1790/2262
f 1790/2262 1755/2340 1791/2328
f 1751/2172 1757/2250 1789/2160
f 1789/2160 1757/2250 1792/2232
f 1749/2076 1759/2148 1788/2070
f 1788/2070 1759/2148 1793/2136
f 1747/1986 1761/2058 1787/1968
f 1787/1968 1761/2058 1794/2040
f 1786/1878 1745/1884 1795/1944
f 1795/1944 1745/1884 1763/1962
f 1785/1776 1743/1794 1796/1854
f 1796/1854 1743/1794 1765/1860
f 1783/1686 1741/1692 1797/1752
f 1797/1752 1741/1692 1767/1764
f 1742/1716 1705/1722 1691/1698
f 1691/1698 1705/1722 1741/1692
f 1744/1812 1706/1818 1692/1788
f 1692/1788 1706/1818 1743/1794
f 1746/1908 1707/1914 1693/1890
f 1693/1890 1707/1914 1745/1884
f 1708/2010 1747/1986 1748/2004
f 1748/2004 1747/1986 1694/1980
f 1709/2100 1749/2076 1750/2106
f 1750/2106 1749/2076 1695/2082
f 1710/2196 1751/2172 1752/2202
f 1752/2202 1751/2172 1696/2178
f 1711/2298 1753/2274 1754/2292
f 1754/2292 1753/2274 1697/2268
f 1756/2310 1754/2292 1712/2346
f 1712/2346 1754/2292 1697/2268
f 1711/2298 1714/2304 1753/2274
f 1753/2274 1714/2304 1755/2340
f 1756/2310 1712/2346 1714/2304
f 1714/2304 1712/2346 1755/2340
f 1758/2208 1752/2202 1717/2244
f 1717/2244 1752/2202 1696/2178
f 1710/2196 1719/2214 1751/2172
f 1751/2172 1719/2214 1757/2250
f 1758/2208 1717/2244 1719/2214
f 1719/2214 1717/2244 1757/2250
f 1760/2118 1750/2106 1721/2154
f 1721/2154 1750/2106 1695/2082
f 1709/2100 1723/2112 1749/2076
f 1749/2076 1723/2112 1759/2148
f 1760/2118 1721/2154 1723/2112
f 1723/2112 1721/2154 1759/2148
f 1762/2022 1748/2004 1725/2052
f 1725/2052 1748/2004 1694/1980
f 1708/2010 1727/2016 1747/1986
f 1747/1986 1727/2016 1761/2058
f 1762/2022 1725/2052 1727/2016
f 1727/2016 1725/2052 1761/2058
f 1746/1908 1693/1890 1764/1926
f 1764/1926 1693/1890 1729/1956
f 1731/1920 1763/1962 1707/1914
f 1707/1914 1763/1962 1745/1884
f 1731/1920 1764/1926 1763/1962
f 1763/1962 1764/1926 1729/1956
f 1744/1812 1692/1788 1766/1824
f 1766/1824 1692/1788 1733/1866
f 1735/1830 1765/1860 1706/1818
f 1706/1818 1765/1860 1743/1794
f 1735/1830 1766/1824 1765/1860
f 1765/1860 1766/1824 1733/1866
f 1742/1716 1691/1698 1768/1734
f 1768/1734 1691/1698 1737/1770
f 1741/1692 1705/1722 1767/1764
f 1705/1722 1739/1728 1767/1764
f 1739/1728 1768/1734 1767/1764
f 1767/1764 1768/1734 1737/1770
f 1771/2280 1770/2322 1684/2256
f 1684/2256 1770/2322 1715/2334
f 1772/2226 1716/2238 1773/2184
f 1773/2184 1716/2238 1685/2166
f 1775/2094 1774/2124 1686/2064
f 1686/2064 1774/2124 1720/2142
f 1776/2028 1724/2046 1777/1992
f 1777/1992 1724/2046 1687/1974
f 1779/1896 1778/1938 1688/1872
f 1688/1872 1778/1938 1728/1950
f 1780/1836 1732/1848 1781/1800
f 1781/1800 1732/1848 1689/1782
f 1690/1680 1784/1704 1736/1758
f 1784/1704 1782/1746 1736/1758
f 1784/1704 1690/1680 1698/1710
f 1698/1710 1690/1680 1783/1686
f 1699/1806 1781/1800 1785/1776
f 1785/1776 1781/1800 1689/1782
f 1779/1896 1688/1872 1700/1902
f 1700/1902 1688/1872 1786/1878
f 1701/1998 1777/1992 1787/1968
f 1787/1968 1777/1992 1687/1974
f 1702/2088 1775/2094 1788/2070
f 1788/2070 1775/2094 1686/2064
f 1773/2184 1685/2166 1703/2190
f 1703/2190 1685/2166 1789/2160
f 1704/2286 1771/2280 1790/2262
f 1790/2262 1771/2280 1684/2256
f 1713/2316 1704/2286 1791/2328
f 1791/2328 1704/2286 1790/2262
f 1713/2316 1791/2328 1770/2322
f 1770/2322 1791/2328 1715/2334
f 1718/2220 1703/2190 1792/2232
f 1792/2232 1703/2190 1789/2160
f 1718/2220 1792/2232 1772/2226
f 1772/2226 1792/2232 1716/2238
f 1702/2088 1788/2070 1722/2130
f 1722/2130 1788/2070 1793/2136
f 1722/2130 1793/2136 1774/2124
f 1774/2124 1793/2136 1720/2142
f 1726/2034 1701/1998 1794/2040
f 1794/2040 1701/1998 1787/1968
f 1776/2028 1726/2034 1724/2046
f 1724/2046 1726/2034 1794/2040
f 1730/1932 1700/1902 1795/1944
f 1795/1944 1700/1902 1786/1878
f 1730/1932 1795/1944 1778/1938
f 1778/1938 1795/1944 1728/1950
f 1699/1806 1785/1776 1734/1842
f 1734/1842 1785/1776 1796/1854
f 1734/1842 1796/1854 1780/1836
f 1780/1836 1796/1854 1732/1848
f 1738/1740 1698/1710 1797/1752
f 1797/1752 1698/1710 1783/1686
f 1797/1752 1736/1758 1738/1740
f 1782/1746 1738/1740 1736/1758
f 1860/2365 1800/2371 1875/2341
f 1875/2341 1800/2371 1832/2347
f 1801/2359 1889/2353 1835/2335
f 1835/2335 1889/2353 1911/2329
f 1889/2353 1860/2365 1911/2329
f 1911/2329 1860/2365 1875/2341
f 1903/1687 1861/1693 1802/1663
f 1802/1663 1861/1693 1803/1669
f 1905/1777 1863/1795 1917/1753
f 1917/1753 1863/1795 1887/1765
f 1906/1879 1865/1885 1916/1855
f 1916/1855 1865/1885 1885/1861
f 1907/1969 1867/1987 1915/1945
f 1915/1945 1867/1987 1883/1963
f 1908/2071 1869/2077 1914/2041
f 1914/2041 1869/2077 1881/2059
f 1909/2161 1871/2173 1913/2137
f 1913/2137 1871/2173 1879/2149
f 1910/2263 1873/2275 1912/2233
f 1912/2233 1873/2275 1877/2251
f 1810/1681 1903/1687 1799/1657
f 1799/1657 1903/1687 1802/1663
f 1809/1783 1905/1777 1856/1759
f 1856/1759 1905/1777 1917/1753
f 1808/1873 1906/1879 1852/1849
f 1852/1849 1906/1879 1916/1855
f 1807/1975 1907/1969 1848/1951
f 1848/1951 1907/1969 1915/1945
f 1806/2065 1908/2071 1844/2047
f 1844/2047 1908/2071 1914/2041
f 1805/2167 1909/2161 1840/2143
f 1840/2143 1909/2161 1913/2137
f 1804/2257 1910/2263 1836/2239
f 1836/2239 1910/2263 1912/2233
f 1861/1693 1811/1699 1803/1669
f 1803/1669 1811/1699 1798/1675
f 1863/1795 1812/1789 1887/1765
f 1887/1765 1812/1789 1857/1771
f 1865/1885 1813/1891 1885/1861
f 1885/1861 1813/1891 1853/1867
f 1867/1987 1814/1981 1883/1963
f 1883/1963 1814/1981 1849/1957
f 1869/2077 1815/2083 1881/2059
f 1881/2059 1815/2083 1845/2053
f 1871/2173 1816/2179 1879/2149
f 1879/2149 1816/2179 1841/2155
f 1873/2275 1817/2269 1877/2251
f 1877/2251 1817/2269 1837/2245
f 1911/2329 1875/2341 1910/2263
f 1910/2263 1875/2341 1873/2275
f 1912/2233 1877/2251 1909/2161
f 1909/2161 1877/2251 1871/2173
f 1913/2137 1879/2149 1908/2071
f 1908/2071 1879/2149 1869/2077
f 1914/2041 1881/2059 1907/1969
f 1907/1969 1881/2059 1867/1987
f 1915/1945 1883/1963 1906/1879
f 1906/1879 1883/1963 1865/1885
f 1916/1855 1885/1861 1905/1777
f 1905/1777 1885/1861 1863/1795
f 1917/1753 1887/1765 1903/1687
f 1903/1687 1887/1765 1861/1693
f 1811/1699 1861/1693 1862/1717
f 1862/1717 1861/1693 1825/1723
f 1812/1789 1863/1795 1864/1813
f 1864/1813 1863/1795 1826/1819
f 1813/1891 1865/1885 1866/1909
f 1866/1909 1865/1885 1827/1915
f 1814/1981 1867/1987 1868/2005
f 1868/2005 1867/1987 1828/2011
f 1870/2107 1815/2083 1829/2101
f 1829/2101 1815/2083 1869/2077
f 1872/2203 1816/2179 1830/2197
f 1830/2197 1816/2179 1871/2173
f 1874/2293 1817/2269 1831/2299
f 1831/2299 1817/2269 1873/2275
f 1876/2311 1832/2347 1874/2293
f 1874/2293 1832/2347 1817/2269
f 1831/2299 1873/2275 1834/2305
f 1834/2305 1873/2275 1875/2341
f 1875/2341 1832/2347 1834/2305
f 1834/2305 1832/2347 1876/2311
f 1878/2209 1837/2245 1872/2203
f 1872/2203 1837/2245 1816/2179
f 1830/2197 1871/2173 1839/2215
f 1839/2215 1871/2173 1877/2251
f 1877/2251 1837/2245 1839/2215
f 1839/2215 1837/2245 1878/2209
f 1880/2119 1841/2155 1870/2107
f 1870/2107 1841/2155 1815/2083
f 1829/2101 1869/2077 1843/2113
f 1843/2113 1869/2077 1879/2149
f 1879/2149 1841/2155 1843/2113
f 1843/2113 1841/2155 1880/2119
f 1882/2023 1845/2053 1868/2005
f 1868/2005 1845/2053 1814/1981
f 1828/2011 1867/1987 1847/2017
f 1847/2017 1867/1987 1881/2059
f 1847/2017 1881/2059 1882/2023
f 1882/2023 1881/2059 1845/2053
f 1884/1927 1849/1957 1866/1909
f 1866/1909 1849/1957 1813/1891
f 1827/1915 1865/1885 1851/1921
f 1851/1921 1865/1885 1883/1963
f 1851/1921 1883/1963 1884/1927
f 1884/1927 1883/1963 1849/1957
f 1886/1825 1853/1867 1864/1813
f 1864/1813 1853/1867 1812/1789
f 1826/1819 1863/1795 1855/1831
f 1855/1831 1863/1795 1885/1861
f 1855/1831 1885/1861 1886/1825
f 1886/1825 1885/1861 1853/1867
f 1888/1735 1857/1771 1862/1717
f 1862/1717 1857/1771 1811/1699
f 1825/1723 1861/1693 1859/1729
f 1859/1729 1861/1693 1887/1765
f 1859/1729 1887/1765 1888/1735
f 1888/1735 1887/1765 1857/1771
f 1891/2281 1804/2257 1890/2323
f 1890/2323 1804/2257 1835/2335
f 1893/2185 1805/2167 1892/2227
f 1892/2227 1805/2167 1836/2239
f 1895/2095 1806/2065 1894/2125
f 1894/2125 1806/2065 1840/2143
f 1897/1993 1807/1975 1896/2029
f 1896/2029 1807/1975 1844/2047
f 1899/1897 1808/1873 1898/1939
f 1898/1939 1808/1873 1848/1951
f 1901/1801 1809/1783 1900/1837
f 1900/1837 1809/1783 1852/1849
f 1904/1705 1810/1681 1902/1747
f 1902/1747 1810/1681 1856/1759
f 1903/1687 1810/1681 1818/1711
f 1818/1711 1810/1681 1904/1705
f 1905/1777 1809/1783 1819/1807
f 1819/1807 1809/1783 1901/1801
f 1906/1879 1808/1873 1820/1903
f 1820/1903 1808/1873 1899/1897
f 1907/1969 1807/1975 1821/1999
f 1821/1999 1807/1975 1897/1993
f 1822/2089 1908/2071 1895/2095
f 1895/2095 1908/2071 1806/2065
f 1823/2191 1909/2161 1893/2185
f 1893/2185 1909/2161 1805/2167
f 1824/2287 1910/2263 1891/2281
f 1891/2281 1910/2263 1804/2257
f 1833/2317 1911/2329 1824/2287
f 1824/2287 1911/2329 1910/2263
f 1835/2335 1911/2329 1890/2323
f 1890/2323 1911/2329 1833/2317
f 1838/2221 1912/2233 1823/2191
f 1823/2191 1912/2233 1909/2161
f 1836/2239 1912/2233 1892/2227
f 1892/2227 1912/2233 1838/2221
f 1842/2131 1913/2137 1822/2089
f 1822/2089 1913/2137 1908/2071
f 1840/2143 1913/2137 1894/2125
f 1894/2125 1913/2137 1842/2131
f 1846/2035 1914/2041 1821/1999
f 1821/1999 1914/2041 1907/1969
f 1844/2047 1914/2041 1896/2029
f 1896/2029 1914/2041 1846/2035
f 1850/1933 1915/1945 1820/1903
f 1820/1903 1915/1945 1906/1879
f 1898/1939 1848/1951 1850/1933
f 1850/1933 1848/1951 1915/1945
f 1854/1843 1916/1855 1819/1807
f 1819/1807 1916/1855 1905/1777
f 1900/1837 1852/1849 1854/1843
f 1854/1843 1852/1849 1916/1855
f 1858/1741 1917/1753 1818/1711
f 1818/1711 1917/1753 1903/1687
f 1902/1747 1856/1759 1858/1741
f 1858/1741 1856/1759 1917/1753
f 1976/2366 1918/2372 1991/2342
f 1991/2342 1918/2372 1948/2348
f 1919/2360 2005/2354 1951/2336
f 1951/2336 2005/2354 2027/2330
f 2005/2354 1976/2366 2027/2330
f 2027/2330 1976/2366 1991/2342
f 2019/1688 1977/1694 1889/1664
f 1889/1664 1977/1694 1860/1670
f 2021/1778 1979/1796 2033/1754
f 2033/1754 1979/1796 2003/1766
f 2022/1880 1981/1886 2032/1856
f 2032/1856 1981/1886 2001/1862
f 2023/1970 1983/1988 2031/1946
f 2031/1946 1983/1988 1999/1964
f 2024/2072 1985/2078 2030/2042
f 2030/2042 1985/2078 1997/2060
f 2025/2162 1987/2174 2029/2138
f 2029/2138 1987/2174 1995/2150
f 2026/2264 1989/2276 2028/2234
f 2028/2234 1989/2276 1993/2252
f 1926/1682 2019/1688 1801/1658
f 1801/1658 2019/1688 1889/1664
f 1925/1784 2021/1778 1972/1760
f 1972/1760 2021/1778 2033/1754
f 1924/1874 2022/1880 1968/1850
f 1968/1850 2022/1880 2032/1856
f 1923/1976 2023/1970 1964/1952
f 1964/1952 2023/1970 2031/1946
f 1922/2066 2024/2072 1960/2048
f 1960/2048 2024/2072 2030/2042
f 1921/2168 2025/2162 1956/2144
f 1956/2144 2025/2162 2029/2138
f 1920/2258 2026/2264 1952/2240
f 1952/2240 2026/2264 2028/2234
f 1977/1694 1927/1700 1860/1670
f 1860/1670 1927/1700 1800/1676
f 1979/1796 1928/1790 2003/1766
f 2003/1766 1928/1790 1973/1772
f 1981/1886 1929/1892 2001/1862
f 2001/1862 1929/1892 1969/1868
f 1983/1988 1930/1982 1999/1964
f 1999/1964 1930/1982 1965/1958
f 1985/2078 1931/2084 1997/2060
f 1997/2060 1931/2084 1961/2054
f 1987/2174 1932/2180 1995/2150
f 1995/2150 1932/2180 1957/2156
f 1989/2276 1933/2270 1993/2252
f 1993/2252 1933/2270 1953/2246
f 2027/2330 1991/2342 2026/2264
f 2026/2264 1991/2342 1989/2276
f 2028/2234 1993/2252 2025/2162
f 2025/2162 1993/2252 1987/2174
f 2029/2138 1995/2150 2024/2072
f 2024/2072 1995/2150 1985/2078
f 2030/2042 1997/2060 2023/1970
f 2023/1970 1997/2060 1983/1988
f 2031/1946 1999/1964 2022/1880
f 2022/1880 1999/1964 1981/1886
f 2032/1856 2001/1862 2021/1778
f 2021/1778 2001/1862 1979/1796
f 2033/1754 2003/1766 2019/1688
f 2019/1688 2003/1766 1977/1694
f 1927/1700 1977/1694 1978/1718
f 1978/1718 1977/1694 1941/1724
f 1928/1790 1979/1796 1980/1814
f 1980/1814 1979/1796 1942/1820
f 1929/1892 1981/1886 1982/1910
f 1982/1910 1981/1886 1943/1916
f 1930/1982 1983/1988 1984/2006
f 1984/2006 1983/1988 1944/2012
f 1986/2108 1931/2084 1945/2102
f 1945/2102 1931/2084 1985/2078
f 1988/2204 1932/2180 1946/2198
f 1946/2198 1932/2180 1987/2174
f 1990/2294 1933/2270 1947/2300
f 1947/2300 1933/2270 1989/2276
f 1992/2312 1948/2348 1990/2294
f 1990/2294 1948/2348 1933/2270
f 1947/2300 1989/2276 1950/2306
f 1950/2306 1989/2276 1991/2342
f 1991/2342 1948/2348 1950/2306
f 1950/2306 1948/2348 1992/2312
f 1994/2210 1953/2246 1988/2204
f 1988/2204 1953/2246 1932/2180
f 1946/2198 1987/2174 1955/2216
f 1955/2216 1987/2174 1993/2252
f 1993/2252 1953/2246 1955/2216
f 1955/2216 1953/2246 1994/2210
f 1996/2120 1957/2156 1986/2108
f 1986/2108 1957/2156 1931/2084
f 1945/2102 1985/2078 1959/2114
f 1959/2114 1985/2078 1995/2150
f 1995/2150 1957/2156 1959/2114
f 1959/2114 1957/2156 1996/2120
f 1998/2024 1961/2054 1984/2006
f 1984/2006 1961/2054 1930/1982
f 1944/2012 1983/1988 1963/2018
f 1963/2018 1983/1988 1997/2060
f 1963/2018 1997/2060 1998/2024
f 1998/2024 1997/2060 1961/2054
f 2000/1928 1965/1958 1982/1910
f 1982/1910 1965/1958 1929/1892
f 1943/1916 1981/1886 1967/1922
f 1967/1922 1981/1886 1999/1964
f 1967/1922 1999/1964 2000/1928
f 2000/1928 1999/1964 1965/1958
f 2002/1826 1969/1868 1980/1814
f 1980/1814 1969/1868 1928/1790
f 1942/1820 1979/1796 1971/1832
f 1971/1832 1979/1796 2001/1862
f 1971/1832 2001/1862 2002/1826
f 2002/1826 2001/1862 1969/1868
f 2004/1736 1973/1772 1978/1718
f 1978/1718 1973/1772 1927/1700
f 1941/1724 1977/1694 1975/1730
f 1975/1730 1977/1694 2003/1766
f 1975/1730 2003/1766 2004/1736
f 2004/1736 2003/1766 1973/1772
f 2007/2282 1920/2258 2006/2324
f 2006/2324 1920/2258 1951/2336
f 2009/2186 1921/2168 2008/2228
f 2008/2228 1921/2168 1952/2240
f 2011/2096 1922/2066 2010/2126
f 2010/2126 1922/2066 1956/2144
f 2013/1994 1923/1976 2012/2030
f 2012/2030 1923/1976 1960/2048
f 2015/1898 1924/1874 2014/1940
f 2014/1940 1924/1874 1964/1952
f 2017/1802 1925/1784 2016/1838
f 2016/1838 1925/1784 1968/1850
f 2020/1706 1926/1682 2018/1748
f 2018/1748 1926/1682 1972/1760
f 2019/1688 1926/1682 1934/1712
f 1934/1712 1926/1682 2020/1706
f 2021/1778 1925/1784 1935/1808
f 1935/1808 1925/1784 2017/1802
f 2022/1880 1924/1874 1936/1904
f 1936/1904 1924/1874 2015/1898
f 2023/1970 1923/1976 1937/2000
f 1937/2000 1923/1976 2013/1994
f 1938/2090 2024/2072 2011/2096
f 2011/2096 2024/2072 1922/2066
f 1939/2192 2025/2162 2009/2186
f 2009/2186 2025/2162 1921/2168
f 1940/2288 2026/2264 2007/2282
f 2007/2282 2026/2264 1920/2258
f 1949/2318 2027/2330 1940/2288
f 1940/2288 2027/2330 2026/2264
f 1951/2336 2027/2330 2006/2324
f 2006/2324 2027/2330 1949/2318
f 1954/2222 2028/2234 1939/2192
f 1939/2192 2028/2234 2025/2162
f 1952/2240 2028/2234 2008/2228
f 2008/2228 2028/2234 1954/2222
f 1958/2132 2029/2138 1938/2090
f 1938/2090 2029/2138 2024/2072
f 1956/2144 2029/2138 2010/2126
f 2010/2126 2029/2138 1958/2132
f 1962/2036 2030/2042 1937/2000
f 1937/2000 2030/2042 2023/1970
f 1960/2048 2030/2042 2012/2030
f 2012/2030 2030/2042 1962/2036
f 1966/1934 2031/1946 1936/1904
f 1936/1904 2031/1946 2022/1880
f 2014/1940 1964/1952 1966/1934
f 1966/1934 1964/1952 2031/1946
f 1970/1844 2032/1856 1935/1808
f 1935/1808 2032/1856 2021/1778
f 2016/1838 1968/1850 1970/1844
f 1970/1844 1968/1850 2032/1856
f 1974/1742 2033/1754 1934/1712
f 1934/1712 2033/1754 2019/1688
f 2018/1748 1972/1760 1974/1742
f 1974/1742 1972/1760 2033/1754
f 2092/2367 2034/2373 2107/2343
f 2107/2343 2034/2373 2064/2349
f 2035/2361 2121/2355 2067/2337
f 2067/2337 2121/2355 2143/2331
f 2121/2355 2092/2367 2143/2331
f 2143/2331 2092/2367 2107/2343
f 2005/1665 2135/1689 1976/1671
f 1976/1671 2135/1689 2093/1695
f 2149/1755 2137/1779 2119/1767
f 2119/1767 2137/1779 2095/1797
f 2148/1857 2138/1881 2117/1863
f 2117/1863 2138/1881 2097/1887
f 2147/1947 2139/1971 2115/1965
f 2115/1965 2139/1971 2099/1989
f 2140/2073 2101/2079 2146/2043
f 2146/2043 2101/2079 2113/2061
f 2141/2163 2103/2175 2145/2139
f 2145/2139 2103/2175 2111/2151
f 2142/2265 2105/2277 2144/2235
f 2144/2235 2105/2277 2109/2253
f 2042/1683 2135/1689 1919/1659
f 1919/1659 2135/1689 2005/1665
f 2088/1761 2041/1785 2149/1755
f 2149/1755 2041/1785 2137/1779
f 2040/1875 2138/1881 2084/1851
f 2084/1851 2138/1881 2148/1857
f 2039/1977 2139/1971 2080/1953
f 2080/1953 2139/1971 2147/1947
f 2076/2049 2038/2067 2146/2043
f 2146/2043 2038/2067 2140/2073
f 2037/2169 2141/2163 2072/2145
f 2072/2145 2141/2163 2145/2139
f 2036/2259 2142/2265 2068/2241
f 2068/2241 2142/2265 2144/2235
f 1976/1671 2093/1695 1918/1677
f 1918/1677 2093/1695 2043/1701
f 2119/1767 2095/1797 2089/1773
f 2089/1773 2095/1797 2044/1791
f 2117/1863 2097/1887 2085/1869
f 2085/1869 2097/1887 2045/1893
f 2115/1965 2099/1989 2081/1959
f 2081/1959 2099/1989 2046/1983
f 2101/2079 2047/2085 2113/2061
f 2113/2061 2047/2085 2077/2055
f 2103/2175 2048/2181 2111/2151
f 2111/2151 2048/2181 2073/2157
f 2105/2277 2049/2271 2109/2253
f 2109/2253 2049/2271 2069/2247
f 2143/2331 2107/2343 2142/2265
f 2142/2265 2107/2343 2105/2277
f 2144/2235 2109/2253 2141/2163
f 2141/2163 2109/2253 2103/2175
f 2145/2139 2111/2151 2140/2073
f 2140/2073 2111/2151 2101/2079
f 2146/2043 2113/2061 2139/1971
f 2139/1971 2113/2061 2099/1989
f 2138/1881 2147/1947 2097/1887
f 2097/1887 2147/1947 2115/1965
f 2137/1779 2148/1857 2095/1797
f 2095/1797 2148/1857 2117/1863
f 2135/1689 2149/1755 2093/1695
f 2093/1695 2149/1755 2119/1767
f 2094/1719 2043/1701 2057/1725
f 2057/1725 2043/1701 2093/1695
f 2096/1815 2044/1791 2058/1821
f 2058/1821 2044/1791 2095/1797
f 2098/1911 2045/1893 2059/1917
f 2059/1917 2045/1893 2097/1887
f 2046/1983 2099/1989 2100/2007
f 2100/2007 2099/1989 2060/2013
f 2047/2085 2101/2079 2102/2109
f 2102/2109 2101/2079 2061/2103
f 2048/2181 2103/2175 2104/2205
f 2104/2205 2103/2175 2062/2199
f 2049/2271 2105/2277 2106/2295
f 2106/2295 2105/2277 2063/2301
f 2108/2313 2064/2349 2106/2295
f 2106/2295 2064/2349 2049/2271
f 2063/2301 2105/2277 2066/2307
f 2066/2307 2105/2277 2107/2343
f 2107/2343 2064/2349 2066/2307
f 2066/2307 2064/2349 2108/2313
f 2110/2211 2069/2247 2104/2205
f 2104/2205 2069/2247 2048/2181
f 2062/2199 2103/2175 2071/2217
f 2071/2217 2103/2175 2109/2253
f 2109/2253 2069/2247 2071/2217
f 2071/2217 2069/2247 2110/2211
f 2112/2121 2073/2157 2102/2109
f 2102/2109 2073/2157 2047/2085
f 2061/2103 2101/2079 2075/2115
f 2075/2115 2101/2079 2111/2151
f 2111/2151 2073/2157 2075/2115
f 2075/2115 2073/2157 2112/2121
f 2114/2025 2077/2055 2100/2007
f 2100/2007 2077/2055 2046/1983
f 2060/2013 2099/1989 2079/2019
f 2079/2019 2099/1989 2113/2061
f 2113/2061 2077/2055 2079/2019
f 2079/2019 2077/2055 2114/2025
f 2081/1959 2045/1893 2116/1929
f 2116/1929 2045/1893 2098/1911
f 2097/1887 2115/1965 2059/1917
f 2059/1917 2115/1965 2083/1923
f 2083/1923 2115/1965 2116/1929
f 2116/1929 2115/1965 2081/1959
f 2085/1869 2044/1791 2118/1827
f 2118/1827 2044/1791 2096/1815
f 2095/1797 2117/1863 2058/1821
f 2058/1821 2117/1863 2087/1833
f 2087/1833 2117/1863 2118/1827
f 2118/1827 2117/1863 2085/1869
f 2089/1773 2043/1701 2120/1737
f 2120/1737 2043/1701 2094/1719
f 2093/1695 2119/1767 2057/1725
f 2057/1725 2119/1767 2091/1731
f 2091/1731 2119/1767 2120/1737
f 2120/1737 2119/1767 2089/1773
f 2123/2283 2036/2259 2122/2325
f 2122/2325 2036/2259 2067/2337
f 2037/2169 2068/2241 2125/2187
f 2125/2187 2068/2241 2124/2229
f 2127/2097 2038/2067 2126/2127
f 2126/2127 2038/2067 2072/2145
f 2039/1977 2076/2049 2129/1995
f 2129/1995 2076/2049 2128/2031
f 2131/1899 2040/1875 2130/1941
f 2130/1941 2040/1875 2080/1953
f 2041/1785 2084/1851 2133/1803
f 2133/1803 2084/1851 2132/1839
f 2042/1683 2088/1761 2136/1707
f 2136/1707 2088/1761 2134/1749
f 2135/1689 2042/1683 2050/1713
f 2050/1713 2042/1683 2136/1707
f 2051/1809 2137/1779 2133/1803
f 2133/1803 2137/1779 2041/1785
f 2138/1881 2040/1875 2052/1905
f 2052/1905 2040/1875 2131/1899
f 2053/2001 2139/1971 2129/1995
f 2129/1995 2139/1971 2039/1977
f 2054/2091 2140/2073 2127/2097
f 2127/2097 2140/2073 2038/2067
f 2141/2163 2037/2169 2055/2193
f 2055/2193 2037/2169 2125/2187
f 2056/2289 2142/2265 2123/2283
f 2123/2283 2142/2265 2036/2259
f 2065/2319 2143/2331 2056/2289
f 2056/2289 2143/2331 2142/2265
f 2067/2337 2143/2331 2122/2325
f 2122/2325 2143/2331 2065/2319
f 2070/2223 2144/2235 2055/2193
f 2055/2193 2144/2235 2141/2163
f 2068/2241 2144/2235 2124/2229
f 2124/2229 2144/2235 2070/2223
f 2145/2139 2140/2073 2074/2133
f 2074/2133 2140/2073 2054/2091
f 2072/2145 2145/2139 2126/2127
f 2126/2127 2145/2139 2074/2133
f 2146/2043 2139/1971 2078/2037
f 2078/2037 2139/1971 2053/2001
f 2128/2031 2076/2049 2078/2037
f 2078/2037 2076/2049 2146/2043
f 2082/1935 2147/1947 2052/1905
f 2052/1905 2147/1947 2138/1881
f 2080/1953 2147/1947 2130/1941
f 2130/1941 2147/1947 2082/1935
f 2148/1857 2137/1779 2086/1845
f 2086/1845 2137/1779 2051/1809
f 2084/1851 2148/1857 2132/1839
f 2132/1839 2148/1857 2086/1845
f 2090/1743 2149/1755 2050/1713
f 2050/1713 2149/1755 2135/1689
f 2149/1755 2090/1743 2088/1761
f 2134/1749 2088/1761 2090/1743
f 1446/1672 1451/1666 1798/1675
f 1798/1675 1451/1666 1803/1669
f 1447/1654 1458/1678 1799/1657
f 1799/1657 1458/1678 1810/1681
f 1448/2368 1480/2344 1800/2371
f 1800/2371 1480/2344 1832/2347
f 1450/1660 1447/1654 1802/1663
f 1802/1663 1447/1654 1799/1657
f 1451/1666 1450/1660 1803/1669
f 1803/1669 1450/1660 1802/1663
f 1538/2320 1539/2278 1890/2323
f 1890/2323 1539/2278 1891/2281
f 1540/2224 1541/2182 1892/2227
f 1892/2227 1541/2182 1893/2185
f 1542/2122 1543/2092 1894/2125
f 1894/2125 1543/2092 1895/2095
f 1544/2026 1545/1990 1896/2029
f 1896/2029 1545/1990 1897/1993
f 1546/1936 1547/1894 1898/1939
f 1898/1939 1547/1894 1899/1897
f 1548/1834 1549/1798 1900/1837
f 1900/1837 1549/1798 1901/1801
f 1550/1744 1552/1702 1902/1747
f 1902/1747 1552/1702 1904/1705
f 1459/1696 1446/1672 1811/1699
f 1811/1699 1446/1672 1798/1675
f 1460/1786 1505/1768 1812/1789
f 1812/1789 1505/1768 1857/1771
f 1461/1888 1501/1864 1813/1891
f 1813/1891 1501/1864 1853/1867
f 1462/1978 1497/1954 1814/1981
f 1814/1981 1497/1954 1849/1957
f 1463/2080 1493/2050 1815/2083
f 1815/2083 1493/2050 1845/2053
f 1464/2176 1489/2152 1816/2179
f 1816/2179 1489/2152 1841/2155
f 1465/2266 1485/2242 1817/2269
f 1817/2269 1485/2242 1837/2245
f 1522/2290 1524/2308 1874/2293
f 1874/2293 1524/2308 1876/2311
f 1449/2356 1801/2359 1483/2332
f 1483/2332 1801/2359 1835/2335
f 1484/2236 1452/2254 1836/2239
f 1836/2239 1452/2254 1804/2257
f 1520/2200 1526/2206 1872/2203
f 1872/2203 1526/2206 1878/2209
f 1488/2140 1453/2164 1840/2143
f 1840/2143 1453/2164 1805/2167
f 1518/2104 1528/2116 1870/2107
f 1870/2107 1528/2116 1880/2119
f 1492/2044 1454/2062 1844/2047
f 1844/2047 1454/2062 1806/2065
f 1516/2002 1530/2020 1868/2005
f 1868/2005 1530/2020 1882/2023
f 1496/1948 1455/1972 1848/1951
f 1848/1951 1455/1972 1807/1975
f 1514/1906 1532/1924 1866/1909
f 1866/1909 1532/1924 1884/1927
f 1500/1846 1456/1870 1852/1849
f 1852/1849 1456/1870 1808/1873
f 1512/1810 1534/1822 1864/1813
f 1864/1813 1534/1822 1886/1825
f 1504/1756 1457/1780 1856/1759
f 1856/1759 1457/1780 1809/1783
f 1510/1714 1536/1732 1862/1717
f 1862/1717 1536/1732 1888/1735
f 1473/1720 1510/1714 1825/1723
f 1825/1723 1510/1714 1862/1717
f 1474/1816 1512/1810 1826/1819
f 1826/1819 1512/1810 1864/1813
f 1475/1912 1514/1906 1827/1915
f 1827/1915 1514/1906 1866/1909
f 1476/2008 1516/2002 1828/2011
f 1828/2011 1516/2002 1868/2005
f 1477/2098 1518/2104 1829/2101
f 1829/2101 1518/2104 1870/2107
f 1478/2194 1520/2200 1830/2197
f 1830/2197 1520/2200 1872/2203
f 1479/2296 1522/2290 1831/2299
f 1831/2299 1522/2290 1874/2293
f 1465/2266 1817/2269 1480/2344
f 1480/2344 1817/2269 1832/2347
f 1482/2302 1479/2296 1834/2305
f 1834/2305 1479/2296 1831/2299
f 1524/2308 1482/2302 1876/2311
f 1876/2311 1482/2302 1834/2305
f 1485/2242 1464/2176 1837/2245
f 1837/2245 1464/2176 1816/2179
f 1487/2212 1478/2194 1839/2215
f 1839/2215 1478/2194 1830/2197
f 1526/2206 1487/2212 1878/2209
f 1878/2209 1487/2212 1839/2215
f 1489/2152 1463/2080 1841/2155
f 1841/2155 1463/2080 1815/2083
f 1491/2110 1477/2098 1843/2113
f 1843/2113 1477/2098 1829/2101
f 1528/2116 1491/2110 1880/2119
f 1880/2119 1491/2110 1843/2113
f 1493/2050 1462/1978 1845/2053
f 1845/2053 1462/1978 1814/1981
f 1495/2014 1476/2008 1847/2017
f 1847/2017 1476/2008 1828/2011
f 1530/2020 1495/2014 1882/2023
f 1882/2023 1495/2014 1847/2017
f 1497/1954 1461/1888 1849/1957
f 1849/1957 1461/1888 1813/1891
f 1499/1918 1475/1912 1851/1921
f 1851/1921 1475/1912 1827/1915
f 1532/1924 1499/1918 1884/1927
f 1884/1927 1499/1918 1851/1921
f 1501/1864 1460/1786 1853/1867
f 1853/1867 1460/1786 1812/1789
f 1503/1828 1474/1816 1855/1831
f 1855/1831 1474/1816 1826/1819
f 1534/1822 1503/1828 1886/1825
f 1886/1825 1503/1828 1855/1831
f 1505/1768 1459/1696 1857/1771
f 1857/1771 1459/1696 1811/1699
f 1507/1726 1473/1720 1859/1729
f 1859/1729 1473/1720 1825/1723
f 1536/1732 1507/1726 1888/1735
f 1888/1735 1507/1726 1859/1729
f 1452/2254 1483/2332 1804/2257
f 1804/2257 1483/2332 1835/2335
f 1453/2164 1484/2236 1805/2167
f 1805/2167 1484/2236 1836/2239
f 1454/2062 1488/2140 1806/2065
f 1806/2065 1488/2140 1840/2143
f 1455/1972 1492/2044 1807/1975
f 1807/1975 1492/2044 1844/2047
f 1456/1870 1496/1948 1808/1873
f 1808/1873 1496/1948 1848/1951
f 1457/1780 1500/1846 1809/1783
f 1809/1783 1500/1846 1852/1849
f 1458/1678 1504/1756 1810/1681
f 1810/1681 1504/1756 1856/1759
f 1552/1702 1466/1708 1904/1705
f 1904/1705 1466/1708 1818/1711
f 1549/1798 1467/1804 1901/1801
f 1901/1801 1467/1804 1819/1807
f 1547/1894 1468/1900 1899/1897
f 1899/1897 1468/1900 1820/1903
f 1545/1990 1469/1996 1897/1993
f 1897/1993 1469/1996 1821/1999
f 1543/2092 1470/2086 1895/2095
f 1895/2095 1470/2086 1822/2089
f 1541/2182 1471/2188 1893/2185
f 1893/2185 1471/2188 1823/2191
f 1539/2278 1472/2284 1891/2281
f 1891/2281 1472/2284 1824/2287
f 1472/2284 1481/2314 1824/2287
f 1824/2287 1481/2314 1833/2317
f 1481/2314 1538/2320 1833/2317
f 1833/2317 1538/2320 1890/2323
f 1471/2188 1486/2218 1823/2191
f 1823/2191 1486/2218 1838/2221
f 1486/2218 1540/2224 1838/2221
f 1838/2221 1540/2224 1892/2227
f 1470/2086 1490/2128 1822/2089
f 1822/2089 1490/2128 1842/2131
f 1490/2128 1542/2122 1842/2131
f 1842/2131 1542/2122 1894/2125
f 1469/1996 1494/2032 1821/1999
f 1821/1999 1494/2032 1846/2035
f 1494/2032 1544/2026 1846/2035
f 1846/2035 1544/2026 1896/2029
f 1468/1900 1498/1930 1820/1903
f 1820/1903 1498/1930 1850/1933
f 1498/1930 1546/1936 1850/1933
f 1850/1933 1546/1936 1898/1939
f 1467/1804 1502/1840 1819/1807
f 1819/1807 1502/1840 1854/1843
f 1502/1840 1548/1834 1854/1843
f 1854/1843 1548/1834 1900/1837
f 1466/1708 1506/1738 1818/1711
f 1818/1711 1506/1738 1858/1741
f 1506/1738 1550/1744 1858/1741
f 1858/1741 1550/1744 1902/1747
f 1566/2369 1596/2345 1918/2372
f 1918/2372 1596/2345 1948/2348
f 1654/2321 1655/2279 2006/2324
f 2006/2324 1655/2279 2007/2282
f 1656/2225 1657/2183 2008/2228
f 2008/2228 1657/2183 2009/2186
f 1658/2123 1659/2093 2010/2126
f 2010/2126 1659/2093 2011/2096
f 1660/2027 1661/1991 2012/2030
f 2012/2030 1661/1991 2013/1994
f 1662/1937 1663/1895 2014/1940
f 2014/1940 1663/1895 2015/1898
f 1664/1835 1665/1799 2016/1838
f 2016/1838 1665/1799 2017/1802
f 1666/1745 1668/1703 2018/1748
f 2018/1748 1668/1703 2020/1706
f 1576/1787 1621/1769 1928/1790
f 1928/1790 1621/1769 1973/1772
f 1577/1889 1617/1865 1929/1892
f 1929/1892 1617/1865 1969/1868
f 1578/1979 1613/1955 1930/1982
f 1930/1982 1613/1955 1965/1958
f 1579/2081 1609/2051 1931/2084
f 1931/2084 1609/2051 1961/2054
f 1580/2177 1605/2153 1932/2180
f 1932/2180 1605/2153 1957/2156
f 1581/2267 1601/2243 1933/2270
f 1933/2270 1601/2243 1953/2246
f 1575/1697 1448/1673 1927/1700
f 1927/1700 1448/1673 1800/1676
f 1638/2291 1640/2309 1990/2294
f 1990/2294 1640/2309 1992/2312
f 1567/2357 1919/2360 1599/2333
f 1599/2333 1919/2360 1951/2336
f 1600/2237 1568/2255 1952/2240
f 1952/2240 1568/2255 1920/2258
f 1636/2201 1642/2207 1988/2204
f 1988/2204 1642/2207 1994/2210
f 1604/2141 1569/2165 1956/2144
f 1956/2144 1569/2165 1921/2168
f 1634/2105 1644/2117 1986/2108
f 1986/2108 1644/2117 1996/2120
f 1608/2045 1570/2063 1960/2048
f 1960/2048 1570/2063 1922/2066
f 1632/2003 1646/2021 1984/2006
f 1984/2006 1646/2021 1998/2024
f 1612/1949 1571/1973 1964/1952
f 1964/1952 1571/1973 1923/1976
f 1630/1907 1648/1925 1982/1910
f 1982/1910 1648/1925 2000/1928
f 1616/1847 1572/1871 1968/1850
f 1968/1850 1572/1871 1924/1874
f 1628/1811 1650/1823 1980/1814
f 1980/1814 1650/1823 2002/1826
f 1620/1757 1573/1781 1972/1760
f 1972/1760 1573/1781 1925/1784
f 1626/1715 1652/1733 1978/1718
f 1978/1718 1652/1733 2004/1736
f 1589/1721 1626/1715 1941/1724
f 1941/1724 1626/1715 1978/1718
f 1590/1817 1628/1811 1942/1820
f 1942/1820 1628/1811 1980/1814
f 1591/1913 1630/1907 1943/1916
f 1943/1916 1630/1907 1982/1910
f 1592/2009 1632/2003 1944/2012
f 1944/2012 1632/2003 1984/2006
f 1593/2099 1634/2105 1945/2102
f 1945/2102 1634/2105 1986/2108
f 1594/2195 1636/2201 1946/2198
f 1946/2198 1636/2201 1988/2204
f 1595/2297 1638/2291 1947/2300
f 1947/2300 1638/2291 1990/2294
f 1581/2267 1933/2270 1596/2345
f 1596/2345 1933/2270 1948/2348
f 1598/2303 1595/2297 1950/2306
f 1950/2306 1595/2297 1947/2300
f 1640/2309 1598/2303 1992/2312
f 1992/2312 1598/2303 1950/2306
f 1601/2243 1580/2177 1953/2246
f 1953/2246 1580/2177 1932/2180
f 1603/2213 1594/2195 1955/2216
f 1955/2216 1594/2195 1946/2198
f 1642/2207 1603/2213 1994/2210
f 1994/2210 1603/2213 1955/2216
f 1605/2153 1579/2081 1957/2156
f 1957/2156 1579/2081 1931/2084
f 1607/2111 1593/2099 1959/2114
f 1959/2114 1593/2099 1945/2102
f 1644/2117 1607/2111 1996/2120
f 1996/2120 1607/2111 1959/2114
f 1609/2051 1578/1979 1961/2054
f 1961/2054 1578/1979 1930/1982
f 1611/2015 1592/2009 1963/2018
f 1963/2018 1592/2009 1944/2012
f 1646/2021 1611/2015 1998/2024
f 1998/2024 1611/2015 1963/2018
f 1613/1955 1577/1889 1965/1958
f 1965/1958 1577/1889 1929/1892
f 1615/1919 1591/1913 1967/1922
f 1967/1922 1591/1913 1943/1916
f 1648/1925 1615/1919 2000/1928
f 2000/1928 1615/1919 1967/1922
f 1617/1865 1576/1787 1969/1868
f 1969/1868 1576/1787 1928/1790
f 1619/1829 1590/1817 1971/1832
f 1971/1832 1590/1817 1942/1820
f 1650/1823 1619/1829 2002/1826
f 2002/1826 1619/1829 1971/1832
f 1575/1697 1927/1700 1621/1769
f 1621/1769 1927/1700 1973/1772
f 1623/1727 1589/1721 1975/1730
f 1975/1730 1589/1721 1941/1724
f 1652/1733 1623/1727 2004/1736
f 2004/1736 1623/1727 1975/1730
f 1568/2255 1599/2333 1920/2258
f 1920/2258 1599/2333 1951/2336
f 1569/2165 1600/2237 1921/2168
f 1921/2168 1600/2237 1952/2240
f 1570/2063 1604/2141 1922/2066
f 1922/2066 1604/2141 1956/2144
f 1571/1973 1608/2045 1923/1976
f 1923/1976 1608/2045 1960/2048
f 1572/1871 1612/1949 1924/1874
f 1924/1874 1612/1949 1964/1952
f 1573/1781 1616/1847 1925/1784
f 1925/1784 1616/1847 1968/1850
f 1574/1679 1620/1757 1926/1682
f 1926/1682 1620/1757 1972/1760
f 1668/1703 1582/1709 2020/1706
f 2020/1706 1582/1709 1934/1712
f 1665/1799 1583/1805 2017/1802
f 2017/1802 1583/1805 1935/1808
f 1663/1895 1584/1901 2015/1898
f 2015/1898 1584/1901 1936/1904
f 1661/1991 1585/1997 2013/1994
f 2013/1994 1585/1997 1937/2000
f 1659/2093 1586/2087 2011/2096
f 2011/2096 1586/2087 1938/2090
f 1657/2183 1587/2189 2009/2186
f 2009/2186 1587/2189 1939/2192
f 1588/2285 1940/2288 1655/2279
f 1655/2279 1940/2288 2007/2282
f 1588/2285 1597/2315 1940/2288
f 1940/2288 1597/2315 1949/2318
f 1597/2315 1654/2321 1949/2318
f 1949/2318 1654/2321 2006/2324
f 1587/2189 1602/2219 1939/2192
f 1939/2192 1602/2219 1954/2222
f 1602/2219 1656/2225 1954/2222
f 1954/2222 1656/2225 2008/2228
f 1586/2087 1606/2129 1938/2090
f 1938/2090 1606/2129 1958/2132
f 1606/2129 1658/2123 1958/2132
f 1958/2132 1658/2123 2010/2126
f 1585/1997 1610/2033 1937/2000
f 1937/2000 1610/2033 1962/2036
f 1610/2033 1660/2027 1962/2036
f 1962/2036 1660/2027 2012/2030
f 1584/1901 1614/1931 1936/1904
f 1936/1904 1614/1931 1966/1934
f 1614/1931 1662/1937 1966/1934
f 1966/1934 1662/1937 2014/1940
f 1583/1805 1618/1841 1935/1808
f 1935/1808 1618/1841 1970/1844
f 1618/1841 1664/1835 1970/1844
f 1970/1844 1664/1835 2016/1838
f 1582/1709 1622/1739 1934/1712
f 1934/1712 1622/1739 1974/1742
f 1622/1739 1666/1745 1974/1742
f 1974/1742 1666/1745 2018/1748
f 1740/2364 1682/2370 2092/2367
f 2092/2367 1682/2370 2034/2373
f 1712/2346 2064/2349 1682/2370
f 1682/2370 2064/2349 2034/2373
f 1769/2352 2121/2355 1683/2358
f 1683/2358 2121/2355 2035/2361
f 1769/2352 1740/2364 2121/2355
f 2121/2355 1740/2364 2092/2367
f 1770/2322 1771/2280 2122/2325
f 2122/2325 1771/2280 2123/2283
f 1772/2226 1773/2184 2124/2229
f 2124/2229 1773/2184 2125/2187
f 1774/2124 1775/2094 2126/2127
f 2126/2127 1775/2094 2127/2097
f 1776/2028 1777/1992 2128/2031
f 2128/2031 1777/1992 2129/1995
f 1778/1938 1779/1896 2130/1941
f 2130/1941 1779/1896 2131/1899
f 1780/1836 1781/1800 2132/1839
f 2132/1839 1781/1800 2133/1803
f 1782/1746 1784/1704 2134/1749
f 2134/1749 1784/1704 2136/1707
f 1692/1788 1737/1770 2044/1791
f 2044/1791 1737/1770 2089/1773
f 1693/1890 1733/1866 2045/1893
f 2045/1893 1733/1866 2085/1869
f 1694/1980 1729/1956 2046/1983
f 2046/1983 1729/1956 2081/1959
f 1695/2082 1725/2052 2047/2085
f 2047/2085 1725/2052 2077/2055
f 1696/2178 1721/2154 2048/2181
f 2048/2181 1721/2154 2073/2157
f 1697/2268 1717/2244 2049/2271
f 2049/2271 1717/2244 2069/2247
f 1691/1698 1566/1674 2043/1701
f 2043/1701 1566/1674 1918/1677
f 1754/2292 1756/2310 2106/2295
f 2106/2295 1756/2310 2108/2313
f 1715/2334 1683/2358 2067/2337
f 2067/2337 1683/2358 2035/2361
f 1716/2238 1684/2256 2068/2241
f 2068/2241 1684/2256 2036/2259
f 1758/2208 2110/2211 1752/2202
f 1752/2202 2110/2211 2104/2205
f 1685/2166 2037/2169 1720/2142
f 1720/2142 2037/2169 2072/2145
f 1760/2118 2112/2121 1750/2106
f 1750/2106 2112/2121 2102/2109
f 1686/2064 2038/2067 1724/2046
f 1724/2046 2038/2067 2076/2049
f 1762/2022 2114/2025 1748/2004
f 1748/2004 2114/2025 2100/2007
f 1687/1974 2039/1977 1728/1950
f 1728/1950 2039/1977 2080/1953
f 1764/1926 2116/1929 1746/1908
f 1746/1908 2116/1929 2098/1911
f 1688/1872 2040/1875 1732/1848
f 1732/1848 2040/1875 2084/1851
f 1766/1824 2118/1827 1744/1812
f 1744/1812 2118/1827 2096/1815
f 1689/1782 2041/1785 1736/1758
f 1736/1758 2041/1785 2088/1761
f 1768/1734 2120/1737 1742/1716
f 1742/1716 2120/1737 2094/1719
f 1742/1716 2094/1719 1705/1722
f 1705/1722 2094/1719 2057/1725
f 1744/1812 2096/1815 1706/1818
f 1706/1818 2096/1815 2058/1821
f 1746/1908 2098/1911 1707/1914
f 1707/1914 2098/1911 2059/1917
f 1748/2004 2100/2007 1708/2010
f 1708/2010 2100/2007 2060/2013
f 1709/2100 1750/2106 2061/2103
f 2061/2103 1750/2106 2102/2109
f 1710/2196 1752/2202 2062/2199
f 2062/2199 1752/2202 2104/2205
f 1711/2298 1754/2292 2063/2301
f 2063/2301 1754/2292 2106/2295
f 1712/2346 1697/2268 2064/2349
f 2064/2349 1697/2268 2049/2271
f 1714/2304 1711/2298 2066/2307
f 2066/2307 1711/2298 2063/2301
f 1756/2310 1714/2304 2108/2313
f 2108/2313 1714/2304 2066/2307
f 1717/2244 1696/2178 2069/2247
f 2069/2247 1696/2178 2048/2181
f 1719/2214 1710/2196 2071/2217
f 2071/2217 1710/2196 2062/2199
f 1719/2214 2071/2217 1758/2208
f 1758/2208 2071/2217 2110/2211
f 1721/2154 1695/2082 2073/2157
f 2073/2157 1695/2082 2047/2085
f 1723/2112 1709/2100 2075/2115
f 2075/2115 1709/2100 2061/2103
f 1760/2118 1723/2112 2112/2121
f 2112/2121 1723/2112 2075/2115
f 1725/2052 1694/1980 2077/2055
f 2077/2055 1694/1980 2046/1983
f 1708/2010 2060/2013 1727/2016
f 1727/2016 2060/2013 2079/2019
f 1762/2022 1727/2016 2114/2025
f 2114/2025 1727/2016 2079/2019
f 1729/1956 1693/1890 2081/1959
f 2081/1959 1693/1890 2045/1893
f 1731/1920 1707/1914 2083/1923
f 2083/1923 1707/1914 2059/1917
f 1764/1926 1731/1920 2116/1929
f 2116/1929 1731/1920 2083/1923
f 1733/1866 1692/1788 2085/1869
f 2085/1869 1692/1788 2044/1791
f 1735/1830 1706/1818 2087/1833
f 2087/1833 1706/1818 2058/1821
f 1766/1824 1735/1830 2118/1827
f 2118/1827 1735/1830 2087/1833
f 1737/1770 1691/1698 2089/1773
f 2089/1773 1691/1698 2043/1701
f 1739/1728 1705/1722 2091/1731
f 2091/1731 1705/1722 2057/1725
f 1768/1734 1739/1728 2120/1737
f 2120/1737 1739/1728 2091/1731
f 1684/2256 1715/2334 2036/2259
f 2036/2259 1715/2334 2067/2337
f 1716/2238 2068/2241 1685/2166
f 1685/2166 2068/2241 2037/2169
f 1720/2142 2072/2145 1686/2064
f 1686/2064 2072/2145 2038/2067
f 1724/2046 2076/2049 1687/1974
f 1687/1974 2076/2049 2039/1977
f 1728/1950 2080/1953 1688/1872
f 1688/1872 2080/1953 2040/1875
f 1732/1848 2084/1851 1689/1782
f 1689/1782 2084/1851 2041/1785
f 1736/1758 2088/1761 1690/1680
f 1690/1680 2088/1761 2042/1683
f 1784/1704 1698/1710 2136/1707
f 2136/1707 1698/1710 2050/1713
f 1781/1800 1699/1806 2133/1803
f 2133/1803 1699/1806 2051/1809
f 1779/1896 1700/1902 2131/1899
f 2131/1899 1700/1902 2052/1905
f 1701/1998 2053/2001 1777/1992
f 1777/1992 2053/2001 2129/1995
f 1702/2088 2054/2091 1775/2094
f 1775/2094 2054/2091 2127/2097
f 1703/2190 2055/2193 1773/2184
f 1773/2184 2055/2193 2125/2187
f 1704/2286 2056/2289 1771/2280
f 1771/2280 2056/2289 2123/2283
f 1704/2286 1713/2316 2056/2289
f 2056/2289 1713/2316 2065/2319
f 1713/2316 1770/2322 2065/2319
f 2065/2319 1770/2322 2122/2325
f 1703/2190 1718/2220 2055/2193
f 2055/2193 1718/2220 2070/2223
f 1718/2220 1772/2226 2070/2223
f 2070/2223 1772/2226 2124/2229
f 1722/2130 2074/2133 1702/2088
f 1702/2088 2074/2133 2054/2091
f 1722/2130 1774/2124 2074/2133
f 2074/2133 1774/2124 2126/2127
f 1726/2034 2078/2037 1701/1998
f 1701/1998 2078/2037 2053/2001
f 2128/2031 2078/2037 1776/2028
f 1726/2034 1776/2028 2078/2037
f 1730/1932 2082/1935 1700/1902
f 1700/1902 2082/1935 2052/1905
f 1778/1938 2130/1941 1730/1932
f 1730/1932 2130/1941 2082/1935
f 1734/1842 2086/1845 1699/1806
f 1699/1806 2086/1845 2051/1809
f 1780/1836 2132/1839 1734/1842
f 1734/1842 2132/1839 2086/1845
f 1698/1710 1738/1740 2050/1713
f 2050/1713 1738/1740 2090/1743
f 1782/1746 2134/1749 1738/1740
f 1738/1740 2134/1749 2090/1743
f 1567/1656 1690/1680 1919/1659
f 1919/1659 1690/1680 2042/1683
f 1449/1655 1574/1679 1801/1658
f 1801/1658 1574/1679 1926/1682
f 2150/2375 2151/2384 2152/2374
f 2152/2374 2151/2384 2153/2383
f 2152/2382 2153/2383 2156/2389
f 2156/2389 2153/2383 2157/2390
f 2156/2395 2157/2390 2154/2396
f 2154/2396 2157/2390 2155/2391
f 2154/2392 2155/2391 2150/2385
f 2150/2385 2155/2391 2151/2384
f 2154/2399 2150/2386 2161/2394
f 2161/2394 2150/2386 2159/2388
f 2157/2390 2153/2383 2155/2391
f 2155/2391 2153/2383 2151/2384
f 2160/2398 2161/2394 2164/2397
f 2164/2397 2161/2394 2165/2393
f 2152/2376 2156/2377 2158/2380
f 2158/2380 2156/2377 2160/2378
f 2150/2386 2152/2376 2159/2388
f 2159/2388 2152/2376 2158/2380
f 2156/2400 2154/2399 2160/2398
f 2160/2398 2154/2399 2161/2394
f 2162/2404 2164/2403 2163/2402
f 2163/2402 2164/2403 2165/2401
f 2159/2388 2158/2380 2163/2387
f 2163/2387 2158/2380 2162/2381
f 2161/2394 2159/2388 2165/2393
f 2165/2393 2159/2388 2163/2387
f 2158/2380 2160/2378 2162/2381
f 2162/2381 2160/2378 2164/2379
f 2254/2622 2255/2627 2257/2587
f 2257/2587 2255/2627 2258/2588
f 2255/2627 2256/2628 2258/2588
f 2258/2588 2256/2628 2259/2590
f 2257/2587 2258/2588 2260/2554
f 2260/2554 2258/2588 2261/2555
f 2258/2588 2259/2590 2261/2555
f 2261/2555 2259/2590 2262/2556
f 2166/2661 2188/2660 2182/2623
f 2182/2623 2188/2660 2254/2622
f 2188/2660 2189/2659 2254/2622
f 2254/2622 2189/2659 2255/2627
f 2189/2659 2190/2658 2255/2627
f 2255/2627 2190/2658 2256/2628
f 2190/2658 2167/2655 2256/2628
f 2256/2628 2167/2655 2187/2625
f 2256/2628 2187/2625 2259/2590
f 2259/2590 2187/2625 2186/2591
f 2259/2590 2186/2591 2262/2556
f 2262/2556 2186/2591 2185/2558
f 2262/2556 2185/2558 2191/2528
f 2191/2528 2185/2558 2169/2531
f 2261/2555 2262/2556 2192/2527
f 2192/2527 2262/2556 2191/2528
f 2260/2554 2261/2555 2193/2526
f 2193/2526 2261/2555 2192/2527
f 2184/2553 2260/2554 2168/2525
f 2168/2525 2260/2554 2193/2526
f 2183/2586 2257/2587 2184/2553
f 2184/2553 2257/2587 2260/2554
f 2182/2623 2254/2622 2183/2586
f 2183/2586 2254/2622 2257/2587
f 2263/2507 2264/2508 2266/2498
f 2266/2498 2264/2508 2267/2499
f 2264/2508 2265/2509 2267/2499
f 2267/2499 2265/2509 2268/2500
f 2266/2498 2267/2499 2269/2489
f 2269/2489 2267/2499 2270/2490
f 2267/2499 2268/2500 2270/2490
f 2270/2490 2268/2500 2271/2491
f 2168/2525 2193/2526 2194/2506
f 2194/2506 2193/2526 2263/2507
f 2193/2526 2192/2527 2263/2507
f 2263/2507 2192/2527 2264/2508
f 2192/2527 2191/2528 2264/2508
f 2264/2508 2191/2528 2265/2509
f 2191/2528 2169/2531 2265/2509
f 2265/2509 2169/2531 2199/2512
f 2265/2509 2199/2512 2268/2500
f 2268/2500 2199/2512 2198/2502
f 2268/2500 2198/2502 2271/2491
f 2271/2491 2198/2502 2197/2494
f 2271/2491 2197/2494 2200/2482
f 2200/2482 2197/2494 2171/2485
f 2270/2490 2271/2491 2201/2481
f 2201/2481 2271/2491 2200/2482
f 2269/2489 2270/2490 2202/2480
f 2202/2480 2270/2490 2201/2481
f 2196/2487 2269/2489 2170/2478
f 2170/2478 2269/2489 2202/2480
f 2195/2497 2266/2498 2196/2487
f 2196/2487 2266/2498 2269/2489
f 2194/2506 2263/2507 2195/2497
f 2195/2497 2263/2507 2266/2498
f 2272/2471 2273/2472 2275/2462
f 2275/2462 2273/2472 2276/2463
f 2273/2472 2274/2473 2276/2463
f 2276/2463 2274/2473 2277/2464
f 2275/2462 2276/2463 2278/2452
f 2278/2452 2276/2463 2279/2454
f 2276/2463 2277/2464 2279/2454
f 2279/2454 2277/2464 2280/2455
f 2170/2478 2202/2480 2203/2469
f 2203/2469 2202/2480 2272/2471
f 2202/2480 2201/2481 2272/2471
f 2272/2471 2201/2481 2273/2472
f 2201/2481 2200/2482 2273/2472
f 2273/2472 2200/2482 2274/2473
f 2200/2482 2171/2485 2274/2473
f 2274/2473 2171/2485 2208/2475
f 2274/2473 2208/2475 2277/2464
f 2277/2464 2208/2475 2207/2466
f 2277/2464 2207/2466 2280/2455
f 2280/2455 2207/2466 2206/2457
f 2280/2455 2206/2457 2209/2446
f 2209/2446 2206/2457 2173/2449
f 2279/2454 2280/2455 2210/2445
f 2210/2445 2280/2455 2209/2446
f 2278/2452 2279/2454 2211/2443
f 2211/2443 2279/2454 2210/2445
f 2205/2450 2278/2452 2172/2441
f 2172/2441 2278/2452 2211/2443
f 2204/2459 2275/2462 2205/2450
f 2205/2450 2275/2462 2278/2452
f 2203/2469 2272/2471 2204/2459
f 2204/2459 2272/2471 2275/2462
f 2281/2434 2282/2436 2284/2425
f 2284/2425 2282/2436 2285/2427
f 2282/2436 2283/2437 2285/2427
f 2285/2427 2283/2437 2286/2428
f 2284/2425 2285/2427 2287/2416
f 2287/2416 2285/2427 2288/2415
f 2285/2427 2286/2428 2288/2415
f 2288/2415 2286/2428 2289/2421
f 2172/2441 2211/2443 2212/2432
f 2212/2432 2211/2443 2281/2434
f 2211/2443 2210/2445 2281/2434
f 2281/2434 2210/2445 2282/2436
f 2210/2445 2209/2446 2282/2436
f 2282/2436 2209/2446 2283/2437
f 2209/2446 2173/2449 2283/2437
f 2283/2437 2173/2449 2217/2440
f 2283/2437 2217/2440 2286/2428
f 2286/2428 2217/2440 2216/2429
f 2286/2428 2216/2429 2289/2421
f 2289/2421 2216/2429 2215/2420
f 2289/2421 2215/2420 2218/2406
f 2218/2406 2215/2420 2175/2405
f 2288/2415 2289/2421 2219/2407
f 2219/2407 2289/2421 2218/2406
f 2287/2416 2288/2415 2220/2408
f 2220/2408 2288/2415 2219/2407
f 2214/2414 2287/2416 2174/2409
f 2174/2409 2287/2416 2220/2408
f 2213/2423 2284/2425 2214/2414
f 2214/2414 2284/2425 2287/2416
f 2212/2432 2281/2434 2213/2423
f 2213/2423 2281/2434 2284/2425
f 2290/3158 2291/3157 2293/3122
f 2293/3122 2291/3157 2294/3121
f 2291/3157 2292/3156 2294/3121
f 2294/3121 2292/3156 2295/3119
f 2293/3122 2294/3121 2296/3081
f 2296/3081 2294/3121 2297/3079
f 2294/3121 2295/3119 2297/3079
f 2297/3079 2295/3119 2298/3078
f 2174/3186 2220/3181 2221/3160
f 2221/3160 2220/3181 2290/3158
f 2220/3181 2219/3180 2290/3158
f 2290/3158 2219/3180 2291/3157
f 2219/3180 2218/3179 2291/3157
f 2291/3157 2218/3179 2292/3156
f 2218/3179 2175/3185 2292/3156
f 2292/3156 2175/3185 2226/3154
f 2292/3156 2226/3154 2295/3119
f 2295/3119 2226/3154 2225/3117
f 2295/3119 2225/3117 2298/3078
f 2298/3078 2225/3117 2224/3074
f 2298/3078 2224/3074 2227/3043
f 2227/3043 2224/3074 2177/3039
f 2297/3079 2298/3078 2228/3044
f 2228/3044 2298/3078 2227/3043
f 2296/3081 2297/3079 2229/3046
f 2229/3046 2297/3079 2228/3044
f 2223/3082 2296/3081 2176/3047
f 2176/3047 2296/3081 2229/3046
f 2222/3124 2293/3122 2223/3082
f 2223/3082 2293/3122 2296/3081
f 2221/3160 2290/3158 2222/3124
f 2222/3124 2290/3158 2293/3122
f 2299/3013 2300/3011 2302/2982
f 2302/2982 2300/3011 2303/2980
f 2300/3011 2301/3010 2303/2980
f 2303/2980 2301/3010 2304/2978
f 2302/2982 2303/2980 2305/2949
f 2305/2949 2303/2980 2306/2947
f 2303/2980 2304/2978 2306/2947
f 2306/2947 2304/2978 2307/2945
f 2176/3047 2229/3046 2230/3014
f 2230/3014 2229/3046 2299/3013
f 2229/3046 2228/3044 2299/3013
f 2299/3013 2228/3044 2300/3011
f 2228/3044 2227/3043 2300/3011
f 2300/3011 2227/3043 2301/3010
f 2227/3043 2177/3039 2301/3010
f 2301/3010 2177/3039 2235/3007
f 2301/3010 2235/3007 2304/2978
f 2304/2978 2235/3007 2234/2974
f 2304/2978 2234/2974 2307/2945
f 2307/2945 2234/2974 2233/2942
f 2307/2945 2233/2942 2236/2913
f 2236/2913 2233/2942 2179/2909
f 2306/2947 2307/2945 2237/2915
f 2237/2915 2307/2945 2236/2913
f 2305/2949 2306/2947 2238/2917
f 2238/2917 2306/2947 2237/2915
f 2232/2950 2305/2949 2178/2918
f 2178/2918 2305/2949 2238/2917
f 2231/2983 2302/2982 2232/2950
f 2232/2950 2302/2982 2305/2949
f 2230/3014 2299/3013 2231/2983
f 2231/2983 2299/3013 2302/2982
f 2308/2884 2309/2882 2311/2852
f 2311/2852 2309/2882 2312/2850
f 2309/2882 2310/2880 2312/2850
f 2312/2850 2310/2880 2313/2848
f 2311/2852 2312/2850 2314/2819
f 2314/2819 2312/2850 2315/2817
f 2312/2850 2313/2848 2315/2817
f 2315/2817 2313/2848 2316/2815
f 2178/2918 2238/2917 2239/2885
f 2239/2885 2238/2917 2308/2884
f 2238/2917 2237/2915 2308/2884
f 2308/2884 2237/2915 2309/2882
f 2237/2915 2236/2913 2309/2882
f 2309/2882 2236/2913 2310/2880
f 2236/2913 2179/2909 2310/2880
f 2310/2880 2179/2909 2244/2877
f 2310/2880 2244/2877 2313/2848
f 2313/2848 2244/2877 2243/2845
f 2313/2848 2243/2845 2316/2815
f 2316/2815 2243/2845 2242/2812
f 2316/2815 2242/2812 2245/2784
f 2245/2784 2242/2812 2181/2781
f 2315/2817 2316/2815 2246/2786
f 2246/2786 2316/2815 2245/2784
f 2314/2819 2315/2817 2247/2787
f 2247/2787 2315/2817 2246/2786
f 2241/2820 2314/2819 2180/2788
f 2180/2788 2314/2819 2247/2787
f 2240/2853 2311/2852 2241/2820
f 2241/2820 2311/2852 2314/2819
f 2239/2885 2308/2884 2240/2853
f 2240/2853 2308/2884 2311/2852
f 2317/2756 2318/2755 2320/2723
f 2320/2723 2318/2755 2321/2722
f 2318/2755 2319/2754 2321/2722
f 2321/2722 2319/2754 2322/2721
f 2320/2723 2321/2722 2323/2692
f 2323/2692 2321/2722 2324/2691
f 2321/2722 2322/2721 2324/2691
f 2324/2691 2322/2721 2325/2690
f 2180/2788 2247/2787 2248/2758
f 2248/2758 2247/2787 2317/2756
f 2247/2787 2246/2786 2317/2756
f 2317/2756 2246/2786 2318/2755
f 2246/2786 2245/2784 2318/2755
f 2318/2755 2245/2784 2319/2754
f 2245/2784 2181/2781 2319/2754
f 2319/2754 2181/2781 2253/2751
f 2319/2754 2253/2751 2322/2721
f 2322/2721 2253/2751 2252/2718
f 2322/2721 2252/2718 2325/2690
f 2325/2690 2252/2718 2251/2687
f 2325/2690 2251/2687 2190/2658
f 2190/2658 2251/2687 2167/2655
f 2324/2691 2325/2690 2189/2659
f 2189/2659 2325/2690 2190/2658
f 2323/2692 2324/2691 2188/2660
f 2188/2660 2324/2691 2189/2659
f 2250/2693 2323/2692 2166/2661
f 2166/2661 2323/2692 2188/2660
f 2249/2724 2320/2723 2250/2693
f 2250/2693 2320/2723 2323/2692
f 2248/2758 2317/2756 2249/2724
f 2249/2724 2317/2756 2320/2723
f 2239/2885 2240/2853 2331/2881
f 2331/2881 2240/2853 2330/2849
f 2249/2724 2250/2693 2327/2716
f 2327/2716 2250/2693 2326/2685
f 2178/2918 2239/2885 2351/2914
f 2351/2914 2239/2885 2331/2881
f 2248/2758 2249/2724 2328/2749
f 2328/2749 2249/2724 2327/2716
f 2180/2788 2248/2758 2350/2783
f 2350/2783 2248/2758 2328/2749
f 2196/2487 2170/2478 2344/2488
f 2344/2488 2170/2478 2355/2479
f 2195/2497 2196/2487 2345/2496
f 2345/2496 2196/2487 2344/2488
f 2205/2450 2172/2441 2341/2453
f 2341/2453 2172/2441 2354/2444
f 2194/2506 2195/2497 2346/2505
f 2346/2505 2195/2497 2345/2496
f 2204/2459 2205/2450 2342/2461
f 2342/2461 2205/2450 2341/2453
f 2184/2553 2168/2525 2347/2552
f 2347/2552 2168/2525 2356/2524
f 2214/2414 2174/2409 2338/2418
f 2338/2418 2174/2409 2353/2410
f 2168/2525 2194/2506 2356/2524
f 2356/2524 2194/2506 2346/2505
f 2203/2469 2204/2459 2343/2470
f 2343/2470 2204/2459 2342/2461
f 2183/2586 2184/2553 2348/2585
f 2348/2585 2184/2553 2347/2552
f 2213/2423 2214/2414 2339/2426
f 2339/2426 2214/2414 2338/2418
f 2223/3082 2176/3047 2335/3077
f 2335/3077 2176/3047 2352/3042
f 2170/2478 2203/2469 2355/2479
f 2355/2479 2203/2469 2343/2470
f 2182/2623 2183/2586 2349/2621
f 2349/2621 2183/2586 2348/2585
f 2212/2432 2213/2423 2340/2435
f 2340/2435 2213/2423 2339/2426
f 2222/3124 2223/3082 2336/3115
f 2336/3115 2223/3082 2335/3077
f 2166/2661 2182/2623 2357/2653
f 2357/2653 2182/2623 2349/2621
f 2232/2950 2178/2918 2332/2946
f 2332/2946 2178/2918 2351/2914
f 2172/2441 2212/2432 2354/2444
f 2354/2444 2212/2432 2340/2435
f 2221/3160 2222/3124 2337/3151
f 2337/3151 2222/3124 2336/3115
f 2231/2983 2232/2950 2333/2979
f 2333/2979 2232/2950 2332/2946
f 2241/2820 2180/2788 2329/2816
f 2329/2816 2180/2788 2350/2783
f 2174/3186 2221/3160 2353/3182
f 2353/3182 2221/3160 2337/3151
f 2230/3014 2231/2983 2334/3009
f 2334/3009 2231/2983 2333/2979
f 2240/2853 2241/2820 2330/2849
f 2330/2849 2241/2820 2329/2816
f 2250/2693 2166/2661 2326/2685
f 2326/2685 2166/2661 2357/2653
f 2176/3047 2230/3014 2352/3042
f 2352/3042 2230/3014 2334/3009
f 2340/2435 2339/2426 2372/2433
f 2372/2433 2339/2426 2371/2424
f 2330/2849 2329/2816 2362/2851
f 2362/2851 2329/2816 2361/2818
f 2354/2444 2340/2435 2386/2442
f 2386/2442 2340/2435 2372/2433
f 2331/2881 2330/2849 2363/2883
f 2363/2883 2330/2849 2362/2851
f 2341/2453 2354/2444 2373/2451
f 2373/2451 2354/2444 2386/2442
f 2351/2914 2331/2881 2383/2916
f 2383/2916 2331/2881 2363/2883
f 2342/2461 2341/2453 2374/2460
f 2374/2460 2341/2453 2373/2451
f 2332/2946 2351/2914 2364/2948
f 2364/2948 2351/2914 2383/2916
f 2343/2470 2342/2461 2375/2468
f 2375/2468 2342/2461 2374/2460
f 2333/2979 2332/2946 2365/2981
f 2365/2981 2332/2946 2364/2948
f 2355/2479 2343/2470 2387/2477
f 2387/2477 2343/2470 2375/2468
f 2334/3009 2333/2979 2366/3012
f 2366/3012 2333/2979 2365/2981
f 2344/2488 2355/2479 2376/2486
f 2376/2486 2355/2479 2387/2477
f 2352/3042 2334/3009 2384/3045
f 2384/3045 2334/3009 2366/3012
f 2345/2496 2344/2488 2377/2495
f 2377/2495 2344/2488 2376/2486
f 2335/3077 2352/3042 2367/3080
f 2367/3080 2352/3042 2384/3045
f 2346/2505 2345/2496 2378/2504
f 2378/2504 2345/2496 2377/2495
f 2336/3115 2335/3077 2368/3120
f 2368/3120 2335/3077 2367/3080
f 2326/2685 2357/2653 2358/2686
f 2358/2686 2357/2653 2389/2654
f 2356/2524 2346/2505 2388/2523
f 2388/2523 2346/2505 2378/2504
f 2337/3151 2336/3115 2369/3152
f 2369/3152 2336/3115 2368/3120
f 2327/2716 2326/2685 2359/2720
f 2359/2720 2326/2685 2358/2686
f 2347/2552 2356/2524 2379/2551
f 2379/2551 2356/2524 2388/2523
f 2353/3182 2337/3151 2385/3183
f 2385/3183 2337/3151 2369/3152
f 2328/2749 2327/2716 2360/2753
f 2360/2753 2327/2716 2359/2720
f 2348/2585 2347/2552 2380/2584
f 2380/2584 2347/2552 2379/2551
f 2338/2418 2353/2410 2370/2417
f 2370/2417 2353/2410 2385/2411
f 2350/2783 2328/2749 2382/2785
f 2382/2785 2328/2749 2360/2753
f 2349/2621 2348/2585 2381/2620
f 2381/2620 2348/2585 2380/2584
f 2339/2426 2338/2418 2371/2424
f 2371/2424 2338/2418 2370/2417
f 2329/2816 2350/2783 2361/2818
f 2361/2818 2350/2783 2382/2785
f 2357/2653 2349/2621 2389/2654
f 2389/2654 2349/2621 2381/2620
f 2919/3116 2920/3076 2400/3118
f 2400/3118 2920/3076 2399/3075
f 2921/2689 2922/2657 2390/2688
f 2390/2688 2922/2657 2421/2656
f 2923/2529 2924/2510 2420/2530
f 2420/2530 2924/2510 2410/2511
f 2925/3153 2919/3116 2401/3155
f 2401/3155 2919/3116 2400/3118
f 2926/2717 2921/2689 2391/2719
f 2391/2719 2921/2689 2390/2688
f 2927/2557 2923/2529 2411/2559
f 2411/2559 2923/2529 2420/2530
f 2928/3184 2925/3153 2417/3187
f 2417/3187 2925/3153 2401/3155
f 2929/2752 2926/2717 2392/2750
f 2392/2750 2926/2717 2391/2719
f 2930/2589 2927/2557 2412/2592
f 2412/2592 2927/2557 2411/2559
f 2931/2422 2928/2412 2402/2419
f 2402/2419 2928/2412 2417/2413
f 2932/2782 2929/2752 2414/2780
f 2414/2780 2929/2752 2392/2750
f 2933/2624 2930/2589 2413/2626
f 2413/2626 2930/2589 2412/2592
f 2934/2431 2931/2422 2403/2430
f 2403/2430 2931/2422 2402/2419
f 2935/2814 2932/2782 2393/2813
f 2393/2813 2932/2782 2414/2780
f 2922/2657 2933/2624 2421/2656
f 2421/2656 2933/2624 2413/2626
f 2936/2438 2934/2431 2404/2439
f 2404/2439 2934/2431 2403/2430
f 2937/2847 2935/2814 2394/2846
f 2394/2846 2935/2814 2393/2813
f 2938/2447 2936/2438 2418/2448
f 2418/2448 2936/2438 2404/2439
f 2939/2879 2937/2847 2395/2878
f 2395/2878 2937/2847 2394/2846
f 2940/2456 2938/2447 2405/2458
f 2405/2458 2938/2447 2418/2448
f 2941/2911 2939/2879 2415/2910
f 2415/2910 2939/2879 2395/2878
f 2942/2465 2940/2456 2406/2467
f 2406/2467 2940/2456 2405/2458
f 2943/2944 2941/2911 2396/2943
f 2396/2943 2941/2911 2415/2910
f 2944/2474 2942/2465 2407/2476
f 2407/2476 2942/2465 2406/2467
f 2945/2977 2943/2944 2397/2975
f 2397/2975 2943/2944 2396/2943
f 2946/2483 2944/2474 2419/2484
f 2419/2484 2944/2474 2407/2476
f 2947/3008 2945/2977 2398/3006
f 2398/3006 2945/2977 2397/2975
f 2948/2492 2946/2483 2408/2493
f 2408/2493 2946/2483 2419/2484
f 2949/3041 2947/3008 2416/3040
f 2416/3040 2947/3008 2398/3006
f 2950/2501 2948/2492 2409/2503
f 2409/2503 2948/2492 2408/2493
f 2920/3076 2949/3041 2399/3075
f 2399/3075 2949/3041 2416/3040
f 2924/2510 2950/2501 2410/2511
f 2410/2511 2950/2501 2409/2503
f 2887/2521 2449/2532 2890/2522
f 2890/2522 2449/2532 2434/2534
f 2891/2988 2888/2959 2446/2973
f 2446/2973 2888/2959 2424/2955
f 2892/2854 2889/2825 2445/2844
f 2445/2844 2889/2825 2444/2824
f 2890/2522 2434/2534 2893/2533
f 2893/2533 2434/2534 2435/2536
f 2891/2988 2446/2973 2894/3015
f 2894/3015 2446/2973 2425/3002
f 2895/2874 2892/2854 2453/2871
f 2453/2871 2892/2854 2445/2844
f 2896/2537 2893/2533 2436/2543
f 2436/2543 2893/2533 2435/2536
f 2894/3015 2425/3002 2897/3036
f 2897/3036 2425/3002 2426/3030
f 2898/2549 2896/2537 2450/2565
f 2450/2565 2896/2537 2436/2543
f 2899/3067 2897/3036 2427/3058
f 2427/3058 2897/3036 2426/3030
f 2898/2549 2450/2565 2900/2574
f 2900/2574 2450/2565 2437/2583
f 2901/3101 2899/3067 2447/3089
f 2447/3089 2899/3067 2427/3058
f 2900/2574 2437/2583 2902/2607
f 2902/2607 2437/2583 2438/2611
f 2901/3101 2447/3089 2903/3130
f 2903/3130 2447/3089 2428/3109
f 2904/2633 2902/2607 2439/2640
f 2439/2640 2902/2607 2438/2611
f 2903/3130 2428/3109 2905/3149
f 2905/3149 2428/3109 2429/3137
f 2906/2664 2904/2633 2451/2666
f 2451/2666 2904/2633 2439/2640
f 2907/3164 2905/3149 2430/3144
f 2430/3144 2905/3149 2429/3137
f 2906/2664 2451/2666 2908/2684
f 2908/2684 2451/2666 2440/2695
f 2909/3167 2907/3164 2448/3159
f 2448/3159 2907/3164 2430/3144
f 2908/2684 2440/2695 2910/2712
f 2910/2712 2440/2695 2441/2715
f 2909/3167 2448/3159 2911/3170
f 2911/3170 2448/3159 2431/3163
f 2912/2739 2910/2712 2442/2741
f 2442/2741 2910/2712 2441/2715
f 2911/3170 2431/3163 2913/3171
f 2913/3171 2431/3163 2432/3165
f 2895/2874 2453/2871 2914/2903
f 2914/2903 2453/2871 2422/2898
f 2915/2767 2912/2739 2452/2768
f 2452/2768 2912/2739 2442/2741
f 2916/3173 2913/3171 2433/3168
f 2433/3168 2913/3171 2432/3165
f 2914/2903 2422/2898 2917/2929
f 2917/2929 2422/2898 2423/2926
f 2915/2767 2452/2768 2918/2801
f 2918/2801 2452/2768 2443/2800
f 2887/3172 2916/3173 2449/3169
f 2449/3169 2916/3173 2433/3168
f 2888/2959 2917/2929 2424/2955
f 2424/2955 2917/2929 2423/2926
f 2918/2801 2443/2800 2889/2825
f 2889/2825 2443/2800 2444/2824
f 2450/2565 2436/2543 2482/2572
f 2482/2572 2436/2543 2468/2560
f 2427/3058 2426/3030 2459/3048
f 2459/3048 2426/3030 2458/3021
f 2437/2583 2450/2565 2469/2598
f 2469/2598 2450/2565 2482/2572
f 2447/3089 2427/3058 2479/3069
f 2479/3069 2427/3058 2459/3048
f 2438/2611 2437/2583 2470/2619
f 2470/2619 2437/2583 2469/2598
f 2428/3109 2447/3089 2460/3095
f 2460/3095 2447/3089 2479/3069
f 2439/2640 2438/2611 2471/2643
f 2471/2643 2438/2611 2470/2619
f 2429/3137 2428/3109 2461/3114
f 2461/3114 2428/3109 2460/3095
f 2451/2666 2439/2640 2483/2672
f 2483/2672 2439/2640 2471/2643
f 2430/3144 2429/3137 2462/3131
f 2462/3131 2429/3137 2461/3114
f 2440/2695 2451/2666 2472/2698
f 2472/2698 2451/2666 2483/2672
f 2448/3159 2430/3144 2480/3139
f 2480/3139 2430/3144 2462/3131
f 2441/2715 2440/2695 2473/2725
f 2473/2725 2440/2695 2472/2698
f 2431/3163 2448/3159 2463/3143
f 2463/3143 2448/3159 2480/3139
f 2442/2741 2441/2715 2474/2742
f 2474/2742 2441/2715 2473/2725
f 2432/3165 2431/3163 2464/3150
f 2464/3150 2431/3163 2463/3143
f 2422/2898 2453/2871 2454/2896
f 2454/2896 2453/2871 2485/2867
f 2452/2768 2442/2741 2484/2769
f 2484/2769 2442/2741 2474/2742
f 2433/3168 2432/3165 2465/3161
f 2465/3161 2432/3165 2464/3150
f 2423/2926 2422/2898 2455/2925
f 2455/2925 2422/2898 2454/2896
f 2443/2800 2452/2768 2475/2799
f 2475/2799 2452/2768 2484/2769
f 2449/3169 2433/3168 2481/3162
f 2481/3162 2433/3168 2465/3161
f 2424/2955 2423/2926 2456/2941
f 2456/2941 2423/2926 2455/2925
f 2444/2824 2443/2800 2476/2823
f 2476/2823 2443/2800 2475/2799
f 2434/2534 2449/2532 2466/2539
f 2466/2539 2449/2532 2481/2538
f 2446/2973 2424/2955 2478/2968
f 2478/2968 2424/2955 2456/2941
f 2445/2844 2444/2824 2477/2842
f 2477/2842 2444/2824 2476/2823
f 2435/2536 2434/2534 2467/2544
f 2467/2544 2434/2534 2466/2539
f 2425/3002 2446/2973 2457/2994
f 2457/2994 2446/2973 2478/2968
f 2453/2871 2445/2844 2485/2867
f 2485/2867 2445/2844 2477/2842
f 2436/2543 2435/2536 2468/2560
f 2468/2560 2435/2536 2467/2544
f 2426/3030 2425/3002 2458/3021
f 2458/3021 2425/3002 2457/2994
f 2471/2643 2470/2619 2503/2649
f 2503/2649 2470/2619 2502/2632
f 2460/3095 2492/3086 2461/3114
f 2461/3114 2492/3086 2493/3102
f 2483/2672 2471/2643 2515/2674
f 2515/2674 2471/2643 2503/2649
f 2462/3131 2461/3114 2494/3113
f 2494/3113 2461/3114 2493/3102
f 2483/2672 2515/2674 2472/2698
f 2472/2698 2515/2674 2504/2702
f 2480/3139 2462/3131 2512/3128
f 2512/3128 2462/3131 2494/3113
f 2472/2698 2504/2702 2473/2725
f 2473/2725 2504/2702 2505/2727
f 2480/3139 2512/3128 2463/3143
f 2463/3143 2512/3128 2495/3135
f 2474/2742 2473/2725 2506/2746
f 2506/2746 2473/2725 2505/2727
f 2463/3143 2495/3135 2464/3150
f 2464/3150 2495/3135 2496/3141
f 2485/2867 2517/2866 2454/2896
f 2454/2896 2517/2866 2486/2893
f 2484/2769 2474/2742 2516/2770
f 2516/2770 2474/2742 2506/2746
f 2465/3161 2464/3150 2497/3145
f 2497/3145 2464/3150 2496/3141
f 2454/2896 2486/2893 2455/2925
f 2455/2925 2486/2893 2487/2919
f 2484/2769 2516/2770 2475/2799
f 2475/2799 2516/2770 2507/2798
f 2481/3162 2465/3161 2513/3148
f 2513/3148 2465/3161 2497/3145
f 2456/2941 2455/2925 2488/2937
f 2488/2937 2455/2925 2487/2919
f 2475/2799 2507/2798 2476/2823
f 2476/2823 2507/2798 2508/2822
f 2481/2538 2513/2541 2466/2539
f 2466/2539 2513/2541 2498/2545
f 2478/2968 2456/2941 2510/2962
f 2510/2962 2456/2941 2488/2937
f 2477/2842 2476/2823 2509/2840
f 2509/2840 2476/2823 2508/2822
f 2466/2539 2498/2545 2467/2544
f 2467/2544 2498/2545 2499/2550
f 2478/2968 2510/2962 2457/2994
f 2457/2994 2510/2962 2489/2989
f 2485/2867 2477/2842 2517/2866
f 2517/2866 2477/2842 2509/2840
f 2468/2560 2467/2544 2500/2567
f 2500/2567 2467/2544 2499/2550
f 2457/2994 2489/2989 2458/3021
f 2458/3021 2489/2989 2490/3005
f 2482/2572 2468/2560 2514/2578
f 2514/2578 2468/2560 2500/2567
f 2459/3048 2458/3021 2491/3033
f 2491/3033 2458/3021 2490/3005
f 2482/2572 2514/2578 2469/2598
f 2469/2598 2514/2578 2501/2606
f 2479/3069 2459/3048 2511/3059
f 2511/3059 2459/3048 2491/3033
f 2469/2598 2501/2606 2470/2619
f 2470/2619 2501/2606 2502/2632
f 2479/3069 2511/3059 2460/3095
f 2460/3095 2511/3059 2492/3086
f 2791/2730 2792/2705 2537/2734
f 2537/2734 2792/2705 2536/2708
f 2793/3110 2794/3103 2527/3105
f 2527/3105 2794/3103 2544/3093
f 2795/2748 2791/2730 2538/2757
f 2538/2757 2791/2730 2537/2734
f 2796/3126 2793/3110 2528/3112
f 2528/3112 2793/3110 2527/3105
f 2797/2887 2798/2863 2518/2875
f 2518/2875 2798/2863 2549/2861
f 2799/2772 2795/2748 2548/2773
f 2548/2773 2795/2748 2538/2757
f 2800/3134 2796/3126 2529/3129
f 2529/3129 2796/3126 2528/3112
f 2801/2904 2797/2887 2519/2897
f 2519/2897 2797/2887 2518/2875
f 2802/2796 2799/2772 2539/2795
f 2539/2795 2799/2772 2548/2773
f 2803/3140 2800/3134 2545/3138
f 2545/3138 2800/3134 2529/3129
f 2804/2927 2801/2904 2520/2924
f 2520/2924 2801/2904 2519/2897
f 2805/2811 2802/2796 2540/2810
f 2540/2810 2802/2796 2539/2795
f 2806/2562 2803/2547 2530/2566
f 2530/2566 2803/2547 2545/2548
f 2807/2951 2804/2927 2542/2938
f 2542/2938 2804/2927 2520/2924
f 2808/2835 2805/2811 2541/2834
f 2541/2834 2805/2811 2540/2810
f 2809/2570 2806/2562 2531/2573
f 2531/2573 2806/2562 2530/2566
f 2810/2967 2807/2951 2521/2961
f 2521/2961 2807/2951 2542/2938
f 2798/2863 2808/2835 2549/2861
f 2549/2861 2808/2835 2541/2834
f 2811/2577 2809/2570 2532/2595
f 2532/2595 2809/2570 2531/2573
f 2812/2991 2810/2967 2522/2987
f 2522/2987 2810/2967 2521/2961
f 2813/2601 2811/2577 2546/2608
f 2546/2608 2811/2577 2532/2595
f 2814/3017 2812/2991 2523/3001
f 2523/3001 2812/2991 2522/2987
f 2815/2618 2813/2601 2533/2630
f 2533/2630 2813/2601 2546/2608
f 2816/3034 2814/3017 2543/3023
f 2543/3023 2814/3017 2523/3001
f 2817/2641 2815/2618 2534/2644
f 2534/2644 2815/2618 2533/2630
f 2818/3056 2816/3034 2524/3038
f 2524/3038 2816/3034 2543/3023
f 2819/2665 2817/2641 2535/2670
f 2535/2670 2817/2641 2534/2644
f 2820/3071 2818/3056 2525/3060
f 2525/3060 2818/3056 2524/3038
f 2821/2682 2819/2665 2547/2694
f 2547/2694 2819/2665 2535/2670
f 2822/3092 2820/3071 2526/3072
f 2526/3072 2820/3071 2525/3060
f 2792/2705 2821/2682 2536/2708
f 2536/2708 2821/2682 2547/2694
f 2794/3103 2822/3092 2544/3093
f 2544/3093 2822/3092 2526/3072
f 2728/2865 2550/2862 2727/2886
f 2727/2886 2550/2862 2551/2873
f 2730/2775 2580/2776 2729/2793
f 2729/2793 2580/2776 2571/2792
f 2731/3108 2732/3097 2577/3104
f 2577/3104 2732/3097 2561/3090
f 2733/2899 2727/2886 2552/2894
f 2552/2894 2727/2886 2551/2873
f 2729/2793 2571/2792 2734/2808
f 2734/2808 2571/2792 2572/2807
f 2731/2575 2577/2579 2735/2594
f 2735/2594 2577/2579 2562/2599
f 2736/2920 2733/2899 2574/2907
f 2574/2907 2733/2899 2552/2894
f 2737/2832 2734/2808 2573/2831
f 2573/2831 2734/2808 2572/2807
f 2735/2594 2562/2599 2738/2605
f 2738/2605 2562/2599 2563/2609
f 2736/2920 2574/2907 2739/2935
f 2739/2935 2574/2907 2553/2928
f 2740/2843 2737/2832 2581/2841
f 2581/2841 2737/2832 2573/2831
f 2741/2613 2738/2605 2564/2631
f 2564/2631 2738/2605 2563/2609
f 2739/2935 2553/2928 2742/2956
f 2742/2956 2553/2928 2554/2940
f 2743/2637 2741/2613 2578/2642
f 2578/2642 2741/2613 2564/2631
f 2744/2969 2742/2956 2555/2960
f 2555/2960 2742/2956 2554/2940
f 2743/2637 2578/2642 2745/2650
f 2745/2650 2578/2642 2565/2663
f 2746/2990 2744/2969 2575/2972
f 2575/2972 2744/2969 2555/2960
f 2745/2650 2565/2663 2747/2671
f 2747/2671 2565/2663 2566/2675
f 2746/2990 2575/2972 2748/3003
f 2748/3003 2575/2972 2556/2992
f 2749/2683 2747/2671 2567/2696
f 2567/2696 2747/2671 2566/2675
f 2748/3003 2556/2992 2750/3022
f 2750/3022 2556/2992 2557/3004
f 2751/2704 2749/2683 2579/2707
f 2579/2707 2749/2683 2567/2696
f 2752/3035 2750/3022 2558/3026
f 2558/3026 2750/3022 2557/3004
f 2751/2704 2579/2707 2753/2726
f 2753/2726 2579/2707 2568/2729
f 2754/3054 2752/3035 2576/3037
f 2576/3037 2752/3035 2558/3026
f 2753/2726 2568/2729 2755/2738
f 2755/2738 2568/2729 2569/2740
f 2754/3054 2576/3037 2756/3066
f 2756/3066 2576/3037 2559/3057
f 2757/2760 2755/2738 2570/2761
f 2570/2761 2755/2738 2569/2740
f 2756/3066 2559/3057 2758/3087
f 2758/3087 2559/3057 2560/3070
f 2740/2843 2581/2841 2728/2865
f 2728/2865 2581/2841 2550/2862
f 2730/2775 2757/2760 2580/2776
f 2580/2776 2757/2760 2570/2761
f 2732/3097 2758/3087 2561/3090
f 2561/3090 2758/3087 2560/3070
f 2663/2921 2664/2900 2585/2922
f 2585/2922 2664/2900 2606/2901
f 2665/2837 2666/2827 2613/2836
f 2613/2836 2666/2827 2605/2828
f 2667/2636 2668/2616 2596/2638
f 2596/2638 2668/2616 2595/2615
f 2669/2932 2663/2921 2586/2933
f 2586/2933 2663/2921 2585/2922
f 2670/2647 2667/2636 2610/2648
f 2610/2648 2667/2636 2596/2638
f 2671/2952 2669/2932 2587/2954
f 2587/2954 2669/2932 2586/2933
f 2672/2668 2670/2647 2597/2669
f 2597/2669 2670/2647 2610/2648
f 2673/2965 2671/2952 2607/2964
f 2607/2964 2671/2952 2587/2954
f 2674/2680 2672/2668 2598/2681
f 2598/2681 2672/2668 2597/2669
f 2675/2986 2673/2965 2588/2984
f 2588/2984 2673/2965 2607/2964
f 2676/2700 2674/2680 2599/2701
f 2599/2701 2674/2680 2598/2681
f 2677/2998 2675/2986 2589/2997
f 2589/2997 2675/2986 2588/2984
f 2678/2713 2676/2700 2611/2714
f 2611/2714 2676/2700 2599/2701
f 2679/3019 2677/2998 2590/3020
f 2590/3020 2677/2998 2589/2997
f 2680/2732 2678/2713 2600/2733
f 2600/2733 2678/2713 2611/2714
f 2681/3028 2679/3019 2608/3029
f 2608/3029 2679/3019 2590/3020
f 2682/2744 2680/2732 2601/2745
f 2601/2745 2680/2732 2600/2733
f 2683/3050 2681/3028 2591/3051
f 2591/3051 2681/3028 2608/3029
f 2684/2763 2682/2744 2602/2764
f 2602/2764 2682/2744 2601/2745
f 2685/3062 2683/3050 2592/3064
f 2592/3064 2683/3050 2591/3051
f 2686/2859 2665/2837 2582/2858
f 2582/2858 2665/2837 2613/2836
f 2687/2778 2684/2763 2612/2779
f 2612/2779 2684/2763 2602/2764
f 2688/3083 2685/3062 2593/3085
f 2593/3085 2685/3062 2592/3064
f 2689/2869 2686/2859 2583/2868
f 2583/2868 2686/2859 2582/2858
f 2690/2790 2687/2778 2603/2789
f 2603/2789 2687/2778 2612/2779
f 2691/3098 2688/3083 2609/3099
f 2609/3099 2688/3083 2593/3085
f 2692/2890 2689/2869 2584/2891
f 2584/2891 2689/2869 2583/2868
f 2693/2805 2690/2790 2604/2804
f 2604/2804 2690/2790 2603/2789
f 2694/2603 2691/2581 2594/2602
f 2594/2602 2691/2581 2609/2580
f 2664/2900 2692/2890 2606/2901
f 2606/2901 2692/2890 2584/2891
f 2666/2827 2693/2805 2605/2828
f 2605/2828 2693/2805 2604/2804
f 2668/2616 2694/2603 2595/2615
f 2595/2615 2694/2603 2594/2602
f 2602/3202 2614/3211 2612/3208
f 2612/3208 2614/3211 2603/3213
f 2601/3200 2621/3207 2602/3202
f 2602/3202 2621/3207 2614/3211
f 2600/3198 2628/3205 2601/3200
f 2601/3200 2628/3205 2621/3207
f 2611/3197 2635/3204 2600/3198
f 2600/3198 2635/3204 2628/3205
f 2611/3197 2599/3199 2635/3204
f 2635/3204 2599/3199 2642/3206
f 2599/3199 2598/3201 2642/3206
f 2642/3206 2598/3201 2649/3209
f 2598/3201 2597/3203 2649/3209
f 2649/3209 2597/3203 2656/3212
f 2597/3203 2610/3210 2656/3212
f 2656/3212 2610/3210 2596/3216
f 2614/3211 2615/3220 2603/3213
f 2603/3213 2615/3220 2604/3222
f 2621/3207 2622/3218 2614/3211
f 2614/3211 2622/3218 2615/3220
f 2628/3205 2629/3215 2621/3207
f 2621/3207 2629/3215 2622/3218
f 2635/3204 2636/3214 2628/3205
f 2628/3205 2636/3214 2629/3215
f 2635/3204 2642/3206 2636/3214
f 2636/3214 2642/3206 2643/3217
f 2642/3206 2649/3209 2643/3217
f 2643/3217 2649/3209 2650/3219
f 2649/3209 2656/3212 2650/3219
f 2650/3219 2656/3212 2657/3221
f 2656/3212 2596/3216 2657/3221
f 2657/3221 2596/3216 2595/3223
f 2615/3220 2616/3228 2604/3222
f 2604/3222 2616/3228 2605/3230
f 2622/3218 2623/3226 2615/3220
f 2615/3220 2623/3226 2616/3228
f 2629/3215 2630/3224 2622/3218
f 2622/3218 2630/3224 2623/3226
f 2636/3214 2637/3225 2629/3215
f 2629/3215 2637/3225 2630/3224
f 2636/3214 2643/3217 2637/3225
f 2637/3225 2643/3217 2644/3227
f 2643/3217 2650/3219 2644/3227
f 2644/3227 2650/3219 2651/3229
f 2650/3219 2657/3221 2651/3229
f 2651/3229 2657/3221 2658/3231
f 2657/3221 2595/3223 2658/3231
f 2658/3231 2595/3223 2594/3232
f 2616/3228 2617/3234 2605/3230
f 2605/3230 2617/3234 2613/3233
f 2623/3226 2624/3235 2616/3228
f 2616/3228 2624/3235 2617/3234
f 2630/3224 2631/3236 2623/3226
f 2623/3226 2631/3236 2624/3235
f 2637/3225 2638/3237 2630/3224
f 2630/3224 2638/3237 2631/3236
f 2637/3225 2644/3227 2638/3237
f 2638/3237 2644/3227 2645/3238
f 2644/3227 2651/3229 2645/3238
f 2645/3238 2651/3229 2652/3239
f 2651/3229 2658/3231 2652/3239
f 2652/3239 2658/3231 2659/3240
f 2658/3231 2594/3232 2659/3240
f 2659/3240 2594/3232 2609/3241
f 2613/3233 2617/3234 2582/3242
f 2582/3242 2617/3234 2618/3243
f 2617/3234 2624/3235 2618/3243
f 2618/3243 2624/3235 2625/3245
f 2624/3235 2631/3236 2625/3245
f 2625/3245 2631/3236 2632/3247
f 2631/3236 2638/3237 2632/3247
f 2632/3247 2638/3237 2639/3249
f 2645/3238 2646/3250 2638/3237
f 2638/3237 2646/3250 2639/3249
f 2652/3239 2653/3248 2645/3238
f 2645/3238 2653/3248 2646/3250
f 2659/3240 2660/3246 2652/3239
f 2652/3239 2660/3246 2653/3248
f 2609/3241 2593/3244 2659/3240
f 2659/3240 2593/3244 2660/3246
f 2582/3242 2618/3243 2583/3251
f 2583/3251 2618/3243 2619/3253
f 2618/3243 2625/3245 2619/3253
f 2619/3253 2625/3245 2626/3255
f 2625/3245 2632/3247 2626/3255
f 2626/3255 2632/3247 2633/3257
f 2632/3247 2639/3249 2633/3257
f 2633/3257 2639/3249 2640/3260
f 2646/3250 2647/3259 2639/3249
f 2639/3249 2647/3259 2640/3260
f 2653/3248 2654/3256 2646/3250
f 2646/3250 2654/3256 2647/3259
f 2660/3246 2661/3254 2653/3248
f 2653/3248 2661/3254 2654/3256
f 2593/3244 2592/3252 2660/3246
f 2660/3246 2592/3252 2661/3254
f 2583/3251 2619/3253 2584/3258
f 2584/3258 2619/3253 2620/3262
f 2619/3253 2626/3255 2620/3262
f 2620/3262 2626/3255 2627/3265
f 2626/3255 2633/3257 2627/3265
f 2627/3265 2633/3257 2634/3268
f 2633/3257 2640/3260 2634/3268
f 2634/3268 2640/3260 2641/3270
f 2647/3259 2648/3269 2640/3260
f 2640/3260 2648/3269 2641/3270
f 2654/3256 2655/3267 2647/3259
f 2647/3259 2655/3267 2648/3269
f 2661/3254 2662/3263 2654/3256
f 2654/3256 2662/3263 2655/3267
f 2592/3252 2591/3261 2661/3254
f 2661/3254 2591/3261 2662/3263
f 2584/3258 2620/3262 2606/3264
f 2606/3264 2620/3262 2585/3271
f 2620/3262 2627/3265 2585/3271
f 2585/3271 2627/3265 2586/3273
f 2627/3265 2634/3268 2586/3273
f 2586/3273 2634/3268 2587/3275
f 2634/3268 2641/3270 2587/3275
f 2587/3275 2641/3270 2607/3277
f 2648/3269 2588/3276 2641/3270
f 2641/3270 2588/3276 2607/3277
f 2655/3267 2589/3274 2648/3269
f 2648/3269 2589/3274 2588/3276
f 2662/3263 2590/3272 2655/3267
f 2655/3267 2590/3272 2589/3274
f 2591/3261 2608/3266 2662/3263
f 2662/3263 2608/3266 2590/3272
f 2726/2617 2723/2604 2668/2616
f 2668/2616 2723/2604 2694/2603
f 2725/2829 2722/2806 2666/2827
f 2666/2827 2722/2806 2693/2805
f 2724/2902 2721/2892 2664/2900
f 2664/2900 2721/2892 2692/2890
f 2723/2604 2720/2582 2694/2603
f 2694/2603 2720/2582 2691/2581
f 2722/2806 2719/2791 2693/2805
f 2693/2805 2719/2791 2690/2790
f 2721/2892 2718/2870 2692/2890
f 2692/2890 2718/2870 2689/2869
f 2720/3100 2717/3084 2691/3098
f 2691/3098 2717/3084 2688/3083
f 2719/2791 2716/2777 2690/2790
f 2690/2790 2716/2777 2687/2778
f 2718/2870 2715/2860 2689/2869
f 2689/2869 2715/2860 2686/2859
f 2717/3084 2714/3061 2688/3083
f 2688/3083 2714/3061 2685/3062
f 2716/2777 2713/2762 2687/2778
f 2687/2778 2713/2762 2684/2763
f 2715/2860 2696/2838 2686/2859
f 2686/2859 2696/2838 2665/2837
f 2714/3061 2712/3049 2685/3062
f 2685/3062 2712/3049 2683/3050
f 2713/2762 2711/2743 2684/2763
f 2684/2763 2711/2743 2682/2744
f 2712/3049 2710/3027 2683/3050
f 2683/3050 2710/3027 2681/3028
f 2711/2743 2709/2731 2682/2744
f 2682/2744 2709/2731 2680/2732
f 2710/3027 2708/3018 2681/3028
f 2681/3028 2708/3018 2679/3019
f 2709/2731 2707/2711 2680/2732
f 2680/2732 2707/2711 2678/2713
f 2708/3018 2706/2996 2679/3019
f 2679/3019 2706/2996 2677/2998
f 2707/2711 2705/2699 2678/2713
f 2678/2713 2705/2699 2676/2700
f 2706/2996 2704/2985 2677/2998
f 2677/2998 2704/2985 2675/2986
f 2705/2699 2703/2679 2676/2700
f 2676/2700 2703/2679 2674/2680
f 2704/2985 2702/2963 2675/2986
f 2675/2986 2702/2963 2673/2965
f 2703/2679 2701/2667 2674/2680
f 2674/2680 2701/2667 2672/2668
f 2702/2963 2700/2953 2673/2965
f 2673/2965 2700/2953 2671/2952
f 2701/2667 2699/2646 2672/2668
f 2672/2668 2699/2646 2670/2647
f 2700/2953 2698/2934 2671/2952
f 2671/2952 2698/2934 2669/2932
f 2699/2646 2697/2639 2670/2647
f 2670/2647 2697/2639 2667/2636
f 2698/2934 2695/2923 2669/2932
f 2669/2932 2695/2923 2663/2921
f 2697/2639 2726/2617 2667/2636
f 2667/2636 2726/2617 2668/2616
f 2696/2838 2725/2829 2665/2837
f 2665/2837 2725/2829 2666/2827
f 2695/2923 2724/2902 2663/2921
f 2663/2921 2724/2902 2664/2900
f 2553/2928 2574/2907 2695/2923
f 2695/2923 2574/2907 2724/2902
f 2581/2841 2573/2831 2696/2838
f 2696/2838 2573/2831 2725/2829
f 2564/2631 2563/2609 2697/2639
f 2697/2639 2563/2609 2726/2617
f 2554/2940 2553/2928 2698/2934
f 2698/2934 2553/2928 2695/2923
f 2578/2642 2564/2631 2699/2646
f 2699/2646 2564/2631 2697/2639
f 2555/2960 2554/2940 2700/2953
f 2700/2953 2554/2940 2698/2934
f 2565/2663 2578/2642 2701/2667
f 2701/2667 2578/2642 2699/2646
f 2575/2972 2555/2960 2702/2963
f 2702/2963 2555/2960 2700/2953
f 2566/2675 2565/2663 2703/2679
f 2703/2679 2565/2663 2701/2667
f 2556/2992 2575/2972 2704/2985
f 2704/2985 2575/2972 2702/2963
f 2567/2696 2566/2675 2705/2699
f 2705/2699 2566/2675 2703/2679
f 2557/3004 2556/2992 2706/2996
f 2706/2996 2556/2992 2704/2985
f 2579/2707 2567/2696 2707/2711
f 2707/2711 2567/2696 2705/2699
f 2558/3026 2557/3004 2708/3018
f 2708/3018 2557/3004 2706/2996
f 2568/2729 2579/2707 2709/2731
f 2709/2731 2579/2707 2707/2711
f 2576/3037 2558/3026 2710/3027
f 2710/3027 2558/3026 2708/3018
f 2569/2740 2568/2729 2711/2743
f 2711/2743 2568/2729 2709/2731
f 2559/3057 2576/3037 2712/3049
f 2712/3049 2576/3037 2710/3027
f 2570/2761 2569/2740 2713/2762
f 2713/2762 2569/2740 2711/2743
f 2560/3070 2559/3057 2714/3061
f 2714/3061 2559/3057 2712/3049
f 2550/2862 2581/2841 2715/2860
f 2715/2860 2581/2841 2696/2838
f 2580/2776 2570/2761 2716/2777
f 2716/2777 2570/2761 2713/2762
f 2561/3090 2560/3070 2717/3084
f 2717/3084 2560/3070 2714/3061
f 2551/2873 2550/2862 2718/2870
f 2718/2870 2550/2862 2715/2860
f 2571/2792 2580/2776 2719/2791
f 2719/2791 2580/2776 2716/2777
f 2577/3104 2561/3090 2720/3100
f 2720/3100 2561/3090 2717/3084
f 2552/2894 2551/2873 2721/2892
f 2721/2892 2551/2873 2718/2870
f 2572/2807 2571/2792 2722/2806
f 2722/2806 2571/2792 2719/2791
f 2562/2599 2577/2579 2723/2604
f 2723/2604 2577/2579 2720/2582
f 2574/2907 2552/2894 2724/2902
f 2724/2902 2552/2894 2721/2892
f 2573/2831 2572/2807 2725/2829
f 2725/2829 2572/2807 2722/2806
f 2563/2609 2562/2599 2726/2617
f 2726/2617 2562/2599 2723/2604
f 2790/3125 2787/3107 2732/3097
f 2732/3097 2787/3107 2758/3087
f 2789/2774 2786/2759 2730/2775
f 2730/2775 2786/2759 2757/2760
f 2769/2856 2740/2843 2788/2872
f 2788/2872 2740/2843 2728/2865
f 2785/3094 2756/3066 2787/3107
f 2787/3107 2756/3066 2758/3087
f 2786/2759 2784/2735 2757/2760
f 2757/2760 2784/2735 2755/2738
f 2783/3073 2754/3054 2785/3094
f 2785/3094 2754/3054 2756/3066
f 2782/2710 2753/2726 2784/2735
f 2784/2735 2753/2726 2755/2738
f 2783/3073 2781/3065 2754/3054
f 2754/3054 2781/3065 2752/3035
f 2780/2697 2751/2704 2782/2710
f 2782/2710 2751/2704 2753/2726
f 2781/3065 2779/3053 2752/3035
f 2752/3035 2779/3053 2750/3022
f 2780/2697 2778/2673 2751/2704
f 2751/2704 2778/2673 2749/2683
f 2777/3031 2748/3003 2779/3053
f 2779/3053 2748/3003 2750/3022
f 2778/2673 2776/2652 2749/2683
f 2749/2683 2776/2652 2747/2671
f 2775/3016 2746/2990 2777/3031
f 2777/3031 2746/2990 2748/3003
f 2774/2635 2745/2650 2776/2652
f 2776/2652 2745/2650 2747/2671
f 2775/3016 2773/2993 2746/2990
f 2746/2990 2773/2993 2744/2969
f 2772/2612 2743/2637 2774/2635
f 2774/2635 2743/2637 2745/2650
f 2773/2993 2771/2971 2744/2969
f 2744/2969 2771/2971 2742/2956
f 2772/2612 2770/2600 2743/2637
f 2743/2637 2770/2600 2741/2613
f 2768/2957 2739/2935 2771/2971
f 2771/2971 2739/2935 2742/2956
f 2770/2600 2767/2576 2741/2613
f 2741/2613 2767/2576 2738/2605
f 2769/2856 2766/2833 2740/2843
f 2740/2843 2766/2833 2737/2832
f 2765/2931 2736/2920 2768/2957
f 2768/2957 2736/2920 2739/2935
f 2764/2569 2735/2594 2767/2576
f 2767/2576 2735/2594 2738/2605
f 2766/2833 2763/2809 2737/2832
f 2737/2832 2763/2809 2734/2808
f 2765/2931 2762/2912 2736/2920
f 2736/2920 2762/2912 2733/2899
f 2761/2561 2731/2575 2764/2569
f 2764/2569 2731/2575 2735/2594
f 2760/2794 2729/2793 2763/2809
f 2763/2809 2729/2793 2734/2808
f 2762/2912 2759/2895 2733/2899
f 2733/2899 2759/2895 2727/2886
f 2761/3133 2790/3125 2731/3108
f 2731/3108 2790/3125 2732/3097
f 2789/2774 2730/2775 2760/2794
f 2760/2794 2730/2775 2729/2793
f 2788/2872 2728/2865 2759/2895
f 2759/2895 2728/2865 2727/2886
f 2518/2875 2788/2872 2519/2897
f 2519/2897 2788/2872 2759/2895
f 2548/2773 2789/2774 2539/2795
f 2539/2795 2789/2774 2760/2794
f 2545/3138 2529/3129 2761/3133
f 2761/3133 2529/3129 2790/3125
f 2520/2924 2519/2897 2762/2912
f 2762/2912 2519/2897 2759/2895
f 2539/2795 2760/2794 2540/2810
f 2540/2810 2760/2794 2763/2809
f 2545/2548 2761/2561 2530/2566
f 2530/2566 2761/2561 2764/2569
f 2542/2938 2520/2924 2765/2931
f 2765/2931 2520/2924 2762/2912
f 2541/2834 2540/2810 2766/2833
f 2766/2833 2540/2810 2763/2809
f 2530/2566 2764/2569 2531/2573
f 2531/2573 2764/2569 2767/2576
f 2542/2938 2765/2931 2521/2961
f 2521/2961 2765/2931 2768/2957
f 2549/2861 2541/2834 2769/2856
f 2769/2856 2541/2834 2766/2833
f 2532/2595 2531/2573 2770/2600
f 2770/2600 2531/2573 2767/2576
f 2521/2961 2768/2957 2522/2987
f 2522/2987 2768/2957 2771/2971
f 2546/2608 2532/2595 2772/2612
f 2772/2612 2532/2595 2770/2600
f 2523/3001 2522/2987 2773/2993
f 2773/2993 2522/2987 2771/2971
f 2546/2608 2772/2612 2533/2630
f 2533/2630 2772/2612 2774/2635
f 2543/3023 2523/3001 2775/3016
f 2775/3016 2523/3001 2773/2993
f 2533/2630 2774/2635 2534/2644
f 2534/2644 2774/2635 2776/2652
f 2543/3023 2775/3016 2524/3038
f 2524/3038 2775/3016 2777/3031
f 2535/2670 2534/2644 2778/2673
f 2778/2673 2534/2644 2776/2652
f 2524/3038 2777/3031 2525/3060
f 2525/3060 2777/3031 2779/3053
f 2547/2694 2535/2670 2780/2697
f 2780/2697 2535/2670 2778/2673
f 2526/3072 2525/3060 2781/3065
f 2781/3065 2525/3060 2779/3053
f 2547/2694 2780/2697 2536/2708
f 2536/2708 2780/2697 2782/2710
f 2544/3093 2526/3072 2783/3073
f 2783/3073 2526/3072 2781/3065
f 2536/2708 2782/2710 2537/2734
f 2537/2734 2782/2710 2784/2735
f 2544/3093 2783/3073 2527/3105
f 2527/3105 2783/3073 2785/3094
f 2538/2757 2537/2734 2786/2759
f 2786/2759 2537/2734 2784/2735
f 2527/3105 2785/3094 2528/3112
f 2528/3112 2785/3094 2787/3107
f 2549/2861 2769/2856 2518/2875
f 2518/2875 2769/2856 2788/2872
f 2548/2773 2538/2757 2789/2774
f 2789/2774 2538/2757 2786/2759
f 2529/3129 2528/3112 2790/3125
f 2790/3125 2528/3112 2787/3107
f 2853/3111 2851/3106 2794/3103
f 2794/3103 2851/3106 2822/3092
f 2852/2703 2850/2677 2792/2705
f 2792/2705 2850/2677 2821/2682
f 2851/3106 2849/3091 2822/3092
f 2822/3092 2849/3091 2820/3071
f 2850/2677 2848/2662 2821/2682
f 2821/2682 2848/2662 2819/2665
f 2849/3091 2847/3068 2820/3071
f 2820/3071 2847/3068 2818/3056
f 2848/2662 2846/2634 2819/2665
f 2819/2665 2846/2634 2817/2641
f 2847/3068 2845/3052 2818/3056
f 2818/3056 2845/3052 2816/3034
f 2846/2634 2844/2610 2817/2641
f 2817/2641 2844/2610 2815/2618
f 2845/3052 2843/3025 2816/3034
f 2816/3034 2843/3025 2814/3017
f 2844/2610 2842/2596 2815/2618
f 2815/2618 2842/2596 2813/2601
f 2843/3025 2841/2999 2814/3017
f 2814/3017 2841/2999 2812/2991
f 2842/2596 2840/2571 2813/2601
f 2813/2601 2840/2571 2811/2577
f 2841/2999 2839/2976 2812/2991
f 2812/2991 2839/2976 2810/2967
f 2840/2571 2838/2564 2811/2577
f 2811/2577 2838/2564 2809/2570
f 2854/2864 2837/2839 2798/2863
f 2798/2863 2837/2839 2808/2835
f 2839/2976 2836/2958 2810/2967
f 2810/2967 2836/2958 2807/2951
f 2838/2564 2835/2546 2809/2570
f 2809/2570 2835/2546 2806/2562
f 2837/2839 2834/2821 2808/2835
f 2808/2835 2834/2821 2805/2811
f 2836/2958 2833/2930 2807/2951
f 2807/2951 2833/2930 2804/2927
f 2835/2546 2832/2542 2806/2562
f 2806/2562 2832/2542 2803/2547
f 2834/2821 2831/2797 2805/2811
f 2805/2811 2831/2797 2802/2796
f 2833/2930 2830/2906 2804/2927
f 2804/2927 2830/2906 2801/2904
f 2832/3146 2829/3142 2803/3140
f 2803/3140 2829/3142 2800/3134
f 2831/2797 2828/2771 2802/2796
f 2802/2796 2828/2771 2799/2772
f 2830/2906 2827/2889 2801/2904
f 2801/2904 2827/2889 2797/2887
f 2829/3142 2826/3136 2800/3134
f 2800/3134 2826/3136 2796/3126
f 2828/2771 2825/2747 2799/2772
f 2799/2772 2825/2747 2795/2748
f 2827/2889 2854/2864 2797/2887
f 2797/2887 2854/2864 2798/2863
f 2826/3136 2824/3127 2796/3126
f 2796/3126 2824/3127 2793/3110
f 2825/2747 2823/2728 2795/2748
f 2795/2748 2823/2728 2791/2730
f 2824/3127 2853/3111 2793/3110
f 2793/3110 2853/3111 2794/3103
f 2823/2728 2852/2703 2791/2730
f 2791/2730 2852/2703 2792/2705
f 2505/2727 2504/2702 2823/2728
f 2823/2728 2504/2702 2852/2703
f 2495/3135 2512/3128 2824/3127
f 2824/3127 2512/3128 2853/3111
f 2506/2746 2505/2727 2825/2747
f 2825/2747 2505/2727 2823/2728
f 2496/3141 2495/3135 2826/3136
f 2826/3136 2495/3135 2824/3127
f 2486/2893 2517/2866 2827/2889
f 2827/2889 2517/2866 2854/2864
f 2516/2770 2506/2746 2828/2771
f 2828/2771 2506/2746 2825/2747
f 2497/3145 2496/3141 2829/3142
f 2829/3142 2496/3141 2826/3136
f 2487/2919 2486/2893 2830/2906
f 2830/2906 2486/2893 2827/2889
f 2507/2798 2516/2770 2831/2797
f 2831/2797 2516/2770 2828/2771
f 2513/3148 2497/3145 2832/3146
f 2832/3146 2497/3145 2829/3142
f 2488/2937 2487/2919 2833/2930
f 2833/2930 2487/2919 2830/2906
f 2508/2822 2507/2798 2834/2821
f 2834/2821 2507/2798 2831/2797
f 2498/2545 2513/2541 2835/2546
f 2835/2546 2513/2541 2832/2542
f 2510/2962 2488/2937 2836/2958
f 2836/2958 2488/2937 2833/2930
f 2509/2840 2508/2822 2837/2839
f 2837/2839 2508/2822 2834/2821
f 2499/2550 2498/2545 2838/2564
f 2838/2564 2498/2545 2835/2546
f 2489/2989 2510/2962 2839/2976
f 2839/2976 2510/2962 2836/2958
f 2517/2866 2509/2840 2854/2864
f 2854/2864 2509/2840 2837/2839
f 2500/2567 2499/2550 2840/2571
f 2840/2571 2499/2550 2838/2564
f 2490/3005 2489/2989 2841/2999
f 2841/2999 2489/2989 2839/2976
f 2514/2578 2500/2567 2842/2596
f 2842/2596 2500/2567 2840/2571
f 2491/3033 2490/3005 2843/3025
f 2843/3025 2490/3005 2841/2999
f 2501/2606 2514/2578 2844/2610
f 2844/2610 2514/2578 2842/2596
f 2511/3059 2491/3033 2845/3052
f 2845/3052 2491/3033 2843/3025
f 2502/2632 2501/2606 2846/2634
f 2846/2634 2501/2606 2844/2610
f 2492/3086 2511/3059 2847/3068
f 2847/3068 2511/3059 2845/3052
f 2503/2649 2502/2632 2848/2662
f 2848/2662 2502/2632 2846/2634
f 2493/3102 2492/3086 2849/3091
f 2849/3091 2492/3086 2847/3068
f 2515/2674 2503/2649 2850/2677
f 2850/2677 2503/2649 2848/2662
f 2494/3113 2493/3102 2851/3106
f 2851/3106 2493/3102 2849/3091
f 2504/2702 2515/2674 2852/2703
f 2852/2703 2515/2674 2850/2677
f 2512/3128 2494/3113 2853/3111
f 2853/3111 2494/3113 2851/3106
f 2411/2803 2886/2802 2412/2830
f 2412/2830 2886/2802 2860/2826
f 2392/2970 2391/2939 2858/2966
f 2858/2966 2391/2939 2885/2936
f 2417/3196 2401/3195 2856/3189
f 2856/3189 2401/3195 2884/3188
f 2420/2765 2883/2766 2411/2803
f 2411/2803 2883/2766 2886/2802
f 2390/2908 2882/2905 2391/2939
f 2391/2939 2882/2905 2885/2936
f 2401/3195 2400/3194 2884/3188
f 2884/3188 2400/3194 2881/3178
f 2420/2765 2410/2736 2883/2766
f 2883/2766 2410/2736 2880/2737
f 2421/2888 2863/2876 2390/2908
f 2390/2908 2863/2876 2882/2905
f 2399/3193 2879/3177 2400/3194
f 2400/3194 2879/3177 2881/3178
f 2410/2736 2409/2706 2880/2737
f 2880/2737 2409/2706 2878/2709
f 2416/3192 2877/3176 2399/3193
f 2399/3193 2877/3176 2879/3177
f 2408/2676 2876/2678 2409/2706
f 2409/2706 2876/2678 2878/2709
f 2416/3192 2398/3191 2877/3176
f 2877/3176 2398/3191 2875/3175
f 2419/2645 2874/2651 2408/2676
f 2408/2676 2874/2651 2876/2678
f 2398/3191 2397/3190 2875/3175
f 2875/3175 2397/3190 2873/3174
f 2419/2645 2407/2614 2874/2651
f 2874/2651 2407/2614 2872/2629
f 2396/3166 2871/3147 2397/3190
f 2397/3190 2871/3147 2873/3174
f 2407/2614 2406/2593 2872/2629
f 2872/2629 2406/2593 2870/2597
f 2415/3132 2869/3123 2396/3166
f 2396/3166 2869/3123 2871/3147
f 2405/2563 2868/2568 2406/2593
f 2406/2593 2868/2568 2870/2597
f 2415/3132 2395/3096 2869/3123
f 2869/3123 2395/3096 2867/3088
f 2418/2535 2866/2540 2405/2563
f 2405/2563 2866/2540 2868/2568
f 2395/3096 2394/3063 2867/3088
f 2867/3088 2394/3063 2865/3055
f 2418/2535 2404/2513 2866/2540
f 2866/2540 2404/2513 2864/2520
f 2393/3032 2862/3024 2394/3063
f 2394/3063 2862/3024 2865/3055
f 2404/2513 2403/2514 2864/2520
f 2864/2520 2403/2514 2861/2519
f 2421/2888 2413/2857 2863/2876
f 2863/2876 2413/2857 2859/2855
f 2414/3000 2857/2995 2393/3032
f 2393/3032 2857/2995 2862/3024
f 2402/2515 2855/2517 2403/2514
f 2403/2514 2855/2517 2861/2519
f 2413/2857 2412/2830 2859/2855
f 2859/2855 2412/2830 2860/2826
f 2414/3000 2392/2970 2857/2995
f 2857/2995 2392/2970 2858/2966
f 2417/2516 2856/2518 2402/2515
f 2402/2515 2856/2518 2855/2517
f 2886/2802 2918/2801 2860/2826
f 2860/2826 2918/2801 2889/2825
f 2858/2966 2885/2936 2888/2959
f 2888/2959 2885/2936 2917/2929
f 2856/3189 2884/3188 2887/3172
f 2887/3172 2884/3188 2916/3173
f 2883/2766 2915/2767 2886/2802
f 2886/2802 2915/2767 2918/2801
f 2882/2905 2914/2903 2885/2936
f 2885/2936 2914/2903 2917/2929
f 2884/3188 2881/3178 2916/3173
f 2916/3173 2881/3178 2913/3171
f 2883/2766 2880/2737 2915/2767
f 2915/2767 2880/2737 2912/2739
f 2863/2876 2895/2874 2882/2905
f 2882/2905 2895/2874 2914/2903
f 2879/3177 2911/3170 2881/3178
f 2881/3178 2911/3170 2913/3171
f 2880/2737 2878/2709 2912/2739
f 2912/2739 2878/2709 2910/2712
f 2877/3176 2909/3167 2879/3177
f 2879/3177 2909/3167 2911/3170
f 2876/2678 2908/2684 2878/2709
f 2878/2709 2908/2684 2910/2712
f 2877/3176 2875/3175 2909/3167
f 2909/3167 2875/3175 2907/3164
f 2874/2651 2906/2664 2876/2678
f 2876/2678 2906/2664 2908/2684
f 2875/3175 2873/3174 2907/3164
f 2907/3164 2873/3174 2905/3149
f 2874/2651 2872/2629 2906/2664
f 2906/2664 2872/2629 2904/2633
f 2871/3147 2903/3130 2873/3174
f 2873/3174 2903/3130 2905/3149
f 2872/2629 2870/2597 2904/2633
f 2904/2633 2870/2597 2902/2607
f 2869/3123 2901/3101 2871/3147
f 2871/3147 2901/3101 2903/3130
f 2868/2568 2900/2574 2870/2597
f 2870/2597 2900/2574 2902/2607
f 2869/3123 2867/3088 2901/3101
f 2901/3101 2867/3088 2899/3067
f 2866/2540 2898/2549 2868/2568
f 2868/2568 2898/2549 2900/2574
f 2867/3088 2865/3055 2899/3067
f 2899/3067 2865/3055 2897/3036
f 2866/2540 2864/2520 2898/2549
f 2898/2549 2864/2520 2896/2537
f 2862/3024 2894/3015 2865/3055
f 2865/3055 2894/3015 2897/3036
f 2864/2520 2861/2519 2896/2537
f 2896/2537 2861/2519 2893/2533
f 2863/2876 2859/2855 2895/2874
f 2895/2874 2859/2855 2892/2854
f 2857/2995 2891/2988 2862/3024
f 2862/3024 2891/2988 2894/3015
f 2855/2517 2890/2522 2861/2519
f 2861/2519 2890/2522 2893/2533
f 2859/2855 2860/2826 2892/2854
f 2892/2854 2860/2826 2889/2825
f 2857/2995 2858/2966 2891/2988
f 2891/2988 2858/2966 2888/2959
f 2856/2518 2887/2521 2855/2517
f 2855/2517 2887/2521 2890/2522
f 2378/2504 2377/2495 2924/2510
f 2924/2510 2377/2495 2950/2501
f 2367/3080 2384/3045 2920/3076
f 2920/3076 2384/3045 2949/3041
f 2377/2495 2376/2486 2950/2501
f 2950/2501 2376/2486 2948/2492
f 2384/3045 2366/3012 2949/3041
f 2949/3041 2366/3012 2947/3008
f 2376/2486 2387/2477 2948/2492
f 2948/2492 2387/2477 2946/2483
f 2366/3012 2365/2981 2947/3008
f 2947/3008 2365/2981 2945/2977
f 2387/2477 2375/2468 2946/2483
f 2946/2483 2375/2468 2944/2474
f 2365/2981 2364/2948 2945/2977
f 2945/2977 2364/2948 2943/2944
f 2375/2468 2374/2460 2944/2474
f 2944/2474 2374/2460 2942/2465
f 2364/2948 2383/2916 2943/2944
f 2943/2944 2383/2916 2941/2911
f 2374/2460 2373/2451 2942/2465
f 2942/2465 2373/2451 2940/2456
f 2383/2916 2363/2883 2941/2911
f 2941/2911 2363/2883 2939/2879
f 2373/2451 2386/2442 2940/2456
f 2940/2456 2386/2442 2938/2447
f 2363/2883 2362/2851 2939/2879
f 2939/2879 2362/2851 2937/2847
f 2386/2442 2372/2433 2938/2447
f 2938/2447 2372/2433 2936/2438
f 2362/2851 2361/2818 2937/2847
f 2937/2847 2361/2818 2935/2814
f 2372/2433 2371/2424 2936/2438
f 2936/2438 2371/2424 2934/2431
f 2389/2654 2381/2620 2922/2657
f 2922/2657 2381/2620 2933/2624
f 2361/2818 2382/2785 2935/2814
f 2935/2814 2382/2785 2932/2782
f 2371/2424 2370/2417 2934/2431
f 2934/2431 2370/2417 2931/2422
f 2381/2620 2380/2584 2933/2624
f 2933/2624 2380/2584 2930/2589
f 2382/2785 2360/2753 2932/2782
f 2932/2782 2360/2753 2929/2752
f 2370/2417 2385/2411 2931/2422
f 2931/2422 2385/2411 2928/2412
f 2380/2584 2379/2551 2930/2589
f 2930/2589 2379/2551 2927/2557
f 2360/2753 2359/2720 2929/2752
f 2929/2752 2359/2720 2926/2717
f 2385/3183 2369/3152 2928/3184
f 2928/3184 2369/3152 2925/3153
f 2379/2551 2388/2523 2927/2557
f 2927/2557 2388/2523 2923/2529
f 2359/2720 2358/2686 2926/2717
f 2926/2717 2358/2686 2921/2689
f 2369/3152 2368/3120 2925/3153
f 2925/3153 2368/3120 2919/3116
f 2388/2523 2378/2504 2923/2529
f 2923/2529 2378/2504 2924/2510
f 2358/2686 2389/2654 2921/2689
f 2921/2689 2389/2654 2922/2657
f 2368/3120 2367/3080 2919/3116
f 2919/3116 2367/3080 2920/3076
f 3014/3816 2957/3836 3075/3818
f 3075/3818 2957/3836 3161/3838
f 3017/3748 2958/3768 3077/3750
f 3077/3750 2958/3768 3059/3770
f 3161/3838 3134/3840 3162/3878
f 3162/3878 3134/3840 3135/3879
f 3116/3752 3093/3772 3020/3754
f 3020/3754 3093/3772 2959/3774
f 3116/3752 3077/3750 3093/3772
f 3093/3772 3077/3750 3059/3770
f 3139/3328 3141/3330 2967/3280
f 2967/3280 3141/3330 2966/3282
f 3115/3820 3134/3840 3013/3822
f 3013/3822 3134/3840 2960/3842
f 3115/3820 3075/3818 3134/3840
f 3134/3840 3075/3818 3161/3838
f 3126/3761 3125/3758 3128/3828
f 3128/3828 3125/3758 3129/3827
f 3128/3828 3129/3827 3162/3875
f 3162/3875 3129/3827 3135/3874
f 2964/3290 2965/3288 3107/3306
f 3107/3306 2965/3288 3060/3304
f 3122/3346 3089/3344 3109/3356
f 3109/3356 3089/3344 3063/3352
f 3121/3378 3087/3376 3110/3402
f 3110/3402 3087/3376 3065/3400
f 3120/3426 3085/3424 3111/3450
f 3111/3450 3085/3424 3067/3448
f 3119/3474 3083/3472 3112/3486
f 3112/3486 3083/3472 3069/3484
f 3118/3526 3081/3530 3113/3538
f 3113/3538 3081/3530 3071/3542
f 3117/3574 3079/3578 3114/3596
f 3114/3596 3079/3578 3073/3594
f 2964/3290 3107/3306 2952/3292
f 2952/3292 3107/3306 2981/3308
f 3122/3346 3109/3356 3041/3348
f 3041/3348 3109/3356 2980/3354
f 3121/3378 3110/3402 3037/3380
f 3037/3380 3110/3402 2979/3404
f 3120/3426 3111/3450 3033/3428
f 3033/3428 3111/3450 2978/3452
f 3119/3474 3112/3486 3029/3476
f 3029/3476 3112/3486 2977/3488
f 3118/3526 3113/3538 3025/3532
f 3025/3532 3113/3538 2976/3544
f 3117/3574 3114/3596 3021/3580
f 3021/3580 3114/3596 2975/3598
f 2951/3286 2982/3302 2965/3288
f 2965/3288 2982/3302 3060/3304
f 3042/3342 2983/3350 3089/3344
f 3089/3344 2983/3350 3063/3352
f 3038/3374 2984/3398 3087/3376
f 3087/3376 2984/3398 3065/3400
f 3034/3422 2985/3446 3085/3424
f 3085/3424 2985/3446 3067/3448
f 3030/3470 2986/3482 3083/3472
f 3083/3472 2986/3482 3069/3484
f 3026/3528 2987/3540 3081/3530
f 3081/3530 2987/3540 3071/3542
f 3022/3576 2988/3592 3079/3578
f 3079/3578 2988/3592 3073/3594
f 3125/3758 3126/3761 3147/3587
f 3147/3587 3126/3761 3151/3589
f 3147/3587 3151/3589 3148/3505
f 3148/3505 3151/3589 3152/3506
f 3148/3505 3152/3506 3149/3443
f 3149/3443 3152/3506 3153/3444
f 3149/3443 3153/3444 3150/3385
f 3150/3385 3153/3444 3154/3388
f 3150/3385 3154/3388 3139/3328
f 3139/3328 3154/3388 3141/3330
f 3093/3772 3059/3770 3115/3820
f 3115/3820 3059/3770 3075/3818
f 3114/3596 3073/3594 3116/3752
f 3116/3752 3073/3594 3077/3750
f 3113/3538 3071/3542 3117/3574
f 3117/3574 3071/3542 3079/3578
f 3112/3486 3069/3484 3118/3526
f 3118/3526 3069/3484 3081/3530
f 3111/3450 3067/3448 3119/3474
f 3119/3474 3067/3448 3083/3472
f 3110/3402 3065/3400 3120/3426
f 3120/3426 3065/3400 3085/3424
f 3109/3356 3063/3352 3121/3378
f 3121/3378 3063/3352 3087/3376
f 3107/3306 3060/3304 3122/3346
f 3122/3346 3060/3304 3089/3344
f 2962/3759 3125/3758 3007/3586
f 3007/3586 3125/3758 3147/3587
f 2963/3826 2961/3869 3129/3827
f 3129/3827 2961/3869 3135/3874
f 3150/3385 3139/3328 3004/3386
f 3004/3386 3139/3328 3003/3329
f 3148/3505 3149/3443 3006/3504
f 3006/3504 3149/3443 3005/3442
f 2972/3829 3128/3828 2956/3868
f 2956/3868 3128/3828 3162/3875
f 3126/3761 2955/3760 3151/3589
f 3151/3589 2955/3760 3008/3588
f 3153/3444 3152/3506 3010/3445
f 3010/3445 3152/3506 3009/3507
f 3141/3330 3154/3388 3012/3331
f 3012/3331 3154/3388 3011/3387
f 2974/3790 3059/3770 3061/3788
f 3061/3788 3059/3770 2958/3768
f 2996/3324 3060/3304 3062/3322
f 3062/3322 3060/3304 2982/3302
f 2997/3364 3063/3352 3064/3362
f 3064/3362 3063/3352 2983/3350
f 2998/3412 3065/3400 3066/3410
f 3066/3410 3065/3400 2984/3398
f 2999/3460 3067/3448 3068/3458
f 3068/3458 3067/3448 2985/3446
f 3000/3498 3069/3484 3070/3496
f 3070/3496 3069/3484 2986/3482
f 3001/3552 3071/3542 3072/3550
f 3072/3550 3071/3542 2987/3540
f 3002/3606 3073/3594 3074/3604
f 3074/3604 3073/3594 2988/3592
f 3076/3800 3061/3788 3014/3816
f 3014/3816 3061/3788 2958/3768
f 2974/3790 3016/3802 3059/3770
f 3059/3770 3016/3802 3075/3818
f 3016/3802 3076/3800 3075/3818
f 3075/3818 3076/3800 3014/3816
f 3078/3738 3074/3604 3017/3748
f 3017/3748 3074/3604 2988/3592
f 3002/3606 3019/3740 3073/3594
f 3073/3594 3019/3740 3077/3750
f 3019/3740 3078/3738 3077/3750
f 3077/3750 3078/3738 3017/3748
f 3080/3566 3072/3550 3022/3576
f 3022/3576 3072/3550 2987/3540
f 3001/3552 3024/3568 3071/3542
f 3071/3542 3024/3568 3079/3578
f 3024/3568 3080/3566 3079/3578
f 3079/3578 3080/3566 3022/3576
f 3082/3510 3070/3496 3026/3528
f 3026/3528 3070/3496 2986/3482
f 3000/3498 3028/3512 3069/3484
f 3069/3484 3028/3512 3081/3530
f 3028/3512 3082/3510 3081/3530
f 3081/3530 3082/3510 3026/3528
f 3084/3462 3068/3458 3030/3470
f 3030/3470 3068/3458 2985/3446
f 2999/3460 3032/3464 3067/3448
f 3067/3448 3032/3464 3083/3472
f 3032/3464 3084/3462 3083/3472
f 3083/3472 3084/3462 3030/3470
f 3086/3414 3066/3410 3034/3422
f 3034/3422 3066/3410 2984/3398
f 2998/3412 3036/3416 3065/3400
f 3065/3400 3036/3416 3085/3424
f 3036/3416 3086/3414 3085/3424
f 3085/3424 3086/3414 3034/3422
f 3088/3366 3064/3362 3038/3374
f 3038/3374 3064/3362 2983/3350
f 2997/3364 3040/3368 3063/3352
f 3063/3352 3040/3368 3087/3376
f 3040/3368 3088/3366 3087/3376
f 3087/3376 3088/3366 3038/3374
f 3090/3334 3062/3322 3042/3342
f 3042/3342 3062/3322 2982/3302
f 2996/3324 3044/3336 3060/3304
f 3060/3304 3044/3336 3089/3344
f 3044/3336 3090/3334 3089/3344
f 3089/3344 3090/3334 3042/3342
f 3092/3786 3091/3806 2959/3774
f 2959/3774 3091/3806 3013/3822
f 3092/3786 2959/3774 2973/3784
f 2973/3784 2959/3774 3093/3772
f 3095/3602 3094/3744 2975/3598
f 2975/3598 3094/3744 3020/3754
f 3097/3548 3096/3572 2976/3544
f 2976/3544 3096/3572 3021/3580
f 3099/3494 3098/3516 2977/3488
f 2977/3488 3098/3516 3025/3532
f 3101/3456 3100/3468 2978/3452
f 2978/3452 3100/3468 3029/3476
f 3103/3408 3102/3420 2979/3404
f 2979/3404 3102/3420 3033/3428
f 3105/3360 3104/3372 2980/3354
f 2980/3354 3104/3372 3037/3380
f 3108/3320 3106/3340 2981/3308
f 2981/3308 3106/3340 3041/3348
f 3108/3320 2981/3308 2989/3318
f 2989/3318 2981/3308 3107/3306
f 3105/3360 2980/3354 2990/3358
f 2990/3358 2980/3354 3109/3356
f 3103/3408 2979/3404 2991/3406
f 2991/3406 2979/3404 3110/3402
f 3101/3456 2978/3452 2992/3454
f 2992/3454 2978/3452 3111/3450
f 3099/3494 2977/3488 2993/3492
f 2993/3492 2977/3488 3112/3486
f 3097/3548 2976/3544 2994/3546
f 2994/3546 2976/3544 3113/3538
f 3095/3602 2975/3598 2995/3600
f 2995/3600 2975/3598 3114/3596
f 3015/3804 2973/3784 3115/3820
f 3115/3820 2973/3784 3093/3772
f 3015/3804 3115/3820 3091/3806
f 3091/3806 3115/3820 3013/3822
f 3018/3742 2995/3600 3116/3752
f 3116/3752 2995/3600 3114/3596
f 3018/3742 3116/3752 3094/3744
f 3094/3744 3116/3752 3020/3754
f 3023/3570 2994/3546 3117/3574
f 3117/3574 2994/3546 3113/3538
f 3023/3570 3117/3574 3096/3572
f 3096/3572 3117/3574 3021/3580
f 3027/3514 2993/3492 3118/3526
f 3118/3526 2993/3492 3112/3486
f 3027/3514 3118/3526 3098/3516
f 3098/3516 3118/3526 3025/3532
f 3031/3466 2992/3454 3119/3474
f 3119/3474 2992/3454 3111/3450
f 3031/3466 3119/3474 3100/3468
f 3100/3468 3119/3474 3029/3476
f 3035/3418 2991/3406 3120/3426
f 3120/3426 2991/3406 3110/3402
f 3035/3418 3120/3426 3102/3420
f 3102/3420 3120/3426 3033/3428
f 3039/3370 2990/3358 3121/3378
f 3121/3378 2990/3358 3109/3356
f 3039/3370 3121/3378 3104/3372
f 3104/3372 3121/3378 3037/3380
f 3043/3338 2989/3318 3122/3346
f 3122/3346 2989/3318 3107/3306
f 3043/3338 3122/3346 3106/3340
f 3106/3340 3122/3346 3041/3348
f 3124/3778 3123/3810 2955/3760
f 2955/3760 3123/3810 2972/3829
f 3127/3777 3045/3776 2962/3759
f 2962/3759 3045/3776 3125/3758
f 3053/3811 3052/3779 3128/3828
f 3128/3828 3052/3779 3126/3761
f 3046/3808 3130/3809 3129/3827
f 3129/3827 3130/3809 2963/3826
f 3132/3297 3131/3314 2953/3281
f 2953/3281 3131/3314 3012/3331
f 3133/3298 3132/3297 2966/3282
f 2966/3282 3132/3297 2953/3281
f 3124/3778 2955/3760 3052/3779
f 3052/3779 2955/3760 3126/3761
f 3123/3810 3053/3811 2972/3829
f 2972/3829 3053/3811 3128/3828
f 2968/3860 3135/3879 2970/3850
f 2970/3850 3135/3879 3134/3840
f 3136/3852 2960/3842 3137/3862
f 3137/3862 2960/3842 2961/3877
f 3140/3846 3138/3856 2957/3836
f 2957/3836 3138/3856 2956/3876
f 3142/3295 3051/3312 2967/3280
f 2967/3280 3051/3312 3139/3328
f 3058/3315 3133/3298 3141/3330
f 3141/3330 3133/3298 2966/3282
f 3136/3852 2970/3850 2960/3842
f 2960/3842 2970/3850 3134/3840
f 3046/3808 3129/3827 3045/3776
f 3045/3776 3129/3827 3125/3758
f 3144/3525 3143/3563 3009/3507
f 3009/3507 3143/3563 3008/3588
f 3146/3396 3145/3436 3011/3387
f 3011/3387 3145/3436 3010/3445
f 3048/3523 3047/3561 3148/3505
f 3148/3505 3047/3561 3147/3587
f 3050/3394 3049/3434 3150/3385
f 3150/3385 3049/3434 3149/3443
f 3054/3562 3055/3524 3151/3589
f 3151/3589 3055/3524 3152/3506
f 3056/3437 3057/3397 3153/3444
f 3153/3444 3057/3397 3154/3388
f 3047/3561 3156/3560 3147/3587
f 3147/3587 3156/3560 3007/3586
f 3157/3522 3048/3523 3006/3504
f 3006/3504 3048/3523 3148/3505
f 3049/3434 3158/3435 3149/3443
f 3149/3443 3158/3435 3005/3442
f 3159/3395 3050/3394 3004/3386
f 3004/3386 3050/3394 3150/3385
f 3051/3312 3160/3313 3139/3328
f 3139/3328 3160/3313 3003/3329
f 3143/3563 3054/3562 3008/3588
f 3008/3588 3054/3562 3151/3589
f 3055/3524 3144/3525 3152/3506
f 3152/3506 3144/3525 3009/3507
f 3145/3436 3056/3437 3010/3445
f 3010/3445 3056/3437 3153/3444
f 3057/3397 3146/3396 3154/3388
f 3154/3388 3146/3396 3011/3387
f 3131/3314 3058/3315 3012/3331
f 3012/3331 3058/3315 3141/3330
f 3155/3296 3142/3295 2954/3279
f 2954/3279 3142/3295 2967/3280
f 3130/3809 3127/3777 2963/3826
f 2963/3826 3127/3777 2962/3759
f 3160/3313 3155/3296 3003/3329
f 3003/3329 3155/3296 2954/3279
f 3158/3435 3159/3395 3005/3442
f 3005/3442 3159/3395 3004/3386
f 3156/3560 3157/3522 3007/3586
f 3007/3586 3157/3522 3006/3504
f 2971/3848 3140/3846 3161/3838
f 3161/3838 3140/3846 2957/3836
f 2968/3860 3137/3862 3135/3879
f 3135/3879 3137/3862 2961/3877
f 2969/3858 3162/3878 3138/3856
f 3138/3856 3162/3878 2956/3876
f 2969/3858 2971/3848 3162/3878
f 3162/3878 2971/3848 3161/3838
f 3371/3839 3168/3837 3285/3819
f 3285/3819 3168/3837 3224/3817
f 3269/3771 3169/3769 3287/3751
f 3287/3751 3169/3769 3227/3749
f 3371/3839 3372/3864 3344/3841
f 3344/3841 3372/3864 3345/3865
f 3170/3775 3303/3773 3230/3755
f 3230/3755 3303/3773 3326/3753
f 3326/3753 3303/3773 3287/3751
f 3287/3751 3303/3773 3269/3771
f 3349/3327 3177/3283 3351/3332
f 3351/3332 3177/3283 3176/3284
f 3171/3843 3344/3841 3223/3823
f 3223/3823 3344/3841 3325/3821
f 3325/3821 3344/3841 3285/3819
f 3285/3819 3344/3841 3371/3839
f 3336/3764 3338/3832 3335/3763
f 3335/3763 3338/3832 3339/3831
f 3338/3832 3372/3873 3339/3831
f 3339/3831 3372/3873 3345/3871
f 3174/3291 3317/3307 3175/3289
f 3175/3289 3317/3307 3270/3305
f 3332/3347 3319/3357 3299/3345
f 3299/3345 3319/3357 3273/3353
f 3331/3379 3320/3403 3297/3377
f 3297/3377 3320/3403 3275/3401
f 3330/3427 3321/3451 3295/3425
f 3295/3425 3321/3451 3277/3449
f 3329/3475 3322/3487 3293/3473
f 3293/3473 3322/3487 3279/3485
f 3328/3527 3323/3539 3291/3531
f 3291/3531 3323/3539 3281/3543
f 3327/3575 3324/3597 3289/3579
f 3289/3579 3324/3597 3283/3595
f 3191/3309 3317/3307 3164/3293
f 3164/3293 3317/3307 3174/3291
f 3190/3355 3319/3357 3251/3349
f 3251/3349 3319/3357 3332/3347
f 3189/3405 3320/3403 3247/3381
f 3247/3381 3320/3403 3331/3379
f 3188/3453 3321/3451 3243/3429
f 3243/3429 3321/3451 3330/3427
f 3187/3489 3322/3487 3239/3477
f 3239/3477 3322/3487 3329/3475
f 3186/3545 3323/3539 3235/3533
f 3235/3533 3323/3539 3328/3527
f 3185/3599 3324/3597 3231/3581
f 3231/3581 3324/3597 3327/3575
f 3270/3305 3192/3303 3175/3289
f 3175/3289 3192/3303 3163/3287
f 3273/3353 3193/3351 3299/3345
f 3299/3345 3193/3351 3252/3343
f 3275/3401 3194/3399 3297/3377
f 3297/3377 3194/3399 3248/3375
f 3277/3449 3195/3447 3295/3425
f 3295/3425 3195/3447 3244/3423
f 3279/3485 3196/3483 3293/3473
f 3293/3473 3196/3483 3240/3471
f 3281/3543 3197/3541 3291/3531
f 3291/3531 3197/3541 3236/3529
f 3283/3595 3198/3593 3289/3579
f 3289/3579 3198/3593 3232/3577
f 3335/3763 3357/3583 3336/3764
f 3336/3764 3357/3583 3361/3584
f 3357/3583 3358/3501 3361/3584
f 3361/3584 3358/3501 3362/3502
f 3358/3501 3359/3439 3362/3502
f 3362/3502 3359/3439 3363/3440
f 3359/3439 3360/3383 3363/3440
f 3363/3440 3360/3383 3364/3384
f 3360/3383 3349/3327 3364/3384
f 3364/3384 3349/3327 3351/3332
f 3303/3773 3325/3821 3269/3771
f 3269/3771 3325/3821 3285/3819
f 3324/3597 3326/3753 3283/3595
f 3283/3595 3326/3753 3287/3751
f 3323/3539 3327/3575 3281/3543
f 3281/3543 3327/3575 3289/3579
f 3322/3487 3328/3527 3279/3485
f 3279/3485 3328/3527 3291/3531
f 3321/3451 3329/3475 3277/3449
f 3277/3449 3329/3475 3293/3473
f 3320/3403 3330/3427 3275/3401
f 3275/3401 3330/3427 3295/3425
f 3319/3357 3331/3379 3273/3353
f 3273/3353 3331/3379 3297/3377
f 3317/3307 3332/3347 3270/3305
f 3270/3305 3332/3347 3299/3345
f 3172/3762 3217/3582 3335/3763
f 3335/3763 3217/3582 3357/3583
f 3345/3871 2961/3872 3339/3831
f 3339/3831 2961/3872 3173/3830
f 3360/3383 3214/3382 3349/3327
f 3349/3327 3214/3382 3213/3326
f 3358/3501 3216/3500 3359/3439
f 3359/3439 3216/3500 3215/3438
f 2956/3870 3372/3873 3182/3833
f 3182/3833 3372/3873 3338/3832
f 3336/3764 3361/3584 3167/3765
f 3167/3765 3361/3584 3218/3585
f 3363/3440 3220/3441 3362/3502
f 3362/3502 3220/3441 3219/3503
f 3351/3332 3222/3333 3364/3384
f 3364/3384 3222/3333 3221/3389
f 3169/3769 3269/3771 3271/3789
f 3271/3789 3269/3771 3184/3791
f 3192/3303 3270/3305 3272/3323
f 3272/3323 3270/3305 3206/3325
f 3193/3351 3273/3353 3274/3363
f 3274/3363 3273/3353 3207/3365
f 3194/3399 3275/3401 3276/3411
f 3276/3411 3275/3401 3208/3413
f 3195/3447 3277/3449 3278/3459
f 3278/3459 3277/3449 3209/3461
f 3196/3483 3279/3485 3280/3497
f 3280/3497 3279/3485 3210/3499
f 3197/3541 3281/3543 3282/3551
f 3282/3551 3281/3543 3211/3553
f 3198/3593 3283/3595 3284/3605
f 3284/3605 3283/3595 3212/3607
f 3286/3801 3224/3817 3271/3789
f 3271/3789 3224/3817 3169/3769
f 3269/3771 3285/3819 3184/3791
f 3184/3791 3285/3819 3226/3803
f 3226/3803 3285/3819 3286/3801
f 3286/3801 3285/3819 3224/3817
f 3288/3739 3227/3749 3284/3605
f 3284/3605 3227/3749 3198/3593
f 3212/3607 3283/3595 3229/3741
f 3229/3741 3283/3595 3287/3751
f 3229/3741 3287/3751 3288/3739
f 3288/3739 3287/3751 3227/3749
f 3290/3567 3232/3577 3282/3551
f 3282/3551 3232/3577 3197/3541
f 3211/3553 3281/3543 3234/3569
f 3234/3569 3281/3543 3289/3579
f 3234/3569 3289/3579 3290/3567
f 3290/3567 3289/3579 3232/3577
f 3292/3511 3236/3529 3280/3497
f 3280/3497 3236/3529 3196/3483
f 3210/3499 3279/3485 3238/3513
f 3238/3513 3279/3485 3291/3531
f 3238/3513 3291/3531 3292/3511
f 3292/3511 3291/3531 3236/3529
f 3294/3463 3240/3471 3278/3459
f 3278/3459 3240/3471 3195/3447
f 3209/3461 3277/3449 3242/3465
f 3242/3465 3277/3449 3293/3473
f 3242/3465 3293/3473 3294/3463
f 3294/3463 3293/3473 3240/3471
f 3296/3415 3244/3423 3276/3411
f 3276/3411 3244/3423 3194/3399
f 3208/3413 3275/3401 3246/3417
f 3246/3417 3275/3401 3295/3425
f 3246/3417 3295/3425 3296/3415
f 3296/3415 3295/3425 3244/3423
f 3298/3367 3248/3375 3274/3363
f 3274/3363 3248/3375 3193/3351
f 3207/3365 3273/3353 3250/3369
f 3250/3369 3273/3353 3297/3377
f 3250/3369 3297/3377 3298/3367
f 3298/3367 3297/3377 3248/3375
f 3300/3335 3252/3343 3272/3323
f 3272/3323 3252/3343 3192/3303
f 3206/3325 3270/3305 3254/3337
f 3254/3337 3270/3305 3299/3345
f 3254/3337 3299/3345 3300/3335
f 3300/3335 3299/3345 3252/3343
f 3170/3775 3223/3823 3302/3787
f 3302/3787 3223/3823 3301/3807
f 3303/3773 3170/3775 3183/3785
f 3183/3785 3170/3775 3302/3787
f 3305/3603 3185/3599 3304/3745
f 3304/3745 3185/3599 3230/3755
f 3307/3549 3186/3545 3306/3573
f 3306/3573 3186/3545 3231/3581
f 3309/3495 3187/3489 3308/3517
f 3308/3517 3187/3489 3235/3533
f 3311/3457 3188/3453 3310/3469
f 3310/3469 3188/3453 3239/3477
f 3313/3409 3189/3405 3312/3421
f 3312/3421 3189/3405 3243/3429
f 3315/3361 3190/3355 3314/3373
f 3314/3373 3190/3355 3247/3381
f 3318/3321 3191/3309 3316/3341
f 3316/3341 3191/3309 3251/3349
f 3317/3307 3191/3309 3199/3319
f 3199/3319 3191/3309 3318/3321
f 3319/3357 3190/3355 3200/3359
f 3200/3359 3190/3355 3315/3361
f 3320/3403 3189/3405 3201/3407
f 3201/3407 3189/3405 3313/3409
f 3321/3451 3188/3453 3202/3455
f 3202/3455 3188/3453 3311/3457
f 3322/3487 3187/3489 3203/3493
f 3203/3493 3187/3489 3309/3495
f 3323/3539 3186/3545 3204/3547
f 3204/3547 3186/3545 3307/3549
f 3324/3597 3185/3599 3205/3601
f 3205/3601 3185/3599 3305/3603
f 3225/3805 3325/3821 3183/3785
f 3183/3785 3325/3821 3303/3773
f 3223/3823 3325/3821 3301/3807
f 3301/3807 3325/3821 3225/3805
f 3228/3743 3326/3753 3205/3601
f 3205/3601 3326/3753 3324/3597
f 3230/3755 3326/3753 3304/3745
f 3304/3745 3326/3753 3228/3743
f 3233/3571 3327/3575 3204/3547
f 3204/3547 3327/3575 3323/3539
f 3231/3581 3327/3575 3306/3573
f 3306/3573 3327/3575 3233/3571
f 3237/3515 3328/3527 3203/3493
f 3203/3493 3328/3527 3322/3487
f 3235/3533 3328/3527 3308/3517
f 3308/3517 3328/3527 3237/3515
f 3241/3467 3329/3475 3202/3455
f 3202/3455 3329/3475 3321/3451
f 3239/3477 3329/3475 3310/3469
f 3310/3469 3329/3475 3241/3467
f 3245/3419 3330/3427 3201/3407
f 3201/3407 3330/3427 3320/3403
f 3243/3429 3330/3427 3312/3421
f 3312/3421 3330/3427 3245/3419
f 3249/3371 3331/3379 3200/3359
f 3200/3359 3331/3379 3319/3357
f 3247/3381 3331/3379 3314/3373
f 3314/3373 3331/3379 3249/3371
f 3253/3339 3332/3347 3199/3319
f 3199/3319 3332/3347 3317/3307
f 3251/3349 3332/3347 3316/3341
f 3316/3341 3332/3347 3253/3339
f 3167/3765 3182/3833 3334/3783
f 3334/3783 3182/3833 3333/3815
f 3337/3780 3172/3762 3255/3781
f 3255/3781 3172/3762 3335/3763
f 3263/3814 3338/3832 3262/3782
f 3262/3782 3338/3832 3336/3764
f 3256/3813 3339/3831 3340/3812
f 3340/3812 3339/3831 3173/3830
f 3342/3301 3165/3285 3341/3317
f 3341/3317 3165/3285 3222/3333
f 3343/3300 3176/3284 3342/3301
f 3342/3301 3176/3284 3165/3285
f 3262/3782 3336/3764 3334/3783
f 3334/3783 3336/3764 3167/3765
f 3333/3815 3182/3833 3263/3814
f 3263/3814 3182/3833 3338/3832
f 3180/3851 3344/3841 3178/3861
f 3178/3861 3344/3841 3345/3865
f 2961/3867 3171/3843 3347/3863
f 3347/3863 3171/3843 3346/3853
f 3168/3837 2956/3866 3350/3847
f 3350/3847 2956/3866 3348/3857
f 3352/3299 3177/3283 3261/3311
f 3261/3311 3177/3283 3349/3327
f 3268/3316 3351/3332 3343/3300
f 3343/3300 3351/3332 3176/3284
f 3346/3853 3171/3843 3180/3851
f 3180/3851 3171/3843 3344/3841
f 3335/3763 3339/3831 3255/3781
f 3255/3781 3339/3831 3256/3813
f 3354/3521 3219/3503 3353/3559
f 3353/3559 3219/3503 3218/3585
f 3356/3393 3221/3389 3355/3433
f 3355/3433 3221/3389 3220/3441
f 3258/3519 3358/3501 3257/3557
f 3257/3557 3358/3501 3357/3583
f 3260/3391 3360/3383 3259/3431
f 3259/3431 3360/3383 3359/3439
f 3264/3558 3361/3584 3265/3520
f 3265/3520 3361/3584 3362/3502
f 3266/3432 3363/3440 3267/3392
f 3267/3392 3363/3440 3364/3384
f 3257/3557 3357/3583 3366/3556
f 3366/3556 3357/3583 3217/3582
f 3367/3518 3216/3500 3258/3519
f 3258/3519 3216/3500 3358/3501
f 3259/3431 3359/3439 3368/3430
f 3368/3430 3359/3439 3215/3438
f 3369/3390 3214/3382 3260/3391
f 3260/3391 3214/3382 3360/3383
f 3261/3311 3349/3327 3370/3310
f 3370/3310 3349/3327 3213/3326
f 3353/3559 3218/3585 3264/3558
f 3264/3558 3218/3585 3361/3584
f 3265/3520 3362/3502 3354/3521
f 3354/3521 3362/3502 3219/3503
f 3355/3433 3220/3441 3266/3432
f 3266/3432 3220/3441 3363/3440
f 3267/3392 3364/3384 3356/3393
f 3356/3393 3364/3384 3221/3389
f 3341/3317 3222/3333 3268/3316
f 3268/3316 3222/3333 3351/3332
f 3365/3294 3166/3278 3352/3299
f 3352/3299 3166/3278 3177/3283
f 3340/3812 3173/3830 3337/3780
f 3337/3780 3173/3830 3172/3762
f 3370/3310 3213/3326 3365/3294
f 3365/3294 3213/3326 3166/3278
f 3368/3430 3215/3438 3369/3390
f 3369/3390 3215/3438 3214/3382
f 3366/3556 3217/3582 3367/3518
f 3367/3518 3217/3582 3216/3500
f 3181/3849 3371/3839 3350/3847
f 3350/3847 3371/3839 3168/3837
f 3178/3861 3345/3865 3347/3863
f 3347/3863 3345/3865 2961/3867
f 3348/3857 2956/3866 3179/3859
f 3179/3859 2956/3866 3372/3864
f 3372/3864 3371/3839 3179/3859
f 3179/3859 3371/3839 3181/3849
f 2951/3286 2965/3288 3163/3287
f 3163/3287 2965/3288 3175/3289
f 3123/3732 3124/3669 3333/3733
f 3333/3733 3124/3669 3334/3671
f 3091/3806 3092/3786 3301/3807
f 3301/3807 3092/3786 3302/3787
f 2957/3836 3014/3816 3168/3837
f 3168/3837 3014/3816 3224/3817
f 3131/3688 3132/3626 3341/3689
f 3341/3689 3132/3626 3342/3627
f 2952/3292 2981/3308 3164/3293
f 3164/3293 2981/3308 3191/3309
f 3017/3748 3227/3749 2958/3768
f 2958/3768 3227/3749 3169/3769
f 2964/3290 2952/3292 3174/3291
f 3174/3291 2952/3292 3164/3293
f 2965/3288 2964/3290 3175/3289
f 3175/3289 2964/3290 3174/3291
f 3132/3657 3133/3719 3342/3656
f 3342/3656 3133/3719 3343/3718
f 2967/3672 2966/3590 3177/3673
f 3177/3673 2966/3590 3176/3591
f 3137/3862 3347/3863 3136/3852
f 3136/3852 3347/3863 3346/3853
f 3138/3856 3140/3846 3348/3857
f 3348/3857 3140/3846 3350/3847
f 3094/3744 3095/3602 3304/3745
f 3304/3745 3095/3602 3305/3603
f 3096/3572 3097/3548 3306/3573
f 3306/3573 3097/3548 3307/3549
f 3098/3516 3099/3494 3308/3517
f 3308/3517 3099/3494 3309/3495
f 3100/3468 3101/3456 3310/3469
f 3310/3469 3101/3456 3311/3457
f 3102/3420 3103/3408 3312/3421
f 3312/3421 3103/3408 3313/3409
f 3104/3372 3105/3360 3314/3373
f 3314/3373 3105/3360 3315/3361
f 3106/3340 3108/3320 3316/3341
f 3316/3341 3108/3320 3318/3321
f 2982/3302 2951/3286 3192/3303
f 3192/3303 2951/3286 3163/3287
f 2983/3350 3042/3342 3193/3351
f 3193/3351 3042/3342 3252/3343
f 2984/3398 3038/3374 3194/3399
f 3194/3399 3038/3374 3248/3375
f 2985/3446 3034/3422 3195/3447
f 3195/3447 3034/3422 3244/3423
f 2986/3482 3030/3470 3196/3483
f 3196/3483 3030/3470 3240/3471
f 2987/3540 3026/3528 3197/3541
f 3197/3541 3026/3528 3236/3529
f 2988/3592 3022/3576 3198/3593
f 3198/3593 3022/3576 3232/3577
f 3143/3677 3144/3615 3353/3680
f 3353/3680 3144/3615 3354/3618
f 3145/3736 3146/3608 3355/3737
f 3355/3737 3146/3608 3356/3609
f 3142/3641 3155/3703 3352/3640
f 3352/3640 3155/3703 3365/3702
f 3130/3728 3340/3726 3127/3665
f 3127/3665 3340/3726 3337/3664
f 3155/3630 3160/3692 3365/3628
f 3365/3628 3160/3692 3370/3690
f 3159/3616 3158/3678 3369/3614
f 3369/3614 3158/3678 3368/3676
f 3156/3684 3366/3682 3157/3622
f 3157/3622 3366/3682 3367/3620
f 2960/3842 3171/3843 3013/3822
f 3013/3822 3171/3843 3223/3823
f 3061/3788 3076/3800 3271/3789
f 3271/3789 3076/3800 3286/3801
f 3078/3738 3288/3739 3074/3604
f 3074/3604 3288/3739 3284/3605
f 3020/3754 2959/3774 3230/3755
f 3230/3755 2959/3774 3170/3775
f 3021/3580 2975/3598 3231/3581
f 3231/3581 2975/3598 3185/3599
f 3080/3566 3290/3567 3072/3550
f 3072/3550 3290/3567 3282/3551
f 3025/3532 2976/3544 3235/3533
f 3235/3533 2976/3544 3186/3545
f 3070/3496 3082/3510 3280/3497
f 3280/3497 3082/3510 3292/3511
f 3029/3476 2977/3488 3239/3477
f 3239/3477 2977/3488 3187/3489
f 3068/3458 3084/3462 3278/3459
f 3278/3459 3084/3462 3294/3463
f 3033/3428 2978/3452 3243/3429
f 3243/3429 2978/3452 3188/3453
f 3066/3410 3086/3414 3276/3411
f 3276/3411 3086/3414 3296/3415
f 3037/3380 2979/3404 3247/3381
f 3247/3381 2979/3404 3189/3405
f 3064/3362 3088/3366 3274/3363
f 3274/3363 3088/3366 3298/3367
f 3041/3348 2980/3354 3251/3349
f 3251/3349 2980/3354 3190/3355
f 3062/3322 3090/3334 3272/3323
f 3272/3323 3090/3334 3300/3335
f 2961/3799 2963/3792 3173/3795
f 3007/3834 3217/3835 2962/3844
f 2962/3844 3217/3835 3172/3845
f 3004/3766 3003/3756 3214/3767
f 3214/3767 3003/3756 3213/3757
f 3006/3824 3005/3796 3216/3825
f 3216/3825 3005/3796 3215/3797
f 2972/3793 2956/3798 3182/3794
f 3008/3490 2955/3480 3218/3491
f 3218/3491 2955/3480 3167/3481
f 3010/3534 3009/3508 3220/3535
f 3220/3535 3009/3508 3219/3509
f 3012/3554 3011/3536 3222/3555
f 3222/3555 3011/3536 3221/3537
f 2974/3790 3061/3788 3184/3791
f 3184/3791 3061/3788 3271/3789
f 2996/3324 3062/3322 3206/3325
f 3206/3325 3062/3322 3272/3323
f 2997/3364 3064/3362 3207/3365
f 3207/3365 3064/3362 3274/3363
f 2998/3412 3066/3410 3208/3413
f 3208/3413 3066/3410 3276/3411
f 2999/3460 3068/3458 3209/3461
f 3209/3461 3068/3458 3278/3459
f 3000/3498 3070/3496 3210/3499
f 3210/3499 3070/3496 3280/3497
f 3001/3552 3072/3550 3211/3553
f 3211/3553 3072/3550 3282/3551
f 3002/3606 3074/3604 3212/3607
f 3212/3607 3074/3604 3284/3605
f 3014/3816 2958/3768 3224/3817
f 3224/3817 2958/3768 3169/3769
f 3016/3802 2974/3790 3226/3803
f 3226/3803 2974/3790 3184/3791
f 3076/3800 3016/3802 3286/3801
f 3286/3801 3016/3802 3226/3803
f 3017/3748 2988/3592 3227/3749
f 3227/3749 2988/3592 3198/3593
f 3019/3740 3002/3606 3229/3741
f 3229/3741 3002/3606 3212/3607
f 3078/3738 3019/3740 3288/3739
f 3288/3739 3019/3740 3229/3741
f 3022/3576 2987/3540 3232/3577
f 3232/3577 2987/3540 3197/3541
f 3024/3568 3001/3552 3234/3569
f 3234/3569 3001/3552 3211/3553
f 3080/3566 3024/3568 3290/3567
f 3290/3567 3024/3568 3234/3569
f 3026/3528 2986/3482 3236/3529
f 3236/3529 2986/3482 3196/3483
f 3028/3512 3000/3498 3238/3513
f 3238/3513 3000/3498 3210/3499
f 3082/3510 3028/3512 3292/3511
f 3292/3511 3028/3512 3238/3513
f 3030/3470 2985/3446 3240/3471
f 3240/3471 2985/3446 3195/3447
f 3032/3464 2999/3460 3242/3465
f 3242/3465 2999/3460 3209/3461
f 3084/3462 3032/3464 3294/3463
f 3294/3463 3032/3464 3242/3465
f 3034/3422 2984/3398 3244/3423
f 3244/3423 2984/3398 3194/3399
f 3036/3416 2998/3412 3246/3417
f 3246/3417 2998/3412 3208/3413
f 3086/3414 3036/3416 3296/3415
f 3296/3415 3036/3416 3246/3417
f 3038/3374 2983/3350 3248/3375
f 3248/3375 2983/3350 3193/3351
f 3040/3368 2997/3364 3250/3369
f 3250/3369 2997/3364 3207/3365
f 3088/3366 3040/3368 3298/3367
f 3298/3367 3040/3368 3250/3369
f 3042/3342 2982/3302 3252/3343
f 3252/3343 2982/3302 3192/3303
f 3044/3336 2996/3324 3254/3337
f 3254/3337 2996/3324 3206/3325
f 3090/3334 3044/3336 3300/3335
f 3300/3335 3044/3336 3254/3337
f 3013/3822 3223/3823 2959/3774
f 2959/3774 3223/3823 3170/3775
f 3092/3786 2973/3784 3302/3787
f 3302/3787 2973/3784 3183/3785
f 2975/3598 3020/3754 3185/3599
f 3185/3599 3020/3754 3230/3755
f 3021/3580 3231/3581 2976/3544
f 2976/3544 3231/3581 3186/3545
f 2977/3488 3025/3532 3187/3489
f 3187/3489 3025/3532 3235/3533
f 2978/3452 3029/3476 3188/3453
f 3188/3453 3029/3476 3239/3477
f 2979/3404 3033/3428 3189/3405
f 3189/3405 3033/3428 3243/3429
f 2980/3354 3037/3380 3190/3355
f 3190/3355 3037/3380 3247/3381
f 2981/3308 3041/3348 3191/3309
f 3191/3309 3041/3348 3251/3349
f 3108/3320 2989/3318 3318/3321
f 3318/3321 2989/3318 3199/3319
f 3105/3360 2990/3358 3315/3361
f 3315/3361 2990/3358 3200/3359
f 3103/3408 2991/3406 3313/3409
f 3313/3409 2991/3406 3201/3407
f 3101/3456 2992/3454 3311/3457
f 3311/3457 2992/3454 3202/3455
f 3099/3494 2993/3492 3309/3495
f 3309/3495 2993/3492 3203/3493
f 3097/3548 2994/3546 3307/3549
f 3307/3549 2994/3546 3204/3547
f 3095/3602 2995/3600 3305/3603
f 3305/3603 2995/3600 3205/3601
f 2973/3784 3015/3804 3183/3785
f 3183/3785 3015/3804 3225/3805
f 3015/3804 3091/3806 3225/3805
f 3225/3805 3091/3806 3301/3807
f 3018/3742 3228/3743 2995/3600
f 2995/3600 3228/3743 3205/3601
f 3018/3742 3094/3744 3228/3743
f 3228/3743 3094/3744 3304/3745
f 3023/3570 3233/3571 2994/3546
f 2994/3546 3233/3571 3204/3547
f 3023/3570 3096/3572 3233/3571
f 3233/3571 3096/3572 3306/3573
f 2993/3492 3027/3514 3203/3493
f 3203/3493 3027/3514 3237/3515
f 3027/3514 3098/3516 3237/3515
f 3237/3515 3098/3516 3308/3517
f 2992/3454 3031/3466 3202/3455
f 3202/3455 3031/3466 3241/3467
f 3031/3466 3100/3468 3241/3467
f 3241/3467 3100/3468 3310/3469
f 2991/3406 3035/3418 3201/3407
f 3201/3407 3035/3418 3245/3419
f 3035/3418 3102/3420 3245/3419
f 3245/3419 3102/3420 3312/3421
f 2990/3358 3039/3370 3200/3359
f 3200/3359 3039/3370 3249/3371
f 3039/3370 3104/3372 3249/3371
f 3249/3371 3104/3372 3314/3373
f 2989/3318 3043/3338 3199/3319
f 3199/3319 3043/3338 3253/3339
f 3043/3338 3106/3340 3253/3339
f 3253/3339 3106/3340 3316/3341
f 2972/3478 3182/3479 2955/3480
f 2955/3480 3182/3479 3167/3481
f 3045/3645 3127/3707 3255/3644
f 3255/3644 3127/3707 3337/3706
f 3053/3730 3263/3727 3052/3668
f 3052/3668 3263/3727 3262/3666
f 3130/3708 3046/3646 3340/3710
f 3340/3710 3046/3646 3256/3648
f 2953/3564 3012/3554 3165/3565
f 3165/3565 3012/3554 3222/3555
f 2966/3590 2953/3564 3176/3591
f 3176/3591 2953/3564 3165/3565
f 3124/3663 3052/3725 3334/3662
f 3334/3662 3052/3725 3262/3723
f 3053/3721 3123/3659 3263/3724
f 3263/3724 3123/3659 3333/3661
f 2968/3860 2970/3850 3178/3861
f 3178/3861 2970/3850 3180/3851
f 2961/3877 2960/3842 3171/3843
f 2957/3836 2956/3866 3168/3837
f 3051/3691 3142/3629 3261/3694
f 3261/3694 3142/3629 3352/3632
f 3133/3619 3058/3681 3343/3617
f 3343/3617 3058/3681 3268/3679
f 2970/3850 3136/3852 3180/3851
f 3180/3851 3136/3852 3346/3853
f 3046/3729 3045/3667 3256/3731
f 3256/3731 3045/3667 3255/3670
f 3008/3490 3218/3491 3009/3508
f 3009/3508 3218/3491 3219/3509
f 3011/3536 3010/3534 3221/3537
f 3221/3537 3010/3534 3220/3535
f 3047/3683 3048/3621 3257/3685
f 3257/3685 3048/3621 3258/3623
f 3050/3612 3260/3613 3049/3674
f 3049/3674 3260/3613 3259/3675
f 3054/3687 3264/3686 3055/3625
f 3055/3625 3264/3686 3265/3624
f 3057/3611 3056/3735 3267/3610
f 3267/3610 3056/3735 3266/3734
f 3156/3697 3047/3635 3366/3699
f 3366/3699 3047/3635 3257/3637
f 3048/3643 3157/3705 3258/3642
f 3258/3642 3157/3705 3367/3704
f 3158/3693 3049/3631 3368/3696
f 3368/3696 3049/3631 3259/3634
f 3050/3639 3159/3701 3260/3638
f 3260/3638 3159/3701 3369/3700
f 3160/3695 3051/3633 3370/3698
f 3370/3698 3051/3633 3261/3636
f 3054/3713 3143/3651 3264/3715
f 3264/3715 3143/3651 3353/3653
f 3144/3660 3055/3722 3354/3658
f 3354/3658 3055/3722 3265/3720
f 3056/3709 3145/3647 3266/3712
f 3266/3712 3145/3647 3355/3650
f 3146/3655 3057/3717 3356/3654
f 3356/3654 3057/3717 3267/3716
f 3058/3711 3131/3649 3268/3714
f 3268/3714 3131/3649 3341/3652
f 2954/3746 2967/3672 3166/3747
f 3166/3747 2967/3672 3177/3673
f 2963/3854 2962/3844 3173/3855
f 3173/3855 2962/3844 3172/3845
f 3003/3756 2954/3746 3213/3757
f 3213/3757 2954/3746 3166/3747
f 3005/3796 3004/3766 3215/3797
f 3215/3797 3004/3766 3214/3767
f 3007/3834 3006/3824 3217/3835
f 3217/3835 3006/3824 3216/3825
f 3140/3846 2971/3848 3350/3847
f 3350/3847 2971/3848 3181/3849
f 3137/3862 2968/3860 3347/3863
f 3347/3863 2968/3860 3178/3861
f 2969/3858 3138/3856 3179/3859
f 3179/3859 3138/3856 3348/3857
f 2969/3858 3179/3859 2971/3848
f 2971/3848 3179/3859 3181/3849
f 3583/4444 3379/4442 3497/4428
f 3497/4428 3379/4442 3436/4426
f 3481/4388 3380/4386 3499/4330
f 3499/4330 3380/4386 3439/4328
f 3583/4444 3584/4475 3556/4446
f 3556/4446 3584/4475 3557/4477
f 3381/4392 3515/4390 3442/4334
f 3442/4334 3515/4390 3538/4332
f 3538/4332 3515/4390 3499/4330
f 3499/4330 3515/4390 3481/4388
f 3561/3931 3389/3882 3563/3932
f 3563/3932 3389/3882 3388/3883
f 3382/4448 3556/4446 3435/4432
f 3435/4432 3556/4446 3537/4430
f 3537/4430 3556/4446 3497/4428
f 3497/4428 3556/4446 3583/4444
f 3548/4380 3550/4436 3547/4379
f 3547/4379 3550/4436 3551/4435
f 3550/4436 3584/4467 3551/4435
f 3551/4435 3584/4467 3557/4468
f 3386/3892 3529/3908 3387/3890
f 3387/3890 3529/3908 3482/3906
f 3544/3948 3531/3958 3511/3946
f 3511/3946 3531/3958 3485/3954
f 3543/3980 3532/4004 3509/3978
f 3509/3978 3532/4004 3487/4002
f 3542/4028 3533/4052 3507/4026
f 3507/4026 3533/4052 3489/4050
f 3541/4076 3534/4084 3505/4074
f 3505/4074 3534/4084 3491/4082
f 3540/4120 3535/4128 3503/4124
f 3503/4124 3535/4128 3493/4132
f 3539/4160 3536/4234 3501/4164
f 3501/4164 3536/4234 3495/4232
f 3403/3910 3529/3908 3374/3894
f 3374/3894 3529/3908 3386/3892
f 3402/3956 3531/3958 3463/3950
f 3463/3950 3531/3958 3544/3948
f 3401/4006 3532/4004 3459/3982
f 3459/3982 3532/4004 3543/3980
f 3400/4054 3533/4052 3455/4030
f 3455/4030 3533/4052 3542/4028
f 3399/4086 3534/4084 3451/4078
f 3451/4078 3534/4084 3541/4076
f 3398/4134 3535/4128 3447/4126
f 3447/4126 3535/4128 3540/4120
f 3397/4236 3536/4234 3443/4166
f 3443/4166 3536/4234 3539/4160
f 3482/3906 3404/3904 3387/3890
f 3387/3890 3404/3904 3373/3888
f 3485/3954 3405/3952 3511/3946
f 3511/3946 3405/3952 3464/3944
f 3487/4002 3406/4000 3509/3978
f 3509/3978 3406/4000 3460/3976
f 3489/4050 3407/4048 3507/4026
f 3507/4026 3407/4048 3456/4024
f 3491/4082 3408/4080 3505/4074
f 3505/4074 3408/4080 3452/4072
f 3493/4132 3409/4130 3503/4124
f 3503/4124 3409/4130 3448/4122
f 3495/4232 3410/4230 3501/4164
f 3501/4164 3410/4230 3444/4162
f 3547/4379 3569/4173 3548/4380
f 3548/4380 3569/4173 3573/4175
f 3569/4173 3570/4101 3573/4175
f 3573/4175 3570/4101 3574/4102
f 3570/4101 3571/4045 3574/4102
f 3574/4102 3571/4045 3575/4046
f 3571/4045 3572/3987 3575/4046
f 3575/4046 3572/3987 3576/3989
f 3572/3987 3561/3931 3576/3989
f 3576/3989 3561/3931 3563/3932
f 3515/4390 3537/4430 3481/4388
f 3481/4388 3537/4430 3497/4428
f 3536/4234 3538/4332 3495/4232
f 3495/4232 3538/4332 3499/4330
f 3535/4128 3539/4160 3493/4132
f 3493/4132 3539/4160 3501/4164
f 3534/4084 3540/4120 3491/4082
f 3491/4082 3540/4120 3503/4124
f 3533/4052 3541/4076 3489/4050
f 3489/4050 3541/4076 3505/4074
f 3532/4004 3542/4028 3487/4002
f 3487/4002 3542/4028 3507/4026
f 3531/3958 3543/3980 3485/3954
f 3485/3954 3543/3980 3509/3978
f 3529/3908 3544/3948 3482/3906
f 3482/3906 3544/3948 3511/3946
f 3384/4378 3429/4172 3547/4379
f 3547/4379 3429/4172 3569/4173
f 3557/4468 3383/4469 3551/4435
f 3551/4435 3383/4469 3385/4434
f 3572/3987 3426/3988 3561/3931
f 3561/3931 3426/3988 3425/3930
f 3570/4101 3428/4100 3571/4045
f 3571/4045 3428/4100 3427/4044
f 3394/4437 3378/4466 3550/4436
f 3550/4436 3378/4466 3584/4467
f 3548/4380 3573/4175 3377/4381
f 3377/4381 3573/4175 3430/4174
f 3575/4046 3432/4047 3574/4102
f 3574/4102 3432/4047 3431/4103
f 3563/3932 3434/3933 3576/3989
f 3576/3989 3434/3933 3433/3990
f 3380/4386 3481/4388 3483/4406
f 3483/4406 3481/4388 3396/4408
f 3404/3904 3482/3906 3484/3924
f 3484/3924 3482/3906 3418/3926
f 3405/3952 3485/3954 3486/3964
f 3486/3964 3485/3954 3419/3966
f 3406/4000 3487/4002 3488/4012
f 3488/4012 3487/4002 3420/4014
f 3407/4048 3489/4050 3490/4060
f 3490/4060 3489/4050 3421/4062
f 3408/4080 3491/4082 3492/4092
f 3492/4092 3491/4082 3422/4094
f 3409/4130 3493/4132 3494/4140
f 3494/4140 3493/4132 3423/4142
f 3410/4230 3495/4232 3496/4258
f 3496/4258 3495/4232 3424/4260
f 3498/4410 3436/4426 3483/4406
f 3483/4406 3436/4426 3380/4386
f 3396/4408 3481/4388 3438/4412
f 3438/4412 3481/4388 3497/4428
f 3438/4412 3497/4428 3498/4410
f 3498/4410 3497/4428 3436/4426
f 3500/4310 3439/4328 3496/4258
f 3496/4258 3439/4328 3410/4230
f 3424/4260 3495/4232 3441/4312
f 3441/4312 3495/4232 3499/4330
f 3441/4312 3499/4330 3500/4310
f 3500/4310 3499/4330 3439/4328
f 3502/4152 3444/4162 3494/4140
f 3494/4140 3444/4162 3409/4130
f 3423/4142 3493/4132 3446/4154
f 3446/4154 3493/4132 3501/4164
f 3446/4154 3501/4164 3502/4152
f 3502/4152 3501/4164 3444/4162
f 3504/4104 3448/4122 3492/4092
f 3492/4092 3448/4122 3408/4080
f 3422/4094 3491/4082 3450/4106
f 3450/4106 3491/4082 3503/4124
f 3450/4106 3503/4124 3504/4104
f 3504/4104 3503/4124 3448/4122
f 3506/4064 3452/4072 3490/4060
f 3490/4060 3452/4072 3407/4048
f 3421/4062 3489/4050 3454/4066
f 3454/4066 3489/4050 3505/4074
f 3454/4066 3505/4074 3506/4064
f 3506/4064 3505/4074 3452/4072
f 3508/4016 3456/4024 3488/4012
f 3488/4012 3456/4024 3406/4000
f 3420/4014 3487/4002 3458/4018
f 3458/4018 3487/4002 3507/4026
f 3458/4018 3507/4026 3508/4016
f 3508/4016 3507/4026 3456/4024
f 3510/3968 3460/3976 3486/3964
f 3486/3964 3460/3976 3405/3952
f 3419/3966 3485/3954 3462/3970
f 3462/3970 3485/3954 3509/3978
f 3462/3970 3509/3978 3510/3968
f 3510/3968 3509/3978 3460/3976
f 3512/3936 3464/3944 3484/3924
f 3484/3924 3464/3944 3404/3904
f 3418/3926 3482/3906 3466/3938
f 3466/3938 3482/3906 3511/3946
f 3466/3938 3511/3946 3512/3936
f 3512/3936 3511/3946 3464/3944
f 3514/4404 3381/4392 3513/4416
f 3513/4416 3381/4392 3435/4432
f 3515/4390 3381/4392 3395/4402
f 3395/4402 3381/4392 3514/4404
f 3517/4254 3397/4236 3516/4316
f 3516/4316 3397/4236 3442/4334
f 3519/4138 3398/4134 3518/4158
f 3518/4158 3398/4134 3443/4166
f 3521/4090 3399/4086 3520/4110
f 3520/4110 3399/4086 3447/4126
f 3523/4058 3400/4054 3522/4070
f 3522/4070 3400/4054 3451/4078
f 3525/4010 3401/4006 3524/4022
f 3524/4022 3401/4006 3455/4030
f 3527/3962 3402/3956 3526/3974
f 3526/3974 3402/3956 3459/3982
f 3530/3922 3403/3910 3528/3942
f 3528/3942 3403/3910 3463/3950
f 3529/3908 3403/3910 3411/3920
f 3411/3920 3403/3910 3530/3922
f 3531/3958 3402/3956 3412/3960
f 3412/3960 3402/3956 3527/3962
f 3532/4004 3401/4006 3413/4008
f 3413/4008 3401/4006 3525/4010
f 3533/4052 3400/4054 3414/4056
f 3414/4056 3400/4054 3523/4058
f 3534/4084 3399/4086 3415/4088
f 3415/4088 3399/4086 3521/4090
f 3535/4128 3398/4134 3416/4136
f 3416/4136 3398/4134 3519/4138
f 3536/4234 3397/4236 3417/4252
f 3417/4252 3397/4236 3517/4254
f 3437/4414 3537/4430 3395/4402
f 3395/4402 3537/4430 3515/4390
f 3435/4432 3537/4430 3513/4416
f 3513/4416 3537/4430 3437/4414
f 3440/4314 3538/4332 3417/4252
f 3417/4252 3538/4332 3536/4234
f 3442/4334 3538/4332 3516/4316
f 3516/4316 3538/4332 3440/4314
f 3445/4156 3539/4160 3416/4136
f 3416/4136 3539/4160 3535/4128
f 3443/4166 3539/4160 3518/4158
f 3518/4158 3539/4160 3445/4156
f 3449/4108 3540/4120 3415/4088
f 3415/4088 3540/4120 3534/4084
f 3447/4126 3540/4120 3520/4110
f 3520/4110 3540/4120 3449/4108
f 3453/4068 3541/4076 3414/4056
f 3414/4056 3541/4076 3533/4052
f 3451/4078 3541/4076 3522/4070
f 3522/4070 3541/4076 3453/4068
f 3457/4020 3542/4028 3413/4008
f 3413/4008 3542/4028 3532/4004
f 3455/4030 3542/4028 3524/4022
f 3524/4022 3542/4028 3457/4020
f 3461/3972 3543/3980 3412/3960
f 3412/3960 3543/3980 3531/3958
f 3459/3982 3543/3980 3526/3974
f 3526/3974 3543/3980 3461/3972
f 3465/3940 3544/3948 3411/3920
f 3411/3920 3544/3948 3529/3908
f 3463/3950 3544/3948 3528/3942
f 3528/3942 3544/3948 3465/3940
f 3546/4397 3377/4381 3545/4420
f 3545/4420 3377/4381 3394/4437
f 3549/4394 3384/4378 3467/4395
f 3467/4395 3384/4378 3547/4379
f 3475/4421 3550/4436 3474/4396
f 3474/4396 3550/4436 3548/4380
f 3468/4418 3551/4435 3552/4419
f 3552/4419 3551/4435 3385/4434
f 3554/3900 3375/3884 3553/3916
f 3553/3916 3375/3884 3434/3933
f 3555/3899 3388/3883 3554/3900
f 3554/3900 3388/3883 3375/3884
f 3548/4380 3377/4381 3474/4396
f 3474/4396 3377/4381 3546/4397
f 3545/4420 3394/4437 3475/4421
f 3475/4421 3394/4437 3550/4436
f 3556/4446 3557/4477 3392/4454
f 3392/4454 3557/4477 3390/4462
f 3383/4479 3382/4448 3559/4464
f 3559/4464 3382/4448 3558/4456
f 3562/4450 3379/4442 3560/4458
f 3560/4458 3379/4442 3378/4474
f 3564/3898 3389/3882 3473/3914
f 3473/3914 3389/3882 3561/3931
f 3480/3917 3563/3932 3555/3899
f 3555/3899 3563/3932 3388/3883
f 3558/4456 3382/4448 3392/4454
f 3392/4454 3382/4448 3556/4446
f 3547/4379 3551/4435 3467/4395
f 3467/4395 3551/4435 3468/4418
f 3566/4119 3431/4103 3565/4150
f 3565/4150 3431/4103 3430/4174
f 3568/3998 3433/3990 3567/4038
f 3567/4038 3433/3990 3432/4047
f 3470/4117 3570/4101 3469/4148
f 3469/4148 3570/4101 3569/4173
f 3472/3997 3572/3987 3471/4037
f 3471/4037 3572/3987 3571/4045
f 3476/4151 3573/4175 3477/4118
f 3477/4118 3573/4175 3574/4102
f 3478/4039 3575/4046 3479/3999
f 3479/3999 3575/4046 3576/3989
f 3469/4148 3569/4173 3578/4149
f 3578/4149 3569/4173 3429/4172
f 3579/4116 3428/4100 3470/4117
f 3470/4117 3428/4100 3570/4101
f 3471/4037 3571/4045 3580/4036
f 3580/4036 3571/4045 3427/4044
f 3581/3996 3426/3988 3472/3997
f 3472/3997 3426/3988 3572/3987
f 3473/3914 3561/3931 3582/3915
f 3582/3915 3561/3931 3425/3930
f 3565/4150 3430/4174 3476/4151
f 3476/4151 3430/4174 3573/4175
f 3477/4118 3574/4102 3566/4119
f 3566/4119 3574/4102 3431/4103
f 3567/4038 3432/4047 3478/4039
f 3478/4039 3432/4047 3575/4046
f 3479/3999 3576/3989 3568/3998
f 3568/3998 3576/3989 3433/3990
f 3553/3916 3434/3933 3480/3917
f 3480/3917 3434/3933 3563/3932
f 3577/3897 3376/3881 3564/3898
f 3564/3898 3376/3881 3389/3882
f 3552/4419 3385/4434 3549/4394
f 3549/4394 3385/4434 3384/4378
f 3582/3915 3425/3930 3577/3897
f 3577/3897 3425/3930 3376/3881
f 3580/4036 3427/4044 3581/3996
f 3581/3996 3427/4044 3426/3988
f 3578/4149 3429/4172 3579/4116
f 3579/4116 3429/4172 3428/4100
f 3393/4452 3583/4444 3562/4450
f 3562/4450 3583/4444 3379/4442
f 3390/4462 3557/4477 3559/4464
f 3559/4464 3557/4477 3383/4479
f 3378/4474 3584/4475 3560/4458
f 3560/4458 3584/4475 3391/4460
f 3391/4460 3584/4475 3393/4452
f 3393/4452 3584/4475 3583/4444
f 3646/4427 3590/4443 3707/4429
f 3707/4429 3590/4443 3793/4445
f 3649/4329 3591/4387 3709/4331
f 3709/4331 3591/4387 3691/4389
f 3793/4445 3766/4447 3794/4476
f 3794/4476 3766/4447 3767/4478
f 3748/4333 3725/4391 3652/4335
f 3652/4335 3725/4391 3592/4393
f 3748/4333 3709/4331 3725/4391
f 3725/4391 3709/4331 3691/4389
f 3771/3929 3773/3934 3599/3885
f 3599/3885 3773/3934 3598/3886
f 3747/4431 3766/4447 3645/4433
f 3645/4433 3766/4447 3593/4449
f 3747/4431 3707/4429 3766/4447
f 3766/4447 3707/4429 3793/4445
f 3758/4384 3757/4383 3760/4440
f 3760/4440 3757/4383 3761/4439
f 3760/4440 3761/4439 3794/4472
f 3794/4472 3761/4439 3767/4471
f 3596/3893 3597/3891 3739/3909
f 3739/3909 3597/3891 3692/3907
f 3754/3949 3721/3947 3741/3959
f 3741/3959 3721/3947 3695/3955
f 3753/3981 3719/3979 3742/4005
f 3742/4005 3719/3979 3697/4003
f 3752/4029 3717/4027 3743/4053
f 3743/4053 3717/4027 3699/4051
f 3751/4077 3715/4075 3744/4085
f 3744/4085 3715/4075 3701/4083
f 3750/4121 3713/4125 3745/4129
f 3745/4129 3713/4125 3703/4133
f 3749/4161 3711/4165 3746/4235
f 3746/4235 3711/4165 3705/4233
f 3596/3893 3739/3909 3586/3895
f 3586/3895 3739/3909 3613/3911
f 3754/3949 3741/3959 3673/3951
f 3673/3951 3741/3959 3612/3957
f 3753/3981 3742/4005 3669/3983
f 3669/3983 3742/4005 3611/4007
f 3752/4029 3743/4053 3665/4031
f 3665/4031 3743/4053 3610/4055
f 3751/4077 3744/4085 3661/4079
f 3661/4079 3744/4085 3609/4087
f 3750/4121 3745/4129 3657/4127
f 3657/4127 3745/4129 3608/4135
f 3749/4161 3746/4235 3653/4167
f 3653/4167 3746/4235 3607/4237
f 3585/3889 3614/3905 3597/3891
f 3597/3891 3614/3905 3692/3907
f 3674/3945 3615/3953 3721/3947
f 3721/3947 3615/3953 3695/3955
f 3670/3977 3616/4001 3719/3979
f 3719/3979 3616/4001 3697/4003
f 3666/4025 3617/4049 3717/4027
f 3717/4027 3617/4049 3699/4051
f 3662/4073 3618/4081 3715/4075
f 3715/4075 3618/4081 3701/4083
f 3658/4123 3619/4131 3713/4125
f 3713/4125 3619/4131 3703/4133
f 3654/4163 3620/4231 3711/4165
f 3711/4165 3620/4231 3705/4233
f 3757/4383 3758/4384 3779/4169
f 3779/4169 3758/4384 3783/4170
f 3779/4169 3783/4170 3780/4097
f 3780/4097 3783/4170 3784/4098
f 3780/4097 3784/4098 3781/4041
f 3781/4041 3784/4098 3785/4042
f 3781/4041 3785/4042 3782/3985
f 3782/3985 3785/4042 3786/3986
f 3782/3985 3786/3986 3771/3929
f 3771/3929 3786/3986 3773/3934
f 3725/4391 3691/4389 3747/4431
f 3747/4431 3691/4389 3707/4429
f 3746/4235 3705/4233 3748/4333
f 3748/4333 3705/4233 3709/4331
f 3745/4129 3703/4133 3749/4161
f 3749/4161 3703/4133 3711/4165
f 3744/4085 3701/4083 3750/4121
f 3750/4121 3701/4083 3713/4125
f 3743/4053 3699/4051 3751/4077
f 3751/4077 3699/4051 3715/4075
f 3742/4005 3697/4003 3752/4029
f 3752/4029 3697/4003 3717/4027
f 3741/3959 3695/3955 3753/3981
f 3753/3981 3695/3955 3719/3979
f 3739/3909 3692/3907 3754/3949
f 3754/3949 3692/3907 3721/3947
f 3594/4382 3757/4383 3639/4168
f 3639/4168 3757/4383 3779/4169
f 3595/4438 3383/4473 3761/4439
f 3761/4439 3383/4473 3767/4471
f 3782/3985 3771/3929 3636/3984
f 3636/3984 3771/3929 3635/3928
f 3780/4097 3781/4041 3638/4096
f 3638/4096 3781/4041 3637/4040
f 3760/4440 3794/4472 3604/4441
f 3604/4441 3794/4472 3378/4470
f 3758/4384 3589/4385 3783/4170
f 3783/4170 3589/4385 3640/4171
f 3785/4042 3784/4098 3642/4043
f 3642/4043 3784/4098 3641/4099
f 3773/3934 3786/3986 3644/3935
f 3644/3935 3786/3986 3643/3991
f 3606/4409 3691/4389 3693/4407
f 3693/4407 3691/4389 3591/4387
f 3628/3927 3692/3907 3694/3925
f 3694/3925 3692/3907 3614/3905
f 3629/3967 3695/3955 3696/3965
f 3696/3965 3695/3955 3615/3953
f 3630/4015 3697/4003 3698/4013
f 3698/4013 3697/4003 3616/4001
f 3631/4063 3699/4051 3700/4061
f 3700/4061 3699/4051 3617/4049
f 3632/4095 3701/4083 3702/4093
f 3702/4093 3701/4083 3618/4081
f 3633/4143 3703/4133 3704/4141
f 3704/4141 3703/4133 3619/4131
f 3634/4261 3705/4233 3706/4259
f 3706/4259 3705/4233 3620/4231
f 3708/4411 3693/4407 3646/4427
f 3646/4427 3693/4407 3591/4387
f 3648/4413 3707/4429 3606/4409
f 3606/4409 3707/4429 3691/4389
f 3648/4413 3708/4411 3707/4429
f 3707/4429 3708/4411 3646/4427
f 3710/4311 3706/4259 3649/4329
f 3649/4329 3706/4259 3620/4231
f 3634/4261 3651/4313 3705/4233
f 3705/4233 3651/4313 3709/4331
f 3651/4313 3710/4311 3709/4331
f 3709/4331 3710/4311 3649/4329
f 3712/4153 3704/4141 3654/4163
f 3654/4163 3704/4141 3619/4131
f 3633/4143 3656/4155 3703/4133
f 3703/4133 3656/4155 3711/4165
f 3656/4155 3712/4153 3711/4165
f 3711/4165 3712/4153 3654/4163
f 3714/4105 3702/4093 3658/4123
f 3658/4123 3702/4093 3618/4081
f 3632/4095 3660/4107 3701/4083
f 3701/4083 3660/4107 3713/4125
f 3660/4107 3714/4105 3713/4125
f 3713/4125 3714/4105 3658/4123
f 3716/4065 3700/4061 3662/4073
f 3662/4073 3700/4061 3617/4049
f 3631/4063 3664/4067 3699/4051
f 3699/4051 3664/4067 3715/4075
f 3664/4067 3716/4065 3715/4075
f 3715/4075 3716/4065 3662/4073
f 3718/4017 3698/4013 3666/4025
f 3666/4025 3698/4013 3616/4001
f 3630/4015 3668/4019 3697/4003
f 3697/4003 3668/4019 3717/4027
f 3668/4019 3718/4017 3717/4027
f 3717/4027 3718/4017 3666/4025
f 3720/3969 3696/3965 3670/3977
f 3670/3977 3696/3965 3615/3953
f 3629/3967 3672/3971 3695/3955
f 3695/3955 3672/3971 3719/3979
f 3672/3971 3720/3969 3719/3979
f 3719/3979 3720/3969 3670/3977
f 3722/3937 3694/3925 3674/3945
f 3674/3945 3694/3925 3614/3905
f 3628/3927 3676/3939 3692/3907
f 3692/3907 3676/3939 3721/3947
f 3676/3939 3722/3937 3721/3947
f 3721/3947 3722/3937 3674/3945
f 3723/4417 3645/4433 3724/4405
f 3724/4405 3645/4433 3592/4393
f 3724/4405 3592/4393 3605/4403
f 3605/4403 3592/4393 3725/4391
f 3727/4255 3726/4317 3607/4237
f 3607/4237 3726/4317 3652/4335
f 3729/4139 3728/4159 3608/4135
f 3608/4135 3728/4159 3653/4167
f 3731/4091 3730/4111 3609/4087
f 3609/4087 3730/4111 3657/4127
f 3733/4059 3732/4071 3610/4055
f 3610/4055 3732/4071 3661/4079
f 3735/4011 3734/4023 3611/4007
f 3611/4007 3734/4023 3665/4031
f 3737/3963 3736/3975 3612/3957
f 3612/3957 3736/3975 3669/3983
f 3740/3923 3738/3943 3613/3911
f 3613/3911 3738/3943 3673/3951
f 3740/3923 3613/3911 3621/3921
f 3621/3921 3613/3911 3739/3909
f 3737/3963 3612/3957 3622/3961
f 3622/3961 3612/3957 3741/3959
f 3735/4011 3611/4007 3623/4009
f 3623/4009 3611/4007 3742/4005
f 3733/4059 3610/4055 3624/4057
f 3624/4057 3610/4055 3743/4053
f 3731/4091 3609/4087 3625/4089
f 3625/4089 3609/4087 3744/4085
f 3729/4139 3608/4135 3626/4137
f 3626/4137 3608/4135 3745/4129
f 3727/4255 3607/4237 3627/4253
f 3627/4253 3607/4237 3746/4235
f 3647/4415 3605/4403 3747/4431
f 3747/4431 3605/4403 3725/4391
f 3647/4415 3747/4431 3723/4417
f 3723/4417 3747/4431 3645/4433
f 3650/4315 3627/4253 3748/4333
f 3748/4333 3627/4253 3746/4235
f 3650/4315 3748/4333 3726/4317
f 3726/4317 3748/4333 3652/4335
f 3655/4157 3626/4137 3749/4161
f 3749/4161 3626/4137 3745/4129
f 3655/4157 3749/4161 3728/4159
f 3728/4159 3749/4161 3653/4167
f 3659/4109 3625/4089 3750/4121
f 3750/4121 3625/4089 3744/4085
f 3659/4109 3750/4121 3730/4111
f 3730/4111 3750/4121 3657/4127
f 3663/4069 3624/4057 3751/4077
f 3751/4077 3624/4057 3743/4053
f 3663/4069 3751/4077 3732/4071
f 3732/4071 3751/4077 3661/4079
f 3667/4021 3623/4009 3752/4029
f 3752/4029 3623/4009 3742/4005
f 3667/4021 3752/4029 3734/4023
f 3734/4023 3752/4029 3665/4031
f 3671/3973 3622/3961 3753/3981
f 3753/3981 3622/3961 3741/3959
f 3671/3973 3753/3981 3736/3975
f 3736/3975 3753/3981 3669/3983
f 3675/3941 3621/3921 3754/3949
f 3754/3949 3621/3921 3739/3909
f 3675/3941 3754/3949 3738/3943
f 3738/3943 3754/3949 3673/3951
f 3755/4425 3604/4441 3756/4401
f 3756/4401 3604/4441 3589/4385
f 3759/4398 3677/4399 3594/4382
f 3594/4382 3677/4399 3757/4383
f 3685/4424 3684/4400 3760/4440
f 3760/4440 3684/4400 3758/4384
f 3678/4423 3762/4422 3761/4439
f 3761/4439 3762/4422 3595/4438
f 3764/3903 3763/3919 3587/3887
f 3587/3887 3763/3919 3644/3935
f 3765/3902 3764/3903 3598/3886
f 3598/3886 3764/3903 3587/3887
f 3684/4400 3756/4401 3758/4384
f 3758/4384 3756/4401 3589/4385
f 3755/4425 3685/4424 3604/4441
f 3604/4441 3685/4424 3760/4440
f 3602/4455 3600/4463 3766/4447
f 3766/4447 3600/4463 3767/4478
f 3768/4457 3593/4449 3769/4465
f 3769/4465 3593/4449 3383/4479
f 3770/4459 3378/4474 3772/4451
f 3772/4451 3378/4474 3590/4443
f 3774/3901 3683/3913 3599/3885
f 3599/3885 3683/3913 3771/3929
f 3690/3918 3765/3902 3773/3934
f 3773/3934 3765/3902 3598/3886
f 3768/4457 3602/4455 3593/4449
f 3593/4449 3602/4455 3766/4447
f 3678/4423 3761/4439 3677/4399
f 3677/4399 3761/4439 3757/4383
f 3776/4115 3775/4147 3641/4099
f 3641/4099 3775/4147 3640/4171
f 3778/3995 3777/4035 3643/3991
f 3643/3991 3777/4035 3642/4043
f 3680/4113 3679/4145 3780/4097
f 3780/4097 3679/4145 3779/4169
f 3682/3993 3681/4033 3782/3985
f 3782/3985 3681/4033 3781/4041
f 3686/4146 3687/4114 3783/4170
f 3783/4170 3687/4114 3784/4098
f 3688/4034 3689/3994 3785/4042
f 3785/4042 3689/3994 3786/3986
f 3679/4145 3788/4144 3779/4169
f 3779/4169 3788/4144 3639/4168
f 3789/4112 3680/4113 3638/4096
f 3638/4096 3680/4113 3780/4097
f 3681/4033 3790/4032 3781/4041
f 3781/4041 3790/4032 3637/4040
f 3791/3992 3682/3993 3636/3984
f 3636/3984 3682/3993 3782/3985
f 3683/3913 3792/3912 3771/3929
f 3771/3929 3792/3912 3635/3928
f 3775/4147 3686/4146 3640/4171
f 3640/4171 3686/4146 3783/4170
f 3687/4114 3776/4115 3784/4098
f 3784/4098 3776/4115 3641/4099
f 3777/4035 3688/4034 3642/4043
f 3642/4043 3688/4034 3785/4042
f 3689/3994 3778/3995 3786/3986
f 3786/3986 3778/3995 3643/3991
f 3763/3919 3690/3918 3644/3935
f 3644/3935 3690/3918 3773/3934
f 3787/3896 3774/3901 3588/3880
f 3588/3880 3774/3901 3599/3885
f 3762/4422 3759/4398 3595/4438
f 3595/4438 3759/4398 3594/4382
f 3792/3912 3787/3896 3635/3928
f 3635/3928 3787/3896 3588/3880
f 3790/4032 3791/3992 3637/4040
f 3637/4040 3791/3992 3636/3984
f 3788/4144 3789/4112 3639/4168
f 3639/4168 3789/4112 3638/4096
f 3603/4453 3772/4451 3793/4445
f 3793/4445 3772/4451 3590/4443
f 3600/4463 3769/4465 3767/4478
f 3767/4478 3769/4465 3383/4479
f 3770/4459 3601/4461 3378/4474
f 3378/4474 3601/4461 3794/4476
f 3603/4453 3793/4445 3601/4461
f 3601/4461 3793/4445 3794/4476
f 3373/3888 3585/3889 3387/3890
f 3387/3890 3585/3889 3597/3891
f 3545/4364 3755/4361 3546/4365
f 3546/4365 3755/4361 3756/4362
f 3513/4416 3723/4417 3514/4404
f 3514/4404 3723/4417 3724/4405
f 3379/4442 3590/4443 3436/4426
f 3436/4426 3590/4443 3646/4427
f 3553/4201 3763/4195 3554/4202
f 3554/4202 3763/4195 3764/4197
f 3374/3894 3586/3895 3403/3910
f 3403/3910 3586/3895 3613/3911
f 3591/4387 3649/4329 3380/4386
f 3380/4386 3649/4329 3439/4328
f 3386/3892 3596/3893 3374/3894
f 3374/3894 3596/3893 3586/3895
f 3387/3890 3597/3891 3386/3892
f 3386/3892 3597/3891 3596/3893
f 3554/4308 3764/4321 3555/4306
f 3555/4306 3764/4321 3765/4319
f 3389/4289 3599/4288 3388/4267
f 3388/4267 3599/4288 3598/4266
f 3768/4457 3769/4465 3558/4456
f 3558/4456 3769/4465 3559/4464
f 3560/4458 3770/4459 3562/4450
f 3562/4450 3770/4459 3772/4451
f 3516/4316 3726/4317 3517/4254
f 3517/4254 3726/4317 3727/4255
f 3518/4158 3728/4159 3519/4138
f 3519/4138 3728/4159 3729/4139
f 3520/4110 3730/4111 3521/4090
f 3521/4090 3730/4111 3731/4091
f 3522/4070 3732/4071 3523/4058
f 3523/4058 3732/4071 3733/4059
f 3524/4022 3734/4023 3525/4010
f 3525/4010 3734/4023 3735/4011
f 3526/3974 3736/3975 3527/3962
f 3527/3962 3736/3975 3737/3963
f 3528/3942 3738/3943 3530/3922
f 3530/3922 3738/3943 3740/3923
f 3404/3904 3614/3905 3373/3888
f 3373/3888 3614/3905 3585/3889
f 3405/3952 3615/3953 3464/3944
f 3464/3944 3615/3953 3674/3945
f 3406/4000 3616/4001 3460/3976
f 3460/3976 3616/4001 3670/3977
f 3407/4048 3617/4049 3456/4024
f 3456/4024 3617/4049 3666/4025
f 3408/4080 3618/4081 3452/4072
f 3452/4072 3618/4081 3662/4073
f 3409/4130 3619/4131 3448/4122
f 3448/4122 3619/4131 3658/4123
f 3410/4230 3620/4231 3444/4162
f 3444/4162 3620/4231 3654/4163
f 3565/4214 3775/4211 3566/4215
f 3566/4215 3775/4211 3776/4213
f 3567/4371 3777/4366 3568/4373
f 3568/4373 3777/4366 3778/4367
f 3564/4264 3774/4273 3577/4262
f 3577/4262 3774/4273 3787/4271
f 3759/4357 3762/4355 3549/4350
f 3549/4350 3762/4355 3552/4348
f 3577/4185 3787/4191 3582/4183
f 3582/4183 3787/4191 3792/4189
f 3581/4177 3791/4180 3580/4176
f 3580/4176 3791/4180 3790/4179
f 3789/4226 3788/4224 3579/4223
f 3579/4223 3788/4224 3578/4221
f 3645/4433 3593/4449 3435/4432
f 3435/4432 3593/4449 3382/4448
f 3483/4406 3693/4407 3498/4410
f 3498/4410 3693/4407 3708/4411
f 3706/4259 3710/4311 3496/4258
f 3496/4258 3710/4311 3500/4310
f 3442/4334 3652/4335 3381/4392
f 3381/4392 3652/4335 3592/4393
f 3443/4166 3653/4167 3397/4236
f 3397/4236 3653/4167 3607/4237
f 3704/4141 3712/4153 3494/4140
f 3494/4140 3712/4153 3502/4152
f 3447/4126 3657/4127 3398/4134
f 3398/4134 3657/4127 3608/4135
f 3492/4092 3702/4093 3504/4104
f 3504/4104 3702/4093 3714/4105
f 3451/4078 3661/4079 3399/4086
f 3399/4086 3661/4079 3609/4087
f 3490/4060 3700/4061 3506/4064
f 3506/4064 3700/4061 3716/4065
f 3455/4030 3665/4031 3400/4054
f 3400/4054 3665/4031 3610/4055
f 3488/4012 3698/4013 3508/4016
f 3508/4016 3698/4013 3718/4017
f 3459/3982 3669/3983 3401/4006
f 3401/4006 3669/3983 3611/4007
f 3486/3964 3696/3965 3510/3968
f 3510/3968 3696/3965 3720/3969
f 3463/3950 3673/3951 3402/3956
f 3402/3956 3673/3951 3612/3957
f 3484/3924 3694/3925 3512/3936
f 3512/3936 3694/3925 3722/3937
f 3383/4347 3595/4275 3385/4268
f 3594/4368 3639/4358 3384/4369
f 3384/4369 3639/4358 3429/4359
f 3426/4323 3636/4322 3425/4305
f 3425/4305 3636/4322 3635/4304
f 3428/4353 3638/4352 3427/4341
f 3427/4341 3638/4352 3637/4340
f 3394/4269 3604/4274 3378/4346
f 3430/4199 3640/4198 3377/4193
f 3377/4193 3640/4198 3589/4192
f 3432/4219 3642/4218 3431/4209
f 3431/4209 3642/4218 3641/4208
f 3434/4243 3644/4242 3433/4229
f 3433/4229 3644/4242 3643/4228
f 3396/4408 3606/4409 3483/4406
f 3483/4406 3606/4409 3693/4407
f 3418/3926 3628/3927 3484/3924
f 3484/3924 3628/3927 3694/3925
f 3419/3966 3629/3967 3486/3964
f 3486/3964 3629/3967 3696/3965
f 3420/4014 3630/4015 3488/4012
f 3488/4012 3630/4015 3698/4013
f 3421/4062 3631/4063 3490/4060
f 3490/4060 3631/4063 3700/4061
f 3422/4094 3632/4095 3492/4092
f 3492/4092 3632/4095 3702/4093
f 3423/4142 3633/4143 3494/4140
f 3494/4140 3633/4143 3704/4141
f 3424/4260 3634/4261 3496/4258
f 3496/4258 3634/4261 3706/4259
f 3436/4426 3646/4427 3380/4386
f 3380/4386 3646/4427 3591/4387
f 3438/4412 3648/4413 3396/4408
f 3396/4408 3648/4413 3606/4409
f 3498/4410 3708/4411 3438/4412
f 3438/4412 3708/4411 3648/4413
f 3439/4328 3649/4329 3410/4230
f 3410/4230 3649/4329 3620/4231
f 3441/4312 3651/4313 3424/4260
f 3424/4260 3651/4313 3634/4261
f 3500/4310 3710/4311 3441/4312
f 3441/4312 3710/4311 3651/4313
f 3444/4162 3654/4163 3409/4130
f 3409/4130 3654/4163 3619/4131
f 3446/4154 3656/4155 3423/4142
f 3423/4142 3656/4155 3633/4143
f 3502/4152 3712/4153 3446/4154
f 3446/4154 3712/4153 3656/4155
f 3448/4122 3658/4123 3408/4080
f 3408/4080 3658/4123 3618/4081
f 3450/4106 3660/4107 3422/4094
f 3422/4094 3660/4107 3632/4095
f 3504/4104 3714/4105 3450/4106
f 3450/4106 3714/4105 3660/4107
f 3452/4072 3662/4073 3407/4048
f 3407/4048 3662/4073 3617/4049
f 3454/4066 3664/4067 3421/4062
f 3421/4062 3664/4067 3631/4063
f 3506/4064 3716/4065 3454/4066
f 3454/4066 3716/4065 3664/4067
f 3456/4024 3666/4025 3406/4000
f 3406/4000 3666/4025 3616/4001
f 3458/4018 3668/4019 3420/4014
f 3420/4014 3668/4019 3630/4015
f 3508/4016 3718/4017 3458/4018
f 3458/4018 3718/4017 3668/4019
f 3460/3976 3670/3977 3405/3952
f 3405/3952 3670/3977 3615/3953
f 3462/3970 3672/3971 3419/3966
f 3419/3966 3672/3971 3629/3967
f 3510/3968 3720/3969 3462/3970
f 3462/3970 3720/3969 3672/3971
f 3464/3944 3674/3945 3404/3904
f 3404/3904 3674/3945 3614/3905
f 3466/3938 3676/3939 3418/3926
f 3418/3926 3676/3939 3628/3927
f 3512/3936 3722/3937 3466/3938
f 3466/3938 3722/3937 3676/3939
f 3592/4393 3645/4433 3381/4392
f 3381/4392 3645/4433 3435/4432
f 3514/4404 3724/4405 3395/4402
f 3395/4402 3724/4405 3605/4403
f 3397/4236 3607/4237 3442/4334
f 3442/4334 3607/4237 3652/4335
f 3608/4135 3653/4167 3398/4134
f 3398/4134 3653/4167 3443/4166
f 3399/4086 3609/4087 3447/4126
f 3447/4126 3609/4087 3657/4127
f 3400/4054 3610/4055 3451/4078
f 3451/4078 3610/4055 3661/4079
f 3401/4006 3611/4007 3455/4030
f 3455/4030 3611/4007 3665/4031
f 3402/3956 3612/3957 3459/3982
f 3459/3982 3612/3957 3669/3983
f 3403/3910 3613/3911 3463/3950
f 3463/3950 3613/3911 3673/3951
f 3530/3922 3740/3923 3411/3920
f 3411/3920 3740/3923 3621/3921
f 3527/3962 3737/3963 3412/3960
f 3412/3960 3737/3963 3622/3961
f 3525/4010 3735/4011 3413/4008
f 3413/4008 3735/4011 3623/4009
f 3523/4058 3733/4059 3414/4056
f 3414/4056 3733/4059 3624/4057
f 3521/4090 3731/4091 3415/4088
f 3415/4088 3731/4091 3625/4089
f 3519/4138 3729/4139 3416/4136
f 3416/4136 3729/4139 3626/4137
f 3517/4254 3727/4255 3417/4252
f 3417/4252 3727/4255 3627/4253
f 3395/4402 3605/4403 3437/4414
f 3437/4414 3605/4403 3647/4415
f 3437/4414 3647/4415 3513/4416
f 3513/4416 3647/4415 3723/4417
f 3627/4253 3650/4315 3417/4252
f 3417/4252 3650/4315 3440/4314
f 3440/4314 3650/4315 3516/4316
f 3516/4316 3650/4315 3726/4317
f 3626/4137 3655/4157 3416/4136
f 3416/4136 3655/4157 3445/4156
f 3445/4156 3655/4157 3518/4158
f 3518/4158 3655/4157 3728/4159
f 3415/4088 3625/4089 3449/4108
f 3449/4108 3625/4089 3659/4109
f 3449/4108 3659/4109 3520/4110
f 3520/4110 3659/4109 3730/4111
f 3414/4056 3624/4057 3453/4068
f 3453/4068 3624/4057 3663/4069
f 3453/4068 3663/4069 3522/4070
f 3522/4070 3663/4069 3732/4071
f 3413/4008 3623/4009 3457/4020
f 3457/4020 3623/4009 3667/4021
f 3457/4020 3667/4021 3524/4022
f 3524/4022 3667/4021 3734/4023
f 3412/3960 3622/3961 3461/3972
f 3461/3972 3622/3961 3671/3973
f 3461/3972 3671/3973 3526/3974
f 3526/3974 3671/3973 3736/3975
f 3411/3920 3621/3921 3465/3940
f 3465/3940 3621/3921 3675/3941
f 3465/3940 3675/3941 3528/3942
f 3528/3942 3675/3941 3738/3943
f 3589/4192 3604/4186 3377/4193
f 3377/4193 3604/4186 3394/4187
f 3467/4279 3677/4282 3549/4278
f 3549/4278 3677/4282 3759/4280
f 3684/4351 3685/4349 3474/4345
f 3474/4345 3685/4349 3475/4342
f 3552/4284 3762/4281 3468/4287
f 3468/4287 3762/4281 3678/4283
f 3375/4257 3587/4256 3434/4243
f 3434/4243 3587/4256 3644/4242
f 3388/4267 3598/4266 3375/4257
f 3375/4257 3598/4266 3587/4256
f 3546/4339 3756/4344 3474/4336
f 3474/4336 3756/4344 3684/4343
f 3475/4337 3685/4324 3545/4338
f 3545/4338 3685/4324 3755/4326
f 3390/4462 3600/4463 3392/4454
f 3392/4454 3600/4463 3602/4455
f 3383/4479 3593/4449 3382/4448
f 3379/4442 3590/4443 3378/4474
f 3473/4194 3683/4188 3564/4196
f 3564/4196 3683/4188 3774/4190
f 3555/4203 3765/4204 3480/4200
f 3480/4200 3765/4204 3690/4206
f 3392/4454 3602/4455 3558/4456
f 3558/4456 3602/4455 3768/4457
f 3468/4360 3678/4354 3467/4363
f 3467/4363 3678/4354 3677/4356
f 3641/4208 3640/4198 3431/4209
f 3431/4209 3640/4198 3430/4199
f 3433/4229 3643/4228 3432/4219
f 3432/4219 3643/4228 3642/4218
f 3469/4220 3679/4216 3470/4222
f 3470/4222 3679/4216 3680/4217
f 3681/4178 3682/4181 3471/4182
f 3471/4182 3682/4181 3472/4184
f 3687/4212 3686/4210 3477/4207
f 3477/4207 3686/4210 3476/4205
f 3479/4372 3689/4377 3478/4370
f 3478/4370 3689/4377 3688/4376
f 3578/4248 3788/4245 3469/4251
f 3469/4251 3788/4245 3679/4247
f 3470/4272 3680/4277 3579/4270
f 3579/4270 3680/4277 3789/4276
f 3580/4238 3790/4227 3471/4240
f 3471/4240 3790/4227 3681/4225
f 3472/4250 3682/4265 3581/4249
f 3581/4249 3682/4265 3791/4263
f 3582/4244 3792/4239 3473/4246
f 3473/4246 3792/4239 3683/4241
f 3476/4300 3686/4295 3565/4303
f 3565/4303 3686/4295 3775/4297
f 3566/4320 3776/4327 3477/4318
f 3477/4318 3776/4327 3687/4325
f 3478/4290 3688/4285 3567/4291
f 3567/4291 3688/4285 3777/4286
f 3568/4302 3778/4309 3479/4301
f 3479/4301 3778/4309 3689/4307
f 3480/4294 3690/4292 3553/4296
f 3553/4296 3690/4292 3763/4293
f 3376/4299 3588/4298 3389/4289
f 3389/4289 3588/4298 3599/4288
f 3385/4375 3595/4374 3384/4369
f 3384/4369 3595/4374 3594/4368
f 3425/4305 3635/4304 3376/4299
f 3376/4299 3635/4304 3588/4298
f 3427/4341 3637/4340 3426/4323
f 3426/4323 3637/4340 3636/4322
f 3429/4359 3639/4358 3428/4353
f 3428/4353 3639/4358 3638/4352
f 3562/4450 3772/4451 3393/4452
f 3393/4452 3772/4451 3603/4453
f 3559/4464 3769/4465 3390/4462
f 3390/4462 3769/4465 3600/4463
f 3391/4460 3601/4461 3560/4458
f 3560/4458 3601/4461 3770/4459
f 3603/4453 3601/4461 3393/4452
f 3393/4452 3601/4461 3391/4460
