mtllib material.mtl
s 0
usemtl Material
v -13.79996109008789 9.999999974752427e-07 8.504376411437988
v 14.052803039550781 9.999999974752427e-07 8.504376411437988
v -13.79996109008789 3.0403270721435547 8.504376411437988
v 14.052803039550781 3.0403270721435547 8.504376411437988
v -13.79996109008789 3.0403249263763428 -8.875746726989746
v 14.052803039550781 3.0403249263763428 -8.875746726989746
v -13.79996109008789 -9.999999974752427e-07 -8.875746726989746
v 14.052803039550781 -9.999999974752427e-07 -8.875746726989746
v -13.79996109008789 3.0403261184692383 -7.50344705581665
v -13.79996109008789 -9.999999974752427e-07 -7.503452777862549
v 14.052803039550781 -9.999999974752427e-07 -7.503452777862549
v 14.052803039550781 3.0403261184692383 -7.50344705581665
v -13.79996109008789 3.0403261184692383 3.8583619594573975
v -13.799957275390625 0.0 3.8583600521087646
v 14.052801132202148 0.0 3.8583600521087646
v 14.052803039550781 3.0403261184692383 3.8583619594573975
v 12.328521728515625 9.999999974752427e-07 8.504376411437988
v 12.328521728515625 3.0403270721435547 8.504376411437988
v 12.328516006469727 3.0403261184692383 3.8583619594573975
v 12.256696701049805 3.0403261184692383 -6.282520771026611
v 12.328521728515625 3.0403249263763428 -8.875746726989746
v 12.328521728515625 -9.999999974752427e-07 -8.875746726989746
v 12.25670337677002 -0.0 -6.282526016235352
v 12.328519821166992 0.0 3.8583600521087646
v -12.178878784179688 9.999999974752427e-07 8.504376411437988
v -12.178878784179688 3.040328025817871 8.504376411437988
v -12.178871154785156 3.0403261184692383 3.8583619594573975
v -12.178871154785156 3.0403261184692383 -6.330399990081787
v -12.178878784179688 3.0403261184692383 -8.875746726989746
v -12.178878784179688 -9.999999974752427e-07 -8.875746726989746
v -12.178878784179688 -0.0 -6.330406188964844
v -12.178878784179688 0.0 3.8583600521087646
v -13.799957275390625 -0.0 -3.0828208923339844
v -13.79996109008789 3.0403261184692383 -3.0828170776367188
v -12.178871154785156 3.0403261184692383 -3.0828170776367188
v 12.328516006469727 3.0403261184692383 -3.0828170776367188
v 14.052803039550781 3.0403261184692383 -3.0828170776367188
v 14.052801132202148 -0.0 -3.0828208923339844
v 12.328519821166992 -0.0 -3.0828208923339844
v -12.178878784179688 -0.0 -3.0828208923339844
v -13.79996109008789 3.0403261184692383 1.1439379453659058
v -13.799957275390625 0.0 1.143934965133667
v -12.178878784179688 0.0 1.143934965133667
v 12.328519821166992 0.0 1.143934965133667
v 14.052801132202148 0.0 1.143934965133667
v 14.052803039550781 3.0403261184692383 1.1439379453659058
v 12.328516006469727 3.0403261184692383 1.1439379453659058
v -12.178871154785156 3.0403261184692383 1.1439379453659058
v -8.417449951171875 3.0403261184692383 3.8583619594573975
v -9.668071746826172 3.040328025817871 8.504376411437988
v -9.668071746826172 9.999999974752427e-07 8.504376411437988
v -8.417461395263672 0.0 3.8583600521087646
v -8.321701049804688 -0.0 -0.48396700620651245
v -8.321701049804688 -0.0 -1.5267390012741089
v -8.417461395263672 -9.999999974752427e-07 -7.503452777862549
v -8.417461395263672 -9.999999974752427e-07 -8.875746726989746
v -8.417461395263672 3.0403261184692383 -8.875746726989746
v -8.417449951171875 3.0403261184692383 -7.50344705581665
v 8.295646667480469 3.0403261184692383 3.8583619594573975
v 9.367597579956055 3.0403270721435547 8.504376411437988
v 9.367597579956055 9.999999974752427e-07 8.504376411437988
v 8.295646667480469 0.0 3.8583600521087646
v 8.295646667480469 -0.0 -0.507906973361969
v 8.295646667480469 -0.0 -1.6464370489120483
v 8.295646667480469 -9.999999974752427e-07 -7.503452777862549
v 8.295646667480469 -9.999999974752427e-07 -8.875746726989746
v 8.295646667480469 3.0403249263763428 -8.875746726989746
v 8.295646667480469 3.0403261184692383 -7.50344705581665
v 6.783329010009766 3.0403270721435547 8.504376411437988
v 6.783329010009766 3.0403261184692383 3.8583619594573975
v 6.783329010009766 3.0403261184692383 -7.503448009490967
v 6.783329010009766 3.0403249263763428 -8.875746726989746
v 6.783329010009766 -9.999999974752427e-07 -8.875746726989746
v 6.783329010009766 -9.999999974752427e-07 -7.503452777862549
v 6.783329010009766 -0.0 -3.0828208923339844
v 6.783327102661133 0.0 1.143934965133667
v 6.783327102661133 0.0 3.8583600521087646
v 6.783329010009766 9.999999974752427e-07 8.504376411437988
v -6.5949320793151855 3.040328025817871 8.504376411437988
v -6.5949249267578125 3.0403261184692383 3.8583619594573975
v -6.5949249267578125 3.0403261184692383 -7.50344705581665
v -6.5949320793151855 3.0403261184692383 -8.875746726989746
v -6.5949320793151855 -9.999999974752427e-07 -8.875746726989746
v -6.5949320793151855 -9.999999974752427e-07 -7.503452777862549
v -6.5949320793151855 -0.0 -3.0828208923339844
v -6.5949320793151855 0.0 1.143934965133667
v -6.5949320793151855 0.0 3.8583600521087646
v -6.5949320793151855 9.999999974752427e-07 8.504376411437988
v -7.680697917938232 3.040328025817871 8.504376411437988
v -7.680686950683594 3.0403261184692383 3.8583619594573975
v -7.680686950683594 3.0403261184692383 -7.50344705581665
v -7.680697917938232 3.0403261184692383 -8.875746726989746
v -7.680697917938232 -9.999999974752427e-07 -8.875746726989746
v -7.680697917938232 -9.999999974752427e-07 -7.503452777862549
v -7.680697917938232 -0.0 -2.6519060134887695
v -7.680697917938232 0.0 0.7369589805603027
v -7.680697917938232 0.0 3.8583600521087646
v -7.680697917938232 9.999999974752427e-07 8.504376411437988
v 7.403770923614502 3.0403261184692383 3.8583619594573975
v 7.403770923614502 3.0403270721435547 8.504376411437988
v 7.403770923614502 9.999999974752427e-07 8.504376411437988
v 7.403770923614502 0.0 3.8583600521087646
v 7.403770923614502 0.0 0.6651399731636047
v 7.403770923614502 -0.0 -2.7476649284362793
v 7.403770923614502 -9.999999974752427e-07 -7.503452777862549
v 7.403770923614502 -9.999999974752427e-07 -8.875746726989746
v 7.403770923614502 3.0403249263763428 -8.875746726989746
v 7.403770923614502 3.0403261184692383 -7.50344705581665
v -13.79996109008789 3.0403261184692383 4.478805065155029
v -13.799957275390625 0.0 4.4788031578063965
v -12.178878784179688 0.0 4.4788031578063965
v -8.804553985595703 0.0 4.4788031578063965
v -7.680697917938232 0.0 4.4788031578063965
v -6.5949320793151855 0.0 4.4788031578063965
v 6.783327102661133 0.0 4.4788031578063965
v 7.403770923614502 0.0 4.4788031578063965
v 8.593411445617676 0.0 4.4788031578063965
v 12.328519821166992 0.0 4.4788031578063965
v 14.052801132202148 0.0 4.4788031578063965
v 14.052803039550781 3.0403261184692383 4.478805065155029
v 12.32851791381836 3.0403261184692383 4.478805065155029
v 8.593411445617676 3.0403261184692383 4.478805065155029
v 7.403770923614502 3.0403261184692383 4.478805065155029
v 6.783329010009766 3.0403261184692383 4.478805065155029
v -6.5949249267578125 3.0403261184692383 4.478805065155029
v -7.680690765380859 3.0403261184692383 4.478805065155029
v -8.804546356201172 3.0403261184692383 4.478805065155029
v -12.178871154785156 3.0403261184692383 4.478805065155029
v 11.78563117980957 3.0403261184692383 3.8583619594573975
v 11.785633087158203 3.0403261184692383 4.478805065155029
v 11.785634994506836 3.0403270721435547 8.504376411437988
v 11.785634994506836 9.999999974752427e-07 8.504376411437988
v 11.785633087158203 0.0 4.4788031578063965
v 11.785633087158203 0.0 3.8583600521087646
v 11.785633087158203 0.0 1.143934965133667
v 11.785633087158203 -0.0 -3.0828208923339844
v 10.995624542236328 -9.999999974752427e-07 -7.503452777862549
v 11.785634994506836 -9.999999974752427e-07 -8.875746726989746
v 11.785634994506836 3.0403249263763428 -8.875746726989746
v 10.995620727539062 3.0403261184692383 -7.50344705581665
v -11.674781799316406 9.999999974752427e-07 8.504376411437988
v -11.674781799316406 3.040328025817871 8.504376411437988
v -11.674774169921875 3.0403261184692383 4.478805065155029
v -11.674774169921875 3.0403261184692383 3.8583619594573975
v -11.076278686523438 3.0403261184692383 -7.50344705581665
v -11.674781799316406 3.0403261184692383 -8.875746726989746
v -11.674781799316406 -9.999999974752427e-07 -8.875746726989746
v -11.076290130615234 -9.999999974752427e-07 -7.503452777862549
v -11.674781799316406 -0.0 -3.0828208923339844
v -11.674781799316406 0.0 1.143934965133667
v -11.674781799316406 0.0 3.8583600521087646
v -11.674781799316406 0.0 4.4788031578063965
v 10.995620727539062 2.231076955795288 -7.50344705581665
v 11.78563117980957 2.2310779094696045 -3.0828170776367188
v 12.328516006469727 2.2310779094696045 -3.0828170776367188
v 12.256696701049805 2.231076955795288 -6.282520771026611
v 12.328516006469727 2.2310779094696045 1.1439379453659058
v 11.78563117980957 2.2310779094696045 1.1439379453659058
v 11.78563117980957 2.2310779094696045 3.8583619594573975
v 12.328516006469727 2.2310779094696045 3.8583619594573975
v -12.178871154785156 2.2310779094696045 -3.0828170776367188
v -12.178871154785156 2.231076955795288 -6.330399990081787
v -11.674774169921875 2.2310779094696045 -3.0828170776367188
v -11.076278686523438 2.231076955795288 -7.50344705581665
v -11.674774169921875 2.2310779094696045 1.1439379453659058
v -12.178871154785156 2.2310779094696045 1.1439379453659058
v -11.674774169921875 2.2310779094696045 3.8583619594573975
v -12.178871154785156 2.2310779094696045 3.8583619594573975
v -8.417449951171875 2.231076955795288 -7.50344705581665
v -8.321693420410156 2.2310779094696045 -1.5267349481582642
v -7.680690765380859 2.2310779094696045 -2.651901960372925
v -7.680686950683594 2.231076955795288 -7.50344705581665
v -7.680686950683594 2.2310779094696045 0.7369620203971863
v -8.321693420410156 2.2310779094696045 -0.4839639961719513
v -7.680686950683594 2.2310779094696045 3.8583619594573975
v -8.417449951171875 2.2310779094696045 3.8583619594573975
v 8.295646667480469 2.2310779094696045 -0.5079039931297302
v 8.295646667480469 2.2310779094696045 3.8583619594573975
v 7.403770923614502 2.2310779094696045 0.6651430130004883
v 7.403770923614502 2.2310779094696045 3.8583619594573975
v 8.295646667480469 2.2310779094696045 -1.6464329957962036
v 7.403770923614502 2.2310779094696045 -2.7476611137390137
v 7.403770923614502 2.231076955795288 -7.50344705581665
v 8.295646667480469 2.231076955795288 -7.50344705581665
v 6.783329010009766 2.2310779094696045 3.8583619594573975
v 6.783329010009766 2.2310779094696045 1.1439379453659058
v -6.5949249267578125 2.2310779094696045 1.1439379453659058
v -6.5949249267578125 2.2310779094696045 3.8583619594573975
v 6.783327102661133 2.2310779094696045 -3.0828170776367188
v -6.5949249267578125 2.2310779094696045 -3.0828170776367188
v -6.5949249267578125 2.231076955795288 -7.50344705581665
v 6.783329010009766 2.231076955795288 -7.503448009490967
v -7.680697917938232 0.3197669982910156 -2.6519060134887695
v -7.680697917938232 0.3197669982910156 0.7369589805603027
v -8.321701049804688 0.3197669982910156 -0.48396700620651245
v -8.321701049804688 0.3197669982910156 -1.5267390012741089
v 8.295646667480469 0.3197669982910156 -0.507906973361969
v 8.295646667480469 0.3197669982910156 -1.6464370489120483
v 7.403770923614502 0.3197669982910156 0.6651399731636047
v 7.403770923614502 0.3197669982910156 -2.7476649284362793
v 6.783329010009766 0.3197669982910156 -3.0828208923339844
v 6.783327102661133 0.3197669982910156 1.143934965133667
v -6.5949320793151855 0.3197669982910156 1.143934965133667
v -6.5949320793151855 0.3197669982910156 -3.0828208923339844
v -7.680686950683594 1.9113110303878784 0.7369620203971863
v -7.680690765380859 1.9113110303878784 -2.651901960372925
v -8.321693420410156 1.9113110303878784 -1.5267349481582642
v -8.321693420410156 1.9113110303878784 -0.4839639961719513
v 8.295646667480469 1.9113099575042725 -1.6464329957962036
v 8.295646667480469 1.9113110303878784 -0.5079039931297302
v 7.403770923614502 1.9113099575042725 -2.7476611137390137
v 7.403770923614502 1.9113110303878784 0.6651430130004883
v 6.783329010009766 1.9113110303878784 1.1439379453659058
v 6.783327102661133 1.9113099575042725 -3.0828170776367188
v -6.5949249267578125 1.9113110303878784 -3.0828170776367188
v -6.5949249267578125 1.9113110303878784 1.1439379453659058
v -13.79996109008789 -0.0 -2.689253091812134
v -13.799964904785156 3.0403261184692383 -2.689250946044922
v -12.178871154785156 3.0403261184692383 -2.689250946044922
v -12.178871154785156 2.2310779094696045 -2.689250946044922
v -11.674774169921875 2.2310779094696045 -2.689250946044922
v -8.321693420410156 2.2310779094696045 -1.4296389818191528
v -8.321693420410156 1.9113110303878784 -1.4296389818191528
v -7.345180034637451 1.9113110303878784 -1.7458560466766357
v -6.5949249267578125 1.9113110303878784 -2.5416259765625
v 6.7833251953125 1.9113099575042725 -2.5416259765625
v 7.403767108917236 1.9113099575042725 -2.013849973678589
v 8.295642852783203 1.9113099575042725 -1.5404210090637207
v 8.295642852783203 2.2310779094696045 -1.5404210090637207
v 11.785629272460938 2.2310779094696045 -2.689249038696289
v 12.328514099121094 2.2310779094696045 -2.689250946044922
v 12.328514099121094 3.0403261184692383 -2.689250946044922
v 14.052801132202148 3.0403261184692383 -2.689250946044922
v 14.052799224853516 -0.0 -2.689253091812134
v 12.32851791381836 -0.0 -2.689253091812134
v 11.785633087158203 -0.0 -2.6892549991607666
v 8.295644760131836 -0.0 -1.5404249429702759
v 8.295644760131836 0.3197669982910156 -1.5404249429702759
v 7.403769016265869 0.3197669982910156 -2.01385498046875
v 6.783327102661133 0.3197669982910156 -2.5416290760040283
v -6.5949320793151855 0.3197669982910156 -2.5416290760040283
v -7.345188140869141 0.3197669982910156 -1.7458579540252686
v -8.321701049804688 0.3197669982910156 -1.4296430349349976
v -8.321701049804688 -0.0 -1.4296430349349976
v -11.674784660339355 -0.0 -2.689253091812134
v -12.178881645202637 -0.0 -2.689253091812134
v -13.79996109008789 3.0403261184692383 0.6611250042915344
v -13.79996109008789 0.0 0.6611220240592957
v -12.178881645202637 0.0 0.6611220240592957
v -11.674784660339355 0.0 0.6611220240592957
v -8.321701049804688 -0.0 -0.6030809879302979
v -8.321701049804688 0.3197669982910156 -0.6030809879302979
v -7.398871898651123 0.3197669982910156 -0.5358909964561462
v -6.5949320793151855 0.3197669982910156 0.5671790242195129
v 6.7833251953125 0.3197669982910156 0.513496994972229
v 7.403769016265869 0.3197669982910156 0.006893999874591827
v 8.295644760131836 0.3197669982910156 -0.6379590034484863
v 8.295644760131836 -0.0 -0.6379590034484863
v 11.785633087158203 0.0 0.6611210107803345
v 12.32851791381836 0.0 0.6611220240592957
v 14.052799224853516 0.0 0.6611220240592957
v 14.052799224853516 3.0403261184692383 0.6611250042915344
v 12.328514099121094 3.0403261184692383 0.6611250042915344
v 12.328514099121094 2.2310779094696045 0.6611250042915344
v 11.785629272460938 2.2310779094696045 0.6611250042915344
v 8.295642852783203 2.2310779094696045 -0.6379550099372864
v 8.295642852783203 1.9113110303878784 -0.6379550099372864
v 7.403769016265869 1.9113110303878784 0.006897000130265951
v 6.783327102661133 1.9113110303878784 0.5134999752044678
v -6.5949249267578125 1.9113110303878784 0.5671820044517517
v -7.398860931396484 1.9113110303878784 -0.5358880162239075
v -8.321693420410156 1.9113110303878784 -0.6030769944190979
v -8.321693420410156 2.2310779094696045 -0.6030769944190979
v -11.674774169921875 2.2310779094696045 0.6611250042915344
v -12.178871154785156 2.2310779094696045 0.6611250042915344
v -12.178871154785156 3.0403261184692383 0.6611250042915344
v 4.1553568840026855 3.0403261184692383 3.8583619594573975
v 4.1553568840026855 3.0403261184692383 4.478805065155029
v 4.155355930328369 3.040328025817871 8.504376411437988
v 4.155355930328369 9.999999974752427e-07 8.504376411437988
v 4.155354022979736 0.0 4.4788031578063965
v 4.155354022979736 0.0 3.8583600521087646
v 4.155354022979736 0.0 1.143934965133667
v 4.155354022979736 0.3197669982910156 1.143934965133667
v 4.2895588874816895 0.3197669982910156 -0.30514800548553467
v 4.209037780761719 0.3197669982910156 -1.6558810472488403
v 4.155355930328369 0.3197669982910156 -3.0828208923339844
v 4.155355930328369 -0.0 -3.0828208923339844
v 4.155355930328369 -9.999999974752427e-07 -7.503452777862549
v 4.155355930328369 -9.999999974752427e-07 -8.875746726989746
v 4.155355930328369 3.0403261184692383 -8.875746726989746
v 4.1553568840026855 3.0403261184692383 -7.503448009490967
v 4.1553568840026855 2.231076955795288 -7.503448009490967
v 4.155355930328369 2.2310779094696045 -3.0828170776367188
v 4.155355930328369 1.9113099575042725 -3.0828170776367188
v 4.209037780761719 1.9113110303878784 -1.655879020690918
v 4.289562225341797 1.9113110303878784 -0.3051449954509735
v 4.1553568840026855 1.9113110303878784 1.1439379453659058
v 4.1553568840026855 2.2310779094696045 1.1439379453659058
v 4.1553568840026855 2.2310779094696045 3.8583619594573975
v -4.079925060272217 3.040328025817871 8.504376411437988
v -4.079917907714844 3.0403261184692383 4.478805065155029
v -4.079917907714844 3.0403261184692383 3.8583619594573975
v -4.079917907714844 2.2310779094696045 3.8583619594573975
v -4.079917907714844 2.2310779094696045 1.1439379453659058
v -4.079917907714844 1.9113110303878784 1.1439379453659058
v -4.147017955780029 1.9113110303878784 -0.22462299466133118
v -4.173861980438232 1.9113110303878784 -1.7364009618759155
v -4.079917907714844 1.9113110303878784 -3.0828170776367188
v -4.079917907714844 2.2310779094696045 -3.0828170776367188
v -4.079917907714844 2.231076955795288 -7.50344705581665
v -4.079917907714844 3.0403261184692383 -7.50344705581665
v -4.079925060272217 3.0403261184692383 -8.875746726989746
v -4.079925060272217 -9.999999974752427e-07 -8.875746726989746
v -4.079925060272217 -9.999999974752427e-07 -7.503452777862549
v -4.079925060272217 -0.0 -3.0828208923339844
v -4.079925060272217 0.3197669982910156 -3.0828208923339844
v -4.173865795135498 0.3197669982910156 -1.7364039421081543
v -4.147026062011719 0.3197669982910156 -0.22462600469589233
v -4.079925060272217 0.3197669982910156 1.143934965133667
v -4.079925060272217 0.0 1.143934965133667
v -4.079925060272217 0.0 3.8583600521087646
v -4.079925060272217 0.0 4.4788031578063965
v -4.079925060272217 9.999999974752427e-07 8.504376411437988
v -13.79996109008789 -0.0 -0.9935010075569153
v -13.79996109008789 3.0403261184692383 -0.9934989809989929
v -12.178871154785156 3.0403261184692383 -0.9934989809989929
v -12.178871154785156 2.2310779094696045 -0.9934989809989929
v -11.674774169921875 2.2310779094696045 -0.9934989809989929
v -8.321693420410156 2.2310779094696045 -1.0112849473953247
v -8.321693420410156 1.9113110303878784 -1.0112849473953247
v -7.452545166015625 1.9113110303878784 -0.9767590165138245
v -4.079917907714844 1.9113110303878784 -0.9934989809989929
v 4.1553568840026855 1.9113110303878784 -0.9934989809989929
v 7.712439060211182 1.9113110303878784 -1.0606839656829834
v 8.295642852783203 1.9113110303878784 -1.0836490392684937
v 8.295642852783203 2.2310779094696045 -1.0836490392684937
v 11.785629272460938 2.2310779094696045 -0.9934980273246765
v 12.328514099121094 2.2310779094696045 -0.9934989809989929
v 12.328514099121094 3.0403261184692383 -0.9934989809989929
v 14.052799224853516 3.0403261184692383 -0.9934989809989929
v 14.052799224853516 -0.0 -0.9935010075569153
v 12.32851791381836 -0.0 -0.9935010075569153
v 11.78563117980957 -0.0 -0.9935020208358765
v 8.295644760131836 -0.0 -1.0836529731750488
v 8.295644760131836 0.3197669982910156 -1.0836529731750488
v 7.712439060211182 0.3197669982910156 -1.0606880187988281
v 4.155355930328369 0.3197669982910156 -0.9935010075569153
v -4.079925060272217 0.3197669982910156 -0.9935010075569153
v -7.452552795410156 0.3197669982910156 -0.9767619967460632
v -8.321701049804688 0.3197669982910156 -1.011288046836853
v -8.321701049804688 -0.0 -1.011288046836853
v -11.674784660339355 -0.0 -0.9935010075569153
v -12.178881645202637 -0.0 -0.9935010075569153
v 5.9268951416015625 3.0403261184692383 3.8583619594573975
v 5.9268951416015625 3.0403261184692383 4.478805065155029
v 5.9268951416015625 3.0403270721435547 8.504376411437988
v 5.9268951416015625 9.999999974752427e-07 8.504376411437988
v 5.92689323425293 0.0 4.4788031578063965
v 5.92689323425293 0.0 3.8583600521087646
v 5.92689323425293 0.0 1.143934965133667
v 5.92689323425293 0.3197669982910156 1.143934965133667
v 5.92689323425293 0.3197669982910156 0.6611220240592957
v 5.9268951416015625 0.3197669982910156 -2.689253091812134
v 5.9268951416015625 0.3197669982910156 -3.0828208923339844
v 5.9268951416015625 -0.0 -3.0828208923339844
v 5.9268951416015625 -9.999999974752427e-07 -7.503452777862549
v 5.9268951416015625 -9.999999974752427e-07 -8.875746726989746
v 5.9268951416015625 3.0403249263763428 -8.875746726989746
v 5.9268951416015625 3.0403261184692383 -7.50344705581665
v 5.9268951416015625 2.231076955795288 -7.50344705581665
v 5.9268951416015625 2.2310779094696045 -3.0828170776367188
v 5.9268951416015625 1.9113099575042725 -3.0828170776367188
v 5.9268951416015625 1.9113099575042725 -2.689250946044922
v 5.9268951416015625 1.9113110303878784 0.6611250042915344
v 5.9268951416015625 1.9113110303878784 1.1439379453659058
v 5.9268951416015625 2.2310779094696045 1.1439379453659058
v 5.9268951416015625 2.2310779094696045 3.8583619594573975
v -5.8514628410339355 3.040328025817871 8.504376411437988
v -5.851456165313721 3.0403270721435547 4.478805065155029
v -5.851456165313721 3.0403270721435547 3.8583619594573975
v -5.851456165313721 2.2310779094696045 3.8583619594573975
v -5.851456165313721 2.2310779094696045 1.1439379453659058
v -5.851456165313721 1.9113110303878784 1.1439379453659058
v -5.851456165313721 1.9113110303878784 0.6611250042915344
v -5.851456165313721 1.9113110303878784 -2.689250946044922
v -5.851456165313721 1.9113110303878784 -3.0828170776367188
v -5.851456165313721 2.2310779094696045 -3.0828170776367188
v -5.851456165313721 2.231076955795288 -7.50344705581665
v -5.851456165313721 3.0403270721435547 -7.50344705581665
v -5.8514628410339355 3.0403261184692383 -8.875746726989746
v -5.8514628410339355 -9.999999974752427e-07 -8.875746726989746
v -5.8514628410339355 -9.999999974752427e-07 -7.503451824188232
v -5.8514628410339355 -0.0 -3.0828208923339844
v -5.8514628410339355 0.3197669982910156 -3.0828208923339844
v -5.85145902633667 0.3197669982910156 -2.689253091812134
v -5.8514628410339355 0.3197669982910156 0.6611220240592957
v -5.8514628410339355 0.3197669982910156 1.143934965133667
v -5.8514628410339355 0.0 1.143934965133667
v -5.8514628410339355 0.0 3.8583600521087646
v -5.8514628410339355 0.0 4.4788031578063965
v -5.8514628410339355 9.999999974752427e-07 8.504376411437988
v -7.1116180419921875 3.0403261184692383 3.8583619594573975
v -7.111621856689453 3.0403261184692383 4.478805065155029
v -7.111626148223877 3.040328025817871 8.504376411437988
v -7.111626148223877 9.999999974752427e-07 8.504376411437988
v -7.111626148223877 0.0 4.4788031578063965
v -7.111629009246826 0.0 3.8583600521087646
v -7.111629009246826 0.0 0.9502620100975037
v -7.111629009246826 0.3197669982910156 0.9502620100975037
v -7.111629009246826 0.3197669982910156 0.07456699758768082
v -7.111629009246826 0.3197669982910156 -2.162113904953003
v -7.111626148223877 0.3197669982910156 -2.877756118774414
v -7.111626148223877 -0.0 -2.877756118774414
v -7.111626148223877 -9.999999974752427e-07 -7.503452777862549
v -7.111626148223877 -9.999999974752427e-07 -8.875746726989746
v -7.111626148223877 3.0403261184692383 -8.875746726989746
v -7.1116180419921875 3.0403261184692383 -7.50344705581665
v -7.1116180419921875 2.231076955795288 -7.50344705581665
v -7.1116180419921875 2.2310779094696045 -2.8777520656585693
v -7.1116180419921875 1.9113110303878784 -2.8777520656585693
v -7.111621856689453 1.9113110303878784 -2.16211199760437
v -7.111621856689453 1.9113110303878784 0.07457000017166138
v -7.1116180419921875 1.9113110303878784 0.9502649903297424
v -7.1116180419921875 2.2310779094696045 0.9502649903297424
v -7.1116180419921875 2.2310779094696045 3.8583619594573975
v 4.923297882080078 3.040328025817871 8.504376411437988
v 4.923297882080078 3.0403261184692383 4.478805065155029
v 4.923299789428711 3.0403261184692383 3.8583619594573975
v 4.923299789428711 2.2310779094696045 3.8583619594573975
v 4.923299789428711 2.2310779094696045 1.1439379453659058
v 4.923299789428711 1.9113110303878784 1.1439379453659058
v 4.923299789428711 1.9113110303878784 0.3658750057220459
v 4.923297882080078 1.9113110303878784 -2.461103916168213
v 4.923297882080078 1.9113099575042725 -3.0828170776367188
v 4.923297882080078 2.2310779094696045 -3.0828170776367188
v 4.923299789428711 2.231076955795288 -7.503448009490967
v 4.923299789428711 3.0403261184692383 -7.503448009490967
v 4.923297882080078 3.0403261184692383 -8.875746726989746
v 4.923297882080078 -9.999999974752427e-07 -8.875746726989746
v 4.923297882080078 -9.999999974752427e-07 -7.503452777862549
v 4.923297882080078 -0.0 -3.0828208923339844
v 4.923297882080078 0.3197669982910156 -3.0828208923339844
v 4.923297882080078 0.3197669982910156 -2.461106061935425
v 4.923297882080078 0.3197669982910156 0.36587199568748474
v 4.923297882080078 0.3197669982910156 1.143934965133667
v 4.923297882080078 0.0 1.143934965133667
v 4.923297882080078 0.0 3.8583600521087646
v 4.923297882080078 0.0 4.4788031578063965
v 4.923297882080078 9.999999974752427e-07 8.504376411437988
v -4.913875102996826 3.0403270721435547 4.478805065155029
v -4.913878917694092 3.040328025817871 8.504376411437988
v -4.913878917694092 9.999999974752427e-07 8.504376411437988
v -4.913878917694092 0.0 4.4788031578063965
v -4.913878917694092 0.0 3.8583600521087646
v -4.913878917694092 0.0 1.143934965133667
v -4.913878917694092 0.3197669982910156 1.143934965133667
v -4.913878917694092 0.3197669982910156 0.5000770092010498
v -4.913878917694092 0.3197669982910156 -2.5013670921325684
v -4.913878917694092 0.3197669982910156 -3.0828208923339844
v -4.913878917694092 -0.0 -3.0828208923339844
v -4.913878917694092 -9.999999974752427e-07 -7.503451824188232
v -4.913878917694092 -9.999999974752427e-07 -8.875746726989746
v -4.913878917694092 3.0403261184692383 -8.875746726989746
v -4.913875102996826 3.0403270721435547 -7.50344705581665
v -4.913875102996826 2.231076955795288 -7.50344705581665
v -4.913875102996826 2.2310779094696045 -3.0828170776367188
v -4.913875102996826 1.9113110303878784 -3.0828170776367188
v -4.913875102996826 1.9113110303878784 -2.5013649463653564
v -4.913875102996826 1.9113110303878784 0.5000799894332886
v -4.913875102996826 1.9113110303878784 1.1439379453659058
v -4.913875102996826 2.2310779094696045 1.1439379453659058
v -4.913875102996826 2.2310779094696045 3.8583619594573975
v -4.913875102996826 3.0403270721435547 3.8583619594573975
v -13.79996109008789 -0.0 -2.9641470909118652
v -13.79996109008789 3.0403270721435547 -2.9641430377960205
v -12.178871154785156 3.0403270721435547 -2.9641430377960205
v -12.178871154785156 2.2310779094696045 -2.9641430377960205
v -11.674774169921875 2.2310779094696045 -2.9641430377960205
v -8.321693420410156 2.2310779094696045 -1.4974570274353027
v -8.321693420410156 1.9113110303878784 -1.4974570274353027
v -7.579521179199219 1.9113110303878784 -2.378696918487549
v -7.111621856689453 1.9113110303878784 -2.6619620323181152
v -6.5949249267578125 1.9113110303878784 -2.9196290969848633
v -5.851456165313721 1.9113110303878784 -2.9641430377960205
v -4.913875102996826 1.9113110303878784 -2.907489061355591
v -4.108245849609375 1.9113110303878784 -2.676826000213623
v 4.171543121337891 1.9113110303878784 -2.6525449752807617
v 4.923297882080078 1.9113110303878784 -2.8953490257263184
v 5.9268951416015625 1.9113099575042725 -2.9641430377960205
v 6.783327102661133 1.9113099575042725 -2.9196290969848633
v 7.403769016265869 1.9113099575042725 -2.52639102935791
v 8.295644760131836 1.9113099575042725 -1.6144670248031616
v 8.295644760131836 2.2310779094696045 -1.6144670248031616
v 11.78563117980957 2.2310779094696045 -2.9641430377960205
v 12.328516006469727 2.2310779094696045 -2.9641430377960205
v 12.328516006469727 3.0403270721435547 -2.9641430377960205
v 14.052803039550781 3.0403270721435547 -2.9641430377960205
v 14.052799224853516 -0.0 -2.9641470909118652
v 12.328519821166992 -0.0 -2.9641470909118652
v 11.785633087158203 -0.0 -2.9641470909118652
v 8.295646667480469 -0.0 -1.6144709587097168
v 8.295646667480469 0.3197669982910156 -1.6144709587097168
v 7.403770923614502 0.3197669982910156 -2.5263960361480713
v 6.783329010009766 0.3197669982910156 -2.919632911682129
v 5.9268951416015625 0.3197669982910156 -2.9641470909118652
v 4.923297882080078 0.3197669982910156 -2.8953518867492676
v 4.171543121337891 0.3197669982910156 -2.6525490283966064
v -4.108253002166748 0.3197669982910156 -2.6768290996551514
v -4.913878917694092 0.3197669982910156 -2.9074931144714355
v -5.8514628410339355 0.3197669982910156 -2.9641470909118652
v -6.5949320793151855 0.3197669982910156 -2.919632911682129
v -7.111629009246826 0.3197669982910156 -2.6619648933410645
v -7.57952880859375 0.3197669982910156 -2.3787009716033936
v -8.321701049804688 0.3197669982910156 -1.497460961341858
v -8.321701049804688 -0.0 -1.497460961341858
v -11.674781799316406 -0.0 -2.9641470909118652
v -12.178878784179688 -0.0 -2.9641470909118652
v -13.79996109008789 3.0403261184692383 -0.023639999330043793
v -13.79996109008789 -0.0 -0.023641999810934067
v -12.178881645202637 -0.0 -0.023641999810934067
v -11.674784660339355 -0.0 -0.023641999810934067
v -8.321701049804688 -0.0 -0.7720170021057129
v -8.321701049804688 0.3197669982910156 -0.7720170021057129
v -7.421084880828857 0.3197669982910156 -0.7183449864387512
v -4.119255065917969 0.3197669982910156 -0.5428239703178406
v 4.234017848968506 0.3197669982910156 -0.5900229811668396
v 7.531510829925537 0.3197669982910156 -0.43492400646209717
v 8.295644760131836 0.3197669982910156 -0.8224089741706848
v 8.295644760131836 -0.0 -0.8224089741706848
v 11.78563117980957 -0.0 -0.023643000051379204
v 12.32851791381836 -0.0 -0.023641999810934067
v 14.052799224853516 -0.0 -0.023641999810934067
v 14.052799224853516 3.0403261184692383 -0.023639999330043793
v 12.328514099121094 3.0403261184692383 -0.023639999330043793
v 12.328514099121094 2.2310779094696045 -0.023639999330043793
v 11.785629272460938 2.2310779094696045 -0.023638999089598656
v 8.295642852783203 2.2310779094696045 -0.8224049806594849
v 8.295642852783203 1.9113110303878784 -0.8224049806594849
v 7.531510829925537 1.9113110303878784 -0.4349200129508972
v 4.234020233154297 1.9113110303878784 -0.5900200009346008
v -4.119250774383545 1.9113110303878784 -0.542822003364563
v -7.421078205108643 1.9113110303878784 -0.7183420062065125
v -8.321693420410156 1.9113110303878784 -0.7720140218734741
v -8.321693420410156 2.2310779094696045 -0.7720140218734741
v -11.674774169921875 2.2310779094696045 -0.023639999330043793
v -12.178871154785156 2.2310779094696045 -0.023639999330043793
v -12.178871154785156 3.0403261184692383 -0.023639999330043793
v -2.9078829288482666 3.0403261184692383 3.8583619594573975
v -2.9078829288482666 3.0403261184692383 4.478805065155029
v -2.907886028289795 3.040328025817871 8.504376411437988
v -2.907886028289795 9.999999974752427e-07 8.504376411437988
v -2.9078900814056396 0.0 4.4788031578063965
v -2.9078900814056396 0.0 3.8583600521087646
v -2.9078900814056396 0.0 1.143934965133667
v -2.9078900814056396 0.3197669982910156 1.143934965133667
v -2.9463419914245605 0.3197669982910156 -0.23608599603176117
v -3.114043951034546 0.3197669982910156 -0.5495420098304749
v -3.1317670345306396 0.3197669982910156 -0.9935010075569153
v -3.124176025390625 0.3197669982910156 -1.724943995475769
v -3.113495111465454 0.3197669982910156 -2.6733739376068115
v -2.907886028289795 0.3197669982910156 -3.0828208923339844
v -2.907886028289795 -0.0 -3.0828208923339844
v -2.907886028289795 -9.999999974752427e-07 -7.503452777862549
v -2.907886028289795 -9.999999974752427e-07 -8.875746726989746
v -2.907886028289795 3.0403261184692383 -8.875746726989746
v -2.9078829288482666 3.0403261184692383 -7.50344705581665
v -2.9078829288482666 2.231076955795288 -7.50344705581665
v -2.9078829288482666 2.2310779094696045 -3.0828170776367188
v -2.9078829288482666 1.9113110303878784 -3.0828170776367188
v -3.1134910583496094 1.9113110303878784 -2.673369884490967
v -3.1241719722747803 1.9113110303878784 -1.7249419689178467
v -3.1317598819732666 1.9113110303878784 -0.9934989809989929
v -3.1140360832214355 1.9113110303878784 -0.5495390295982361
v -2.9463350772857666 1.9113110303878784 -0.2360830008983612
v -2.9078829288482666 1.9113110303878784 1.1439379453659058
v -2.9078829288482666 2.2310779094696045 1.1439379453659058
v -2.9078829288482666 2.2310779094696045 3.8583619594573975
v 3.0753750801086426 3.0403270721435547 3.8583619594573975
v 3.0753729343414307 3.0403270721435547 4.478805065155029
v 3.075371026992798 3.040328025817871 8.504376411437988
v 3.075371026992798 9.999999974752427e-07 8.504376411437988
v 3.075371026992798 0.0 4.4788031578063965
v 3.075371026992798 0.0 3.8583600521087646
v 3.075371026992798 0.0 1.143934965133667
v 3.075371026992798 0.3197669982910156 1.143934965133667
v 3.183176040649414 0.3197669982910156 -0.29458901286125183
v 2.7808101177215576 0.3197669982910156 -0.5838329792022705
v 2.7847230434417725 0.3197669982910156 -0.9935010075569153
v 2.8190460205078125 0.3197669982910156 -1.6664409637451172
v 2.8353331089019775 0.3197669982910156 -2.655733108520508
v 3.075371026992798 0.3197669982910156 -3.0828208923339844
v 3.075371026992798 -0.0 -3.0828208923339844
v 3.075371026992798 -9.999999974752427e-07 -7.503452777862549
v 3.075371026992798 -9.999999974752427e-07 -8.875746726989746
v 3.075371026992798 3.0403261184692383 -8.875746726989746
v 3.0753750801086426 3.0403270721435547 -7.50344705581665
v 3.0753750801086426 2.231076955795288 -7.50344705581665
v 3.0753729343414307 2.2310779094696045 -3.0828170776367188
v 3.0753729343414307 1.9113099575042725 -3.0828170776367188
v 2.8353350162506104 1.9113110303878784 -2.655729055404663
v 2.8190460205078125 1.9113110303878784 -1.6664390563964844
v 2.7847249507904053 1.9113110303878784 -0.9934989809989929
v 2.780812978744507 1.9113110303878784 -0.5838299989700317
v 3.183177947998047 1.9113110303878784 -0.2945860028266907
v 3.0753750801086426 1.9113110303878784 1.1439379453659058
v 3.0753750801086426 2.2310779094696045 1.1439379453659058
v 3.0753750801086426 2.2310779094696045 3.8583619594573975
v 2.7808101177215576 0.5104489922523499 -0.5838329792022705
v 2.7847230434417725 0.5104489922523499 -0.9935010075569153
v -3.114043951034546 0.5104489922523499 -0.5495420098304749
v -3.1317670345306396 0.5104489922523499 -0.9935010075569153
v 2.8190460205078125 0.5104489922523499 -1.6664409637451172
v -3.124176025390625 0.5104489922523499 -1.724943995475769
v -3.113495111465454 0.5104489922523499 -2.6733739376068115
v 2.8353331089019775 0.5104489922523499 -2.655733108520508
v 2.8353350162506104 1.7206289768218994 -2.655729055404663
v 2.8190460205078125 1.7206289768218994 -1.6664390563964844
v -3.1134910583496094 1.7206289768218994 -2.673369884490967
v -3.1241719722747803 1.7206289768218994 -1.7249419689178467
v -3.1317598819732666 1.7206289768218994 -0.9934989809989929
v 2.7847249507904053 1.7206289768218994 -0.9934989809989929
v 2.780812978744507 1.7206289768218994 -0.5838299989700317
v -3.1140360832214355 1.7206289768218994 -0.5495390295982361
v -13.79996109008789 3.0403270721435547 8.217159271240234
v -13.79996109008789 9.999999974752427e-07 8.217159271240234
v -12.178878784179688 9.999999974752427e-07 8.217159271240234
v -11.674781799316406 9.999999974752427e-07 8.217159271240234
v -9.606459617614746 9.999999974752427e-07 8.217159271240234
v -7.680697917938232 9.999999974752427e-07 8.217159271240234
v -7.111626148223877 9.999999974752427e-07 8.217159271240234
v -6.5949320793151855 9.999999974752427e-07 8.217159271240234
v -5.8514628410339355 9.999999974752427e-07 8.217159271240234
v -4.913878917694092 9.999999974752427e-07 8.217159271240234
v -4.079925060272217 9.999999974752427e-07 8.217159271240234
v -2.907886028289795 9.999999974752427e-07 8.217159271240234
v 3.075371026992798 9.999999974752427e-07 8.217159271240234
v 4.155355930328369 9.999999974752427e-07 8.217159271240234
v 4.923297882080078 9.999999974752427e-07 8.217159271240234
v 5.9268951416015625 9.999999974752427e-07 8.217159271240234
v 6.783329010009766 9.999999974752427e-07 8.217159271240234
v 7.403770923614502 9.999999974752427e-07 8.217159271240234
v 9.312360763549805 9.999999974752427e-07 8.217159271240234
v 11.785634994506836 9.999999974752427e-07 8.217159271240234
v 12.328521728515625 9.999999974752427e-07 8.217159271240234
v 14.052803039550781 9.999999974752427e-07 8.217159271240234
v 14.052803039550781 3.0403270721435547 8.217159271240234
v 12.328521728515625 3.0403270721435547 8.217159271240234
v 11.785634994506836 3.0403270721435547 8.217159271240234
v 9.312360763549805 3.0403270721435547 8.217159271240234
v 7.403770923614502 3.0403270721435547 8.217159271240234
v 6.783329010009766 3.0403270721435547 8.217159271240234
v 5.9268951416015625 3.0403270721435547 8.217159271240234
v 4.923297882080078 3.040328025817871 8.217159271240234
v 4.155355930328369 3.040328025817871 8.217159271240234
v 3.075371026992798 3.040328025817871 8.217159271240234
v -2.907886028289795 3.040328025817871 8.217159271240234
v -4.079925060272217 3.040328025817871 8.217159271240234
v -4.913875102996826 3.040328025817871 8.217159271240234
v -5.8514628410339355 3.040328025817871 8.217159271240234
v -6.5949320793151855 3.040328025817871 8.217159271240234
v -7.111626148223877 3.040328025817871 8.217159271240234
v -7.680697917938232 3.040328025817871 8.217159271240234
v -9.606459617614746 3.040328025817871 8.217159271240234
v -11.674781799316406 3.040328025817871 8.217159271240234
v -12.178878784179688 3.040328025817871 8.217159271240234
v -7.680697917938232 0.8773689866065979 8.217159271240234
v -7.111626148223877 0.8773689866065979 8.217159271240234
v -7.680697917938232 0.8773679733276367 4.4788031578063965
v -7.111626148223877 0.8773679733276367 4.4788031578063965
v -6.5949320793151855 0.8773689866065979 8.217159271240234
v -6.5949320793151855 0.8773679733276367 4.4788031578063965
v 4.923297882080078 0.8773689866065979 8.217159271240234
v 5.9268951416015625 0.8773689866065979 8.217159271240234
v 4.923297882080078 0.8773679733276367 4.4788031578063965
v 5.92689323425293 0.8773679733276367 4.4788031578063965
v 8.593411445617676 2.1629579067230225 4.478805065155029
v 7.403770923614502 2.1629579067230225 4.478805065155029
v 7.403770923614502 2.162959098815918 8.217159271240234
v 9.312360763549805 2.162959098815918 8.217159271240234
v 6.783329010009766 2.1629579067230225 4.478805065155029
v 6.783329010009766 2.162959098815918 8.217159271240234
v 5.9268951416015625 2.1629579067230225 4.478805065155029
v 5.9268951416015625 2.162959098815918 8.217159271240234
v 4.923297882080078 2.162959098815918 8.217159271240234
v 4.923297882080078 2.1629579067230225 4.478805065155029
v 4.155355930328369 2.162959098815918 8.217159271240234
v 4.1553568840026855 2.1629579067230225 4.478805065155029
v 3.075371026992798 2.162959098815918 8.217159271240234
v 3.0753729343414307 2.1629579067230225 4.478805065155029
v -2.907886028289795 2.162959098815918 8.217159271240234
v -2.9078829288482666 2.1629579067230225 4.478805065155029
v -4.079925060272217 2.162959098815918 8.217159271240234
v -4.079917907714844 2.1629579067230225 4.478805065155029
v -4.913875102996826 2.162959098815918 8.217159271240234
v -4.913875102996826 2.1629579067230225 4.478805065155029
v -5.8514628410339355 2.162959098815918 8.217159271240234
v -5.851456165313721 2.1629579067230225 4.478805065155029
v -6.5949320793151855 2.162959098815918 8.217159271240234
v -6.5949249267578125 2.1629579067230225 4.478805065155029
v -7.111621856689453 2.1629579067230225 4.478805065155029
v -7.111626148223877 2.162959098815918 8.217159271240234
v -7.680697917938232 2.162959098815918 8.217159271240234
v -7.680690765380859 2.1629579067230225 4.478805065155029
v -8.804546356201172 2.1629579067230225 4.478805065155029
v -9.606459617614746 2.162959098815918 8.217159271240234
vt 0.00184299994725734 0.5298550128936768
vt 0.00184299994725734 0.4991320073604584
vt 0.059463001787662506 0.4991320073604584
vt 0.059463001787662506 0.5298550128936768
vt 0.06692299991846085 0.5298550128936768
vt 0.06692299991846085 0.4991320073604584
vt 0.07236599922180176 0.4991320073604584
vt 0.07236599922180176 0.5298550128936768
vt 0.40223801136016846 0.5298550128936768
vt 0.40223801136016846 0.4991320073604584
vt 0.4598580002784729 0.4991320073604584
vt 0.4598580002784729 0.5298550128936768
vt 0.7910810112953186 0.5298550128936768
vt 0.7910810112953186 0.4991320073604584
vt 0.7965239882469177 0.4991320073604584
vt 0.7965239882469177 0.5298550128936768
vt 0.4813750088214874 0.8629329800605774
vt 0.4813750088214874 0.8574900031089783
vt 0.5389950275421143 0.8574900031089783
vt 0.5389950275421143 0.8629329800605774
vt 0.4756999909877777 0.5389900207519531
vt 0.41808000206947327 0.5389900207519531
vt 0.41808000206947327 0.5335469841957092
vt 0.4756999909877777 0.5335469841957092
vt 0.41808000206947327 0.8629329800605774
vt 0.41808000206947327 0.8369250297546387
vt 0.4756999909877777 0.8369250297546387
vt 0.4756999909877777 0.8629329800605774
vt 0.46713799238204956 0.5298550128936768
vt 0.46713799238204956 0.4991320073604584
vt 0.5153769850730896 0.4991320073604584
vt 0.4931449890136719 0.5298550128936768
vt 0.5389950275421143 0.5595539808273315
vt 0.4813750088214874 0.5595539808273315
vt 0.4813750088214874 0.5335469841957092
vt 0.5389950275421143 0.5335469841957092
vt 0.3703010082244873 0.5298550128936768
vt 0.3480699956417084 0.4991320073604584
vt 0.3963089883327484 0.4991320073604584
vt 0.3963089883327484 0.5298550128936768
vt 0.41808000206947327 0.7531459927558899
vt 0.4756999909877777 0.7531459927558899
vt 0.5769249796867371 0.4991320073604584
vt 0.5769249796867371 0.5298550128936768
vt 0.5389950275421143 0.6433339715003967
vt 0.4813750088214874 0.6433339715003967
vt 0.2865220010280609 0.5298550128936768
vt 0.2865220010280609 0.4991320073604584
vt 0.059463001787662506 0.03466999903321266
vt 0.00184299994725734 0.03466999903321266
vt 0.00184299994725734 0.0019920000340789557
vt 0.059463001787662506 0.0019920000340789557
vt 0.07236599922180176 0.0019920000340789557
vt 0.07236599922180176 0.03466999903321266
vt 0.06692299991846085 0.03466999903321266
vt 0.06692299991846085 0.0019920000340789557
vt 0.34716200828552246 0.036031998693943024
vt 0.2865220010280609 0.03467100113630295
vt 0.2865220010280609 0.0019920000340789557
vt 0.3703010082244873 0.0019920000340789557
vt 0.3963089883327484 0.03466999903321266
vt 0.3963089883327484 0.0019920000340789557
vt 0.4598580002784729 0.03466999903321266
vt 0.40223801136016846 0.03466999903321266
vt 0.40223801136016846 0.0019920000340789557
vt 0.4598580002784729 0.0019920000340789557
vt 0.5162839889526367 0.036031998693943024
vt 0.46713799238204956 0.03466999903321266
vt 0.46713799238204956 0.0019920000340789557
vt 0.4931449890136719 0.0019920000340789557
vt 0.5769249796867371 0.0019920000340789557
vt 0.5769249796867371 0.03466999903321266
vt 0.7965239882469177 0.03466999903321266
vt 0.7910810112953186 0.03466999903321266
vt 0.7910810112953186 0.0019920000340789557
vt 0.7965239882469177 0.0019920000340789557
vt 0.059463001787662506 0.04495900124311447
vt 0.00184299994725734 0.04495900124311447
vt 0.07236599922180176 0.04495900124311447
vt 0.06692299991846085 0.04495900124311447
vt 0.9231520295143127 0.5588080286979675
vt 0.839372992515564 0.5438349843025208
vt 0.839372992515564 0.5335469841957092
vt 0.9000130295753479 0.5349079966545105
vt 0.3963089883327484 0.04495900124311447
vt 0.3703010082244873 0.05993099883198738
vt 0.4598580002784729 0.04495900124311447
vt 0.40223801136016846 0.04495900124311447
vt 0.4931449890136719 0.05993099883198738
vt 0.46713799238204956 0.04495900124311447
vt 0.5769249796867371 0.04495900124311447
vt 0.7965239882469177 0.04495900124311447
vt 0.7910810112953186 0.04495900124311447
vt 0.4756999909877777 0.6730409860610962
vt 0.41808000206947327 0.6730409860610962
vt 0.41808000206947327 0.6215980052947998
vt 0.4756999909877777 0.6215980052947998
vt 0.15497300028800964 0.5298550128936768
vt 0.15497300028800964 0.4991320073604584
vt 0.2064169943332672 0.4991320073604584
vt 0.2064169943332672 0.5298550128936768
vt 0.7592679858207703 0.5335469841957092
vt 0.7592679858207703 0.5438349843025208
vt 0.7078239917755127 0.5438349843025208
vt 0.7078239917755127 0.5335469841957092
vt 0.2064169943332672 0.0019920000340789557
vt 0.2064169943332672 0.03467100113630295
vt 0.15497300028800964 0.03467100113630295
vt 0.15497300028800964 0.0019920000340789557
vt 0.5389950275421143 0.7748820185661316
vt 0.4813750088214874 0.7748820185661316
vt 0.4813750088214874 0.7234389781951904
vt 0.5389950275421143 0.7234389781951904
vt 0.7084730267524719 0.03466999903321266
vt 0.6570299863815308 0.03466999903321266
vt 0.6570299863815308 0.0019920000340789557
vt 0.7084730267524719 0.0019920000340789557
vt 0.7084730267524719 0.04495900124311447
vt 0.6570299863815308 0.04495900124311447
vt 0.6570299863815308 0.5298550128936768
vt 0.6570299863815308 0.4991320073604584
vt 0.7084730267524719 0.4991320073604584
vt 0.7084730267524719 0.5298550128936768
vt 0.41808000206947327 0.7508969902992249
vt 0.4756999909877777 0.7508969902992249
vt 0.5791739821434021 0.4991320073604584
vt 0.5791739821434021 0.5298550128936768
vt 0.5791739821434021 0.03466999903321266
vt 0.5791739821434021 0.04495900124311447
vt 0.5791739821434021 0.0019920000340789557
vt 0.5389950275421143 0.6455829739570618
vt 0.4813750088214874 0.6455829739570618
vt 0.2842729985713959 0.03467100113630295
vt 0.2842729985713959 0.0019920000340789557
vt 0.8371239900588989 0.5438349843025208
vt 0.8371239900588989 0.5335469841957092
vt 0.2842729985713959 0.5298550128936768
vt 0.2842729985713959 0.4991320073604584
vt 0.06692299991846085 0.4895789921283722
vt 0.07236599922180176 0.4895789921283722
vt 0.00184299994725734 0.4895780086517334
vt 0.059463001787662506 0.4895780086517334
vt 0.7910810112953186 0.4895780086517334
vt 0.7965239882469177 0.4895780086517334
vt 0.6570299863815308 0.4895780086517334
vt 0.7084730267524719 0.4895780086517334
vt 0.5769249796867371 0.4895780086517334
vt 0.5791739821434021 0.4895780086517334
vt 0.4931449890136719 0.47823598980903625
vt 0.46713799238204956 0.4895780086517334
vt 0.40223801136016846 0.4895780086517334
vt 0.4598580002784729 0.4895780086517334
vt 0.3703010082244873 0.47823598980903625
vt 0.3963089883327484 0.4895789921283722
vt 0.9009209871292114 0.9980080127716064
vt 0.839372992515564 0.9980080127716064
vt 0.839372992515564 0.9884539842605591
vt 0.9231520295143127 0.9771119952201843
vt 0.8371239900588989 0.9980080127716064
vt 0.8371239900588989 0.9884539842605591
vt 0.7078239917755127 0.9884539842605591
vt 0.7592679858207703 0.9884539842605591
vt 0.7592679858207703 0.9980080127716064
vt 0.7078239917755127 0.9980080127716064
vt 0.07236599922180176 0.4138830006122589
vt 0.07236599922180176 0.45037999749183655
vt 0.06692299991846085 0.4515480101108551
vt 0.06692299991846085 0.4138830006122589
vt 0.059463001787662506 0.4515480101108551
vt 0.00184299994725734 0.4515480101108551
vt 0.00184299994725734 0.4138830006122589
vt 0.059463001787662506 0.4138830006122589
vt 0.7965239882469177 0.4515480101108551
vt 0.7910810112953186 0.45037999749183655
vt 0.7910810112953186 0.4138830006122589
vt 0.7965239882469177 0.4138830006122589
vt 0.7084730267524719 0.4278460144996643
vt 0.6261780261993408 0.4260309934616089
vt 0.6493170261383057 0.4138830006122589
vt 0.7084730267524719 0.4138830006122589
vt 0.34046700596809387 0.8363289833068848
vt 0.345645010471344 0.8344110250473022
vt 0.36234599351882935 0.8484770059585571
vt 0.3617910146713257 0.8484770059585571
vt 0.4931449890136719 0.4138830006122589
vt 0.5850909948348999 0.4138830006122589
vt 0.6064149737358093 0.4260309934616089
vt 0.4931449890136719 0.4278460144996643
vt 0.46713799238204956 0.4278460144996643
vt 0.46713799238204956 0.4138830006122589
vt 0.4598580002784729 0.4278460144996643
vt 0.40223801136016846 0.4278460144996643
vt 0.40223801136016846 0.4138830006122589
vt 0.4598580002784729 0.4138830006122589
vt 0.3963089883327484 0.4278460144996643
vt 0.3703010082244873 0.4278460144996643
vt 0.3703010082244873 0.4138830006122589
vt 0.3963089883327484 0.4138830006122589
vt 0.9231520295143127 0.92672199010849
vt 0.8098819851875305 0.9249070286750793
vt 0.8312060236930847 0.912759006023407
vt 0.9231520295143127 0.912759006023407
vt 0.2965799868106842 0.8484770059585571
vt 0.31328099966049194 0.8344110250473022
vt 0.3184579908847809 0.8363289833068848
vt 0.29713401198387146 0.8484770059585571
vt 0.7078239917755127 0.912759006023407
vt 0.7669810056686401 0.912759006023407
vt 0.790120005607605 0.9249070286750793
vt 0.7078239917755127 0.92672199010849
vt 0.07236599922180176 0.0918319970369339
vt 0.07236599922180176 0.12800399959087372
vt 0.06692299991846085 0.12800399959087372
vt 0.06692299991846085 0.09078600257635117
vt 0.7078239917755127 0.6099770069122314
vt 0.790573000907898 0.6099770069122314
vt 0.7683420181274414 0.6268799901008606
vt 0.7078239917755127 0.6268799901008606
vt 0.3160800039768219 0.550449013710022
vt 0.29879701137542725 0.5335469841957092
vt 0.29940301179885864 0.5335469841957092
vt 0.3202730119228363 0.550449013710022
vt 0.9231520295143127 0.6268799901008606
vt 0.8330209851264954 0.6268799901008606
vt 0.8121510148048401 0.6099770069122314
vt 0.9231520295143127 0.6099770069122314
vt 0.3963089883327484 0.12800399959087372
vt 0.3703010082244873 0.12800399959087372
vt 0.3703010082244873 0.11110100150108337
vt 0.3963089883327484 0.11110100150108337
vt 0.4598580002784729 0.12800399959087372
vt 0.40223801136016846 0.12800399959087372
vt 0.40223801136016846 0.11110100150108337
vt 0.4598580002784729 0.11110100150108337
vt 0.4931449890136719 0.12800399959087372
vt 0.46713799238204956 0.12800399959087372
vt 0.46713799238204956 0.11110100150108337
vt 0.4931449890136719 0.11110100150108337
vt 0.6041470170021057 0.11110100150108337
vt 0.5832759737968445 0.12800399959087372
vt 0.3595220148563385 0.5335469841957092
vt 0.3601279854774475 0.5335469841957092
vt 0.34284600615501404 0.550449013710022
vt 0.33865201473236084 0.550449013710022
vt 0.7084730267524719 0.12800399959087372
vt 0.6479550004005432 0.12800399959087372
vt 0.6257240176200867 0.11110100150108337
vt 0.7084730267524719 0.11110100150108337
vt 0.7965239882469177 0.12800399959087372
vt 0.7910810112953186 0.12800399959087372
vt 0.7910810112953186 0.0918319970369339
vt 0.7965239882469177 0.09078600257635117
vt 0.059463001787662506 0.12800399959087372
vt 0.00184299994725734 0.12800399959087372
vt 0.00184299994725734 0.09078600257635117
vt 0.059463001787662506 0.09078600257635117
vt 0.07236599922180176 0.1397619992494583
vt 0.07236599922180176 0.1559929996728897
vt 0.06692299991846085 0.1559929996728897
vt 0.06692299991846085 0.1397619992494583
vt 0.7078239917755127 0.6386380195617676
vt 0.7592679858207703 0.6386380195617676
vt 0.7592679858207703 0.654869019985199
vt 0.7078239917755127 0.654869019985199
vt 0.3266249895095825 0.5784389972686768
vt 0.3243759870529175 0.5784389972686768
vt 0.32353198528289795 0.5622079968452454
vt 0.3266249895095825 0.5622079968452454
vt 0.9231520295143127 0.654869019985199
vt 0.839372992515564 0.654869019985199
vt 0.839372992515564 0.6386380195617676
vt 0.9231520295143127 0.6386380195617676
vt 0.3963089883327484 0.1559929996728897
vt 0.3703010082244873 0.1559929996728897
vt 0.3703010082244873 0.1397619992494583
vt 0.3963089883327484 0.1397619992494583
vt 0.4598580002784729 0.1559929996728897
vt 0.40223801136016846 0.1559929996728897
vt 0.40223801136016846 0.1397619992494583
vt 0.4598580002784729 0.1397619992494583
vt 0.4931449890136719 0.1559929996728897
vt 0.46713799238204956 0.1559929996728897
vt 0.46713799238204956 0.1397619992494583
vt 0.4931449890136719 0.1397619992494583
vt 0.5769249796867371 0.1397619992494583
vt 0.5769249796867371 0.1559929996728897
vt 0.33230000734329224 0.5622079968452454
vt 0.3353930115699768 0.5622079968452454
vt 0.3345490097999573 0.5784389972686768
vt 0.33230000734329224 0.5784389972686768
vt 0.7084730267524719 0.1559929996728897
vt 0.6570299863815308 0.1559929996728897
vt 0.6570299863815308 0.1397619992494583
vt 0.7084730267524719 0.1397619992494583
vt 0.7965239882469177 0.1559929996728897
vt 0.7910810112953186 0.1559929996728897
vt 0.7910810112953186 0.1397619992494583
vt 0.7965239882469177 0.1397619992494583
vt 0.059463001787662506 0.1559929996728897
vt 0.00184299994725734 0.1559929996728897
vt 0.00184299994725734 0.1397619992494583
vt 0.059463001787662506 0.1397619992494583
vt 0.07236599922180176 0.3933059871196747
vt 0.07236599922180176 0.4030979871749878
vt 0.06692299991846085 0.4030979871749878
vt 0.06692299991846085 0.3933059871196747
vt 0.7078239917755127 0.8921819925308228
vt 0.7592679858207703 0.8921819925308228
vt 0.7629380226135254 0.9019740223884583
vt 0.7078239917755127 0.9019740223884583
vt 0.32273900508880615 0.8255429863929749
vt 0.3186489939689636 0.825543999671936
vt 0.32353198528289795 0.8157510161399841
vt 0.3266249895095825 0.8157510161399841
vt 0.9231520295143127 0.9019740223884583
vt 0.8354859948158264 0.9019740223884583
vt 0.839372992515564 0.8921819925308228
vt 0.9231520295143127 0.8921819925308228
vt 0.3963089883327484 0.4030979871749878
vt 0.3703010082244873 0.4030979871749878
vt 0.3703010082244873 0.3933059871196747
vt 0.3963089883327484 0.3933059871196747
vt 0.4598580002784729 0.4030979871749878
vt 0.40223801136016846 0.4030979871749878
vt 0.40223801136016846 0.3933059871196747
vt 0.4598580002784729 0.3933059871196747
vt 0.4931449890136719 0.4030979871749878
vt 0.46713799238204956 0.4030979871749878
vt 0.46713799238204956 0.3933059871196747
vt 0.4931449890136719 0.3933059871196747
vt 0.5769249796867371 0.3933059871196747
vt 0.5808110237121582 0.4030979871749878
vt 0.33230000734329224 0.8157510161399841
vt 0.3353930115699768 0.8157510161399841
vt 0.34027600288391113 0.825543999671936
vt 0.3361870050430298 0.825543999671936
vt 0.7084730267524719 0.4030979871749878
vt 0.6533589959144592 0.4030979871749878
vt 0.6570299863815308 0.3933059871196747
vt 0.7084730267524719 0.3933059871196747
vt 0.7965239882469177 0.4030979871749878
vt 0.7910810112953186 0.4030979871749878
vt 0.7910810112953186 0.3933059871196747
vt 0.7965239882469177 0.3933059871196747
vt 0.059463001787662506 0.4030979871749878
vt 0.00184299994725734 0.4030979871749878
vt 0.00184299994725734 0.3933059871196747
vt 0.059463001787662506 0.3933059871196747
vt 0.41808000206947327 0.6098390221595764
vt 0.4756999909877777 0.6098390221595764
vt 0.7202320098876953 0.4991320073604584
vt 0.7202320098876953 0.5298550128936768
vt 0.7202320098876953 0.4895780086517334
vt 0.7202320098876953 0.4138830006122589
vt 0.7202320098876953 0.43518200516700745
vt 0.7202320098876953 0.3933059871196747
vt 0.7202320098876953 0.4030979871749878
vt 0.7202320098876953 0.1397619992494583
vt 0.7202320098876953 0.1559929996728897
vt 0.7202320098876953 0.12800399959087372
vt 0.7202320098876953 0.10545799881219864
vt 0.7202320098876953 0.03466999903321266
vt 0.7202320098876953 0.04495900124311447
vt 0.7202320098876953 0.0019920000340789557
vt 0.5389950275421143 0.786641001701355
vt 0.4813750088214874 0.786641001701355
vt 0.14321500062942505 0.03467100113630295
vt 0.14321500062942505 0.0019920000340789557
vt 0.15497300028800964 0.04495900124311447
vt 0.14321500062942505 0.04495900124311447
vt 0.15497300028800964 0.12800399959087372
vt 0.14321500062942505 0.12800399959087372
vt 0.14321500062942505 0.10545799881219864
vt 0.15497300028800964 0.11110100150108337
vt 0.15497300028800964 0.1397619992494583
vt 0.14321500062942505 0.1397619992494583
vt 0.15497300028800964 0.1559929996728897
vt 0.14321500062942505 0.1559929996728897
vt 0.15497300028800964 0.4030979871749878
vt 0.14321500062942505 0.4030979871749878
vt 0.14321500062942505 0.3933059871196747
vt 0.15497300028800964 0.3933059871196747
vt 0.15497300028800964 0.4278460144996643
vt 0.14321500062942505 0.43518200516700745
vt 0.14321500062942505 0.4138830006122589
vt 0.15497300028800964 0.4138830006122589
vt 0.14321500062942505 0.4991320073604584
vt 0.14321500062942505 0.4895780086517334
vt 0.15497300028800964 0.4895780086517334
vt 0.14321500062942505 0.5298550128936768
vt 0.6047530174255371 0.11110100150108337
vt 0.8115450143814087 0.6099770069122314
vt 0.8093270063400269 0.9249070286750793
vt 0.6069700121879578 0.4260309934616089
vt 0.19390399754047394 0.6650949716567993
vt 0.19390399754047394 0.7257360219955444
vt 0.17856700718402863 0.7257360219955444
vt 0.17856700718402863 0.6650949716567993
vt 0.19390399754047394 0.7488740086555481
vt 0.17856700718402863 0.7488740086555481
vt 0.6868119835853577 0.5438349843025208
vt 0.6868119835853577 0.5335469841957092
vt 0.702148973941803 0.5335469841957092
vt 0.702148973941803 0.5438349843025208
vt 0.19390399754047394 0.5335469841957092
vt 0.19390399754047394 0.5849900245666504
vt 0.17856700718402863 0.5849900245666504
vt 0.17856700718402863 0.5335469841957092
vt 0.17856700718402863 0.662846028804779
vt 0.19390399754047394 0.662846028804779
vt 0.1728920042514801 0.5557780265808105
vt 0.1728920042514801 0.617326021194458
vt 0.1575549989938736 0.617326021194458
vt 0.1575549989938736 0.5557780265808105
vt 0.1728920042514801 0.5335469841957092
vt 0.1575549989938736 0.5335469841957092
vt 0.1728920042514801 0.619575023651123
vt 0.1575549989938736 0.619575023651123
vt 0.1728920042514801 0.6974310278892517
vt 0.1728920042514801 0.7488740086555481
vt 0.1575549989938736 0.7488740086555481
vt 0.1575549989938736 0.6974310278892517
vt 0.6868119835853577 0.9980080127716064
vt 0.6868119835853577 0.9884539842605591
vt 0.702148973941803 0.9884539842605591
vt 0.702148973941803 0.9980080127716064
vt 0.6811370253562927 0.8874980211257935
vt 0.6811370253562927 0.9014610052108765
vt 0.6657999753952026 0.9014610052108765
vt 0.6657999753952026 0.8874980211257935
vt 0.6868119835853577 0.92672199010849
vt 0.6868119835853577 0.912759006023407
vt 0.702148973941803 0.912759006023407
vt 0.702148973941803 0.92672199010849
vt 0.6868119835853577 0.6268799901008606
vt 0.6868119835853577 0.6099770069122314
vt 0.702148973941803 0.6099770069122314
vt 0.702148973941803 0.6268799901008606
vt 0.6811370253562927 0.5847160220146179
vt 0.6811370253562927 0.6016190052032471
vt 0.6657999753952026 0.6016190052032471
vt 0.6657999753952026 0.5847160220146179
vt 0.702148973941803 0.654869019985199
vt 0.6868119835853577 0.654869019985199
vt 0.6868119835853577 0.6386380195617676
vt 0.702148973941803 0.6386380195617676
vt 0.6811370253562927 0.6133779883384705
vt 0.6811370253562927 0.6296089887619019
vt 0.6657999753952026 0.6296089887619019
vt 0.6657999753952026 0.6133779883384705
vt 0.702148973941803 0.9019740223884583
vt 0.6868119835853577 0.9019740223884583
vt 0.6868119835853577 0.8921819925308228
vt 0.702148973941803 0.8921819925308228
vt 0.6811370253562927 0.8669210076332092
vt 0.6811370253562927 0.8767129778862
vt 0.6657999753952026 0.8767129778862
vt 0.6657999753952026 0.8669210076332092
vt 0.6811370253562927 0.5335469841957092
vt 0.6657999753952026 0.5335469841957092
vt 0.6811370253562927 0.9518510103225708
vt 0.6657999753952026 0.9518510103225708
vt 0.14263899624347687 0.7142059803009033
vt 0.14263899624347687 0.6910669803619385
vt 0.14869900047779083 0.6910669803619385
vt 0.14869900047779083 0.7142059803009033
vt 0.14869900047779083 0.6718590259552002
vt 0.14263899624347687 0.6718590259552002
vt 0.14263899624347687 0.6713039875030518
vt 0.14869900047779083 0.6713039875030518
vt 0.14263899624347687 0.6499800086021423
vt 0.14869900047779083 0.6499800086021423
vt 0.07414399832487106 0.586430013179779
vt 0.07414399832487106 0.5858240127563477
vt 0.08020400255918503 0.5858240127563477
vt 0.08020400255918503 0.586430013179779
vt 0.07414399832487106 0.5648519992828369
vt 0.07414399832487106 0.5426210165023804
vt 0.08020400255918503 0.5426210165023804
vt 0.08020400255918503 0.5648519992828369
vt 0.07414399832487106 0.6072999835014343
vt 0.08020400255918503 0.6072999835014343
vt 0.21737399697303772 0.5335469841957092
vt 0.21737399697303772 0.5497779846191406
vt 0.21131399273872375 0.5497779846191406
vt 0.21131399273872375 0.5335469841957092
vt 0.2408449947834015 0.5615360140800476
vt 0.23478500545024872 0.5615360140800476
vt 0.23478500545024872 0.5453050136566162
vt 0.2408449947834015 0.5453050136566162
vt 0.21737399697303772 0.787090003490448
vt 0.21737399697303772 0.7968819737434387
vt 0.21131399273872375 0.7968819737434387
vt 0.21131399273872375 0.787090003490448
vt 0.2408449947834015 0.8086410164833069
vt 0.23478500545024872 0.8086410164833069
vt 0.23478500545024872 0.7988489866256714
vt 0.2408449947834015 0.7988489866256714
vt 0.07414399832487106 0.5335469841957092
vt 0.08020400255918503 0.5335469841957092
vt 0.23478500545024872 0.5335469841957092
vt 0.2408449947834015 0.5335469841957092
vt 0.16131900250911713 0.7525659799575806
vt 0.16131900250911713 0.7738900184631348
vt 0.15525799989700317 0.7738900184631348
vt 0.15525799989700317 0.7525659799575806
vt 0.16131900250911713 0.7744449973106384
vt 0.15525799989700317 0.7744449973106384
vt 0.16131900250911713 0.7936530113220215
vt 0.16131900250911713 0.8167920112609863
vt 0.15525799989700317 0.8167920112609863
vt 0.15525799989700317 0.7936530113220215
vt 0.06240899860858917 0.5858240127563477
vt 0.06846900284290314 0.5858240127563477
vt 0.06846900284290314 0.586430013179779
vt 0.06240899860858917 0.586430013179779
vt 0.06846900284290314 0.6072999835014343
vt 0.06240899860858917 0.6072999835014343
vt 0.06846900284290314 0.5426210165023804
vt 0.06846900284290314 0.5648519992828369
vt 0.06240899860858917 0.5648519992828369
vt 0.06240899860858917 0.5426210165023804
vt 0.2291100025177002 0.5453050136566162
vt 0.2291100025177002 0.5615360140800476
vt 0.22304999828338623 0.5615360140800476
vt 0.22304999828338623 0.5453050136566162
vt 0.20563900470733643 0.5497779846191406
vt 0.19957900047302246 0.5497779846191406
vt 0.19957900047302246 0.5335469841957092
vt 0.20563900470733643 0.5335469841957092
vt 0.2291100025177002 0.7988479733467102
vt 0.2291100025177002 0.8086410164833069
vt 0.22304999828338623 0.8086410164833069
vt 0.22304999828338623 0.7988479733467102
vt 0.20563900470733643 0.7968819737434387
vt 0.19957900047302246 0.7968819737434387
vt 0.19957900047302246 0.787090003490448
vt 0.20563900470733643 0.787090003490448
vt 0.2291100025177002 0.5335469841957092
vt 0.22304999828338623 0.5335469841957092
vt 0.06846900284290314 0.5335469841957092
vt 0.06240899860858917 0.5335469841957092
vt 0.4756999909877777 0.682191014289856
vt 0.41808000206947327 0.682191014289856
vt 0.2155669927597046 0.4991320073604584
vt 0.2155669927597046 0.5298550128936768
vt 0.1575549989938736 0.6882809996604919
vt 0.1728920042514801 0.6882809996604919
vt 0.76841801404953 0.9884539842605591
vt 0.76841801404953 0.9980080127716064
vt 0.7923769950866699 0.9249070286750793
vt 0.15525799989700317 0.7913960218429565
vt 0.16131900250911713 0.7913960218429565
vt 0.2542330026626587 0.8363280296325684
vt 0.27835598587989807 0.8309869766235352
vt 0.2796289920806885 0.8484770059585571
vt 0.27737200260162354 0.8484770059585571
vt 0.24651999771595 0.8157510161399841
vt 0.25745099782943726 0.8157510161399841
vt 0.26678699254989624 0.825543999671936
vt 0.25019100308418274 0.8255429863929749
vt 0.24651999771595 0.5622079968452454
vt 0.25846800208091736 0.5622079968452454
vt 0.2556700110435486 0.5784389972686768
vt 0.24651999771595 0.5784389972686768
vt 0.2555939853191376 0.550449013710022
vt 0.26806899905204773 0.550449013710022
vt 0.2778260111808777 0.5335469841957092
vt 0.28029000759124756 0.5335469841957092
vt 0.06846900284290314 0.567317008972168
vt 0.06240899860858917 0.567317008972168
vt 0.76841801404953 0.5438349843025208
vt 0.793038010597229 0.6099770069122314
vt 0.76841801404953 0.5335469841957092
vt 0.19390399754047394 0.5941399931907654
vt 0.17856700718402863 0.5941399931907654
vt 0.2155669927597046 0.0019920000340789557
vt 0.2155669927597046 0.03467100113630295
vt 0.4813750088214874 0.7142879962921143
vt 0.5389950275421143 0.7142879962921143
vt 0.6478790044784546 0.03466999903321266
vt 0.6478790044784546 0.0019920000340789557
vt 0.6478790044784546 0.04495900124311447
vt 0.6232590079307556 0.11110100150108337
vt 0.08020400255918503 0.567317008972168
vt 0.07414399832487106 0.567317008972168
vt 0.390855997800827 0.550449013710022
vt 0.3786349892616272 0.5335469841957092
vt 0.38109999895095825 0.5335469841957092
vt 0.4033310115337372 0.550449013710022
vt 0.4004569947719574 0.5622079968452454
vt 0.41240501403808594 0.5622079968452454
vt 0.41240501403808594 0.5784389972686768
vt 0.40325498580932617 0.5784389972686768
vt 0.4087350070476532 0.825543999671936
vt 0.3921389877796173 0.825543999671936
vt 0.4014750123023987 0.8157510161399841
vt 0.41240501403808594 0.8157510161399841
vt 0.3792960047721863 0.8484770059585571
vt 0.3805690109729767 0.8309879899024963
vt 0.40469199419021606 0.8363289833068848
vt 0.3815540075302124 0.8484770059585571
vt 0.14263899624347687 0.6888089776039124
vt 0.14869900047779083 0.6888089776039124
vt 0.6478790044784546 0.4895789921283722
vt 0.6239200234413147 0.4260309934616089
vt 0.6478790044784546 0.4991320073604584
vt 0.6478790044784546 0.5298550128936768
vt 0.4756999909877777 0.7456870079040527
vt 0.41808000206947327 0.7456870079040527
vt 0.41808000206947327 0.713549017906189
vt 0.4756999909877777 0.713549017906189
vt 0.5843830108642578 0.5298550128936768
vt 0.5843830108642578 0.4991320073604584
vt 0.6165210008621216 0.4991320073604584
vt 0.6165210008621216 0.5298550128936768
vt 0.5843830108642578 0.4895789921283722
vt 0.6165210008621216 0.4895789921283722
vt 0.6082550287246704 0.4260309934616089
vt 0.6161839962005615 0.4260309934616089
vt 0.14869900047779083 0.681073009967804
vt 0.14263899624347687 0.681073009967804
vt 0.14263899624347687 0.6731449961662292
vt 0.14869900047779083 0.6731449961662292
vt 0.363631010055542 0.8484770059585571
vt 0.35763800144195557 0.8299700021743774
vt 0.3722139894962311 0.8320050239562988
vt 0.3715600073337555 0.8484770059585571
vt 0.35255900025367737 0.550449013710022
vt 0.3615320026874542 0.5335469841957092
vt 0.37018799781799316 0.5335469841957092
vt 0.37062400579452515 0.5446000099182129
vt 0.08020400255918503 0.5844200253486633
vt 0.07414399832487106 0.5844200253486633
vt 0.07414399832487106 0.575764000415802
vt 0.08020400255918503 0.575764000415802
vt 0.6061559915542603 0.11110100150108337
vt 0.5843830108642578 0.04495900124311447
vt 0.6165210008621216 0.04495900124311447
vt 0.6148130297660828 0.11110100150108337
vt 0.6165210008621216 0.03466999903321266
vt 0.5843830108642578 0.03466999903321266
vt 0.6165210008621216 0.0019920000340789557
vt 0.5843830108642578 0.0019920000340789557
vt 0.5389950275421143 0.6829299926757812
vt 0.4813750088214874 0.6829299926757812
vt 0.4813750088214874 0.6507920026779175
vt 0.5389950275421143 0.6507930159568787
vt 0.27906298637390137 0.0019920000340789557
vt 0.27906298637390137 0.03467100113630295
vt 0.2469249963760376 0.03467100113630295
vt 0.2469249963760376 0.0019920000340789557
vt 0.17856700718402863 0.6254990100860596
vt 0.19390399754047394 0.6254990100860596
vt 0.19390399754047394 0.6576359868049622
vt 0.17856700718402863 0.6576359868049622
vt 0.8319140076637268 0.5335469841957092
vt 0.8319140076637268 0.5438349843025208
vt 0.799776017665863 0.5438349843025208
vt 0.799776017665863 0.5335469841957092
vt 0.801485002040863 0.6099770069122314
vt 0.8101410269737244 0.6099770069122314
vt 0.06240899860858917 0.575764000415802
vt 0.06846900284290314 0.575764000415802
vt 0.06846900284290314 0.5844200253486633
vt 0.06240899860858917 0.5844200253486633
vt 0.2883020043373108 0.5446000099182129
vt 0.2887369990348816 0.5335469841957092
vt 0.2973940074443817 0.5335469841957092
vt 0.3063659965991974 0.550449013710022
vt 0.28736600279808044 0.8484770059585571
vt 0.2867110073566437 0.8320050239562988
vt 0.3012869954109192 0.8299700021743774
vt 0.29529398679733276 0.8484770059585571
vt 0.15525799989700317 0.7757310271263123
vt 0.16131900250911713 0.7757310271263123
vt 0.16131900250911713 0.7836589813232422
vt 0.15525799989700317 0.7836589813232422
vt 0.799776017665863 0.9884539842605591
vt 0.8001130223274231 0.9249070286750793
vt 0.8080419898033142 0.9249070286750793
vt 0.8319140076637268 0.9884539842605591
vt 0.799776017665863 0.9980080127716064
vt 0.8319140076637268 0.9980080127716064
vt 0.1575549989938736 0.6247850060462952
vt 0.1728920042514801 0.6247850060462952
vt 0.1728920042514801 0.6569229960441589
vt 0.1575549989938736 0.6569229960441589
vt 0.2469249963760376 0.5298550128936768
vt 0.2469249963760376 0.4991320073604584
vt 0.27906298637390137 0.4991320073604584
vt 0.27906298637390137 0.5298550128936768
vt 0.14321500062942505 0.3792150020599365
vt 0.15497300028800964 0.3792150020599365
vt 0.06692299991846085 0.3792159855365753
vt 0.07236599922180176 0.3792159855365753
vt 0.00184299994725734 0.3792159855365753
vt 0.059463001787662506 0.3792159855365753
vt 0.7910810112953186 0.3792159855365753
vt 0.7965239882469177 0.3792159855365753
vt 0.7084730267524719 0.3792159855365753
vt 0.7202320098876953 0.3792159855365753
vt 0.6570299863815308 0.3792159855365753
vt 0.21131399273872375 0.7730000019073486
vt 0.21737399697303772 0.7730000019073486
vt 0.40325498580932617 0.8016610145568848
vt 0.41240501403808594 0.8016610145568848
vt 0.33230000734329224 0.8016610145568848
vt 0.3345490097999573 0.8016610145568848
vt 0.23478500545024872 0.784758985042572
vt 0.2408449947834015 0.784758985042572
vt 0.4931449890136719 0.3792159855365753
vt 0.5769249796867371 0.3792159855365753
vt 0.46713799238204956 0.3792159855365753
vt 0.40223801136016846 0.3792159855365753
vt 0.4598580002784729 0.3792159855365753
vt 0.3703010082244873 0.3792150020599365
vt 0.3963089883327484 0.3792159855365753
vt 0.6657999753952026 0.8528310060501099
vt 0.6811370253562927 0.8528310060501099
vt 0.839372992515564 0.8780919909477234
vt 0.9231520295143127 0.8780919909477234
vt 0.22304999828338623 0.7847579717636108
vt 0.2291100025177002 0.7847579717636108
vt 0.3243759870529175 0.8016610145568848
vt 0.3266249895095825 0.8016610145568848
vt 0.24651999771595 0.8016610145568848
vt 0.2556700110435486 0.8016610145568848
vt 0.19957900047302246 0.7730000019073486
vt 0.20563900470733643 0.7730000019073486
vt 0.7078239917755127 0.8780919909477234
vt 0.7592679858207703 0.8780919909477234
vt 0.6868119835853577 0.8780919909477234
vt 0.702148973941803 0.8780919909477234
vt 0.06692299991846085 0.18956699967384338
vt 0.07236599922180176 0.18956699967384338
vt 0.07236599922180176 0.21003499627113342
vt 0.06692299991846085 0.21003499627113342
vt 0.15497300028800964 0.21003499627113342
vt 0.14321500062942505 0.21003499627113342
vt 0.14321500062942505 0.18956699967384338
vt 0.15497300028800964 0.18956699967384338
vt 0.702148973941803 0.7089110016822815
vt 0.6868119835853577 0.7089110016822815
vt 0.6868119835853577 0.6884430050849915
vt 0.702148973941803 0.6884430050849915
vt 0.7078239917755127 0.6884430050849915
vt 0.7592679858207703 0.6884430050849915
vt 0.7592679858207703 0.7089110016822815
vt 0.7078239917755127 0.7089110016822815
vt 0.20563900470733643 0.6038190126419067
vt 0.19957900047302246 0.6038190126419067
vt 0.19957900047302246 0.5833520293235779
vt 0.20563900470733643 0.5833520293235779
vt 0.24651999771595 0.6120129823684692
vt 0.2739830017089844 0.609470009803772
vt 0.27378299832344055 0.6304380297660828
vt 0.24651999771595 0.6324809789657593
vt 0.29978200793266296 0.6373389959335327
vt 0.2870289981365204 0.6379889845848083
vt 0.2870289981365204 0.6120129823684692
vt 0.29958200454711914 0.6109960079193115
vt 0.3266249895095825 0.6324809789657593
vt 0.31853100657463074 0.6370300054550171
vt 0.3184710144996643 0.611706018447876
vt 0.3266249895095825 0.6120129823684692
vt 0.22304999828338623 0.5951099991798401
vt 0.2291100025177002 0.5951099991798401
vt 0.2291100025177002 0.6155779957771301
vt 0.22304999828338623 0.6155779957771301
vt 0.9231520295143127 0.7089110016822815
vt 0.839372992515564 0.7089110016822815
vt 0.839372992515564 0.6884440183639526
vt 0.9231520295143127 0.6884430050849915
vt 0.6657999753952026 0.6631829738616943
vt 0.6811370253562927 0.6631829738616943
vt 0.6811370253562927 0.683650016784668
vt 0.6657999753952026 0.683650016784668
vt 0.3963089883327484 0.21003499627113342
vt 0.3703010082244873 0.21003499627113342
vt 0.3703010082244873 0.18956699967384338
vt 0.3963089883327484 0.18956699967384338
vt 0.4598580002784729 0.21003499627113342
vt 0.40223801136016846 0.21003499627113342
vt 0.40223801136016846 0.18956699967384338
vt 0.4598580002784729 0.18956699967384338
vt 0.4931449890136719 0.21003499627113342
vt 0.46713799238204956 0.21003499627113342
vt 0.46713799238204956 0.18956699967384338
vt 0.4931449890136719 0.18956699967384338
vt 0.5769249796867371 0.18956699967384338
vt 0.5769249796867371 0.21003499627113342
vt 0.2408449947834015 0.6155779957771301
vt 0.23478500545024872 0.6155779957771301
vt 0.23478500545024872 0.5951099991798401
vt 0.2408449947834015 0.5951099991798401
vt 0.33230000734329224 0.6120129823684692
vt 0.34045499563217163 0.611706018447876
vt 0.340393990278244 0.6370300054550171
vt 0.33230000734329224 0.6324809789657593
vt 0.37189701199531555 0.6120129823684692
vt 0.37189701199531555 0.6379889845848083
vt 0.3591429889202118 0.6373389959335327
vt 0.3593429923057556 0.6109960079193115
vt 0.41240501403808594 0.6324809789657593
vt 0.3851430118083954 0.6304380297660828
vt 0.3849419951438904 0.609470009803772
vt 0.41240501403808594 0.6120129823684692
vt 0.21131399273872375 0.5833520293235779
vt 0.21737399697303772 0.5833520293235779
vt 0.21737399697303772 0.6038190126419067
vt 0.21131399273872375 0.6038190126419067
vt 0.7084730267524719 0.21003499627113342
vt 0.6570299863815308 0.21003499627113342
vt 0.6570299863815308 0.18956699967384338
vt 0.7084730267524719 0.18956699967384338
vt 0.7202320098876953 0.18956699967384338
vt 0.7202320098876953 0.21003499627113342
vt 0.7965239882469177 0.21003499627113342
vt 0.7910810112953186 0.21003499627113342
vt 0.7910810112953186 0.18956699967384338
vt 0.7965239882469177 0.18956699967384338
vt 0.059463001787662506 0.21003499627113342
vt 0.00184299994725734 0.21003499627113342
vt 0.00184299994725734 0.18956699967384338
vt 0.059463001787662506 0.18956699967384338
vt 0.4756999909877777 0.6951689720153809
vt 0.41808000206947327 0.6951689720153809
vt 0.22854499518871307 0.4991320073604584
vt 0.22854499518871307 0.5298550128936768
vt 0.1575549989938736 0.6753029823303223
vt 0.1728920042514801 0.6753029823303223
vt 0.7813959717750549 0.9884539842605591
vt 0.7813959717750549 0.9980080127716064
vt 0.7955790162086487 0.9249070286750793
vt 0.15525799989700317 0.7881940007209778
vt 0.16131900250911713 0.7881940007209778
vt 0.28181400895118713 0.8314080238342285
vt 0.28283101320266724 0.8484770059585571
vt 0.27938199043273926 0.6105219721794128
vt 0.27926498651504517 0.6380630135536194
vt 0.28378599882125854 0.5335469841957092
vt 0.2764419913291931 0.5480290055274963
vt 0.06846900284290314 0.570813000202179
vt 0.06240899860858917 0.570813000202179
vt 0.7813950181007385 0.5438349843025208
vt 0.79653400182724 0.6099770069122314
vt 0.7813959717750549 0.5335469841957092
vt 0.19390399754047394 0.6071180105209351
vt 0.17856700718402863 0.6071180105209351
vt 0.22854499518871307 0.0019920000340789557
vt 0.22854499518871307 0.03467100113630295
vt 0.4813750088214874 0.7013109922409058
vt 0.5389950275421143 0.7013109922409058
vt 0.6349020004272461 0.03466999903321266
vt 0.6349020004272461 0.0019920000340789557
vt 0.6349020004272461 0.04495900124311447
vt 0.619763970375061 0.11110100150108337
vt 0.08020400255918503 0.570813000202179
vt 0.07414399832487106 0.570813000202179
vt 0.38248300552368164 0.5480290055274963
vt 0.3751389980316162 0.5335469841957092
vt 0.3796609938144684 0.6380630135536194
vt 0.3795439898967743 0.6105219721794128
vt 0.3760940134525299 0.8484770059585571
vt 0.3771120011806488 0.8314089775085449
vt 0.14263899624347687 0.6856080293655396
vt 0.14869900047779083 0.6856080293655396
vt 0.6349020004272461 0.4895789921283722
vt 0.6207190155982971 0.4260309934616089
vt 0.6349020004272461 0.4991320073604584
vt 0.6349020004272461 0.5298550128936768
vt 0.14321500062942505 0.17501300573349
vt 0.15497300028800964 0.17501300573349
vt 0.06692299991846085 0.17501300573349
vt 0.07236599922180176 0.17501300573349
vt 0.00184299994725734 0.17501300573349
vt 0.059463001787662506 0.17501300573349
vt 0.7910810112953186 0.17501300573349
vt 0.7965239882469177 0.17501300573349
vt 0.7084730267524719 0.17501300573349
vt 0.7202320098876953 0.17501300573349
vt 0.6570299863815308 0.17501300573349
vt 0.21131399273872375 0.5687980055809021
vt 0.21737399697303772 0.5687980055809021
vt 0.3976599872112274 0.5974590182304382
vt 0.41240501403808594 0.5974590182304382
vt 0.33230000734329224 0.5974590182304382
vt 0.3358530104160309 0.5974590182304382
vt 0.23478500545024872 0.5805559754371643
vt 0.2408449947834015 0.5805559754371643
vt 0.4931449890136719 0.17501300573349
vt 0.5769249796867371 0.17501300573349
vt 0.46713799238204956 0.17501300573349
vt 0.40223801136016846 0.17501400411128998
vt 0.4598580002784729 0.17501400411128998
vt 0.3703010082244873 0.17501300573349
vt 0.3963089883327484 0.17501300573349
vt 0.6657999753952026 0.6486290097236633
vt 0.6811370253562927 0.6486290097236633
vt 0.839372992515564 0.6738899946212769
vt 0.9231520295143127 0.6738899946212769
vt 0.22304999828338623 0.5805559754371643
vt 0.2291100025177002 0.5805559754371643
vt 0.32307198643684387 0.5974590182304382
vt 0.3266249895095825 0.5974590182304382
vt 0.24651999771595 0.5974590182304382
vt 0.26126599311828613 0.5974590182304382
vt 0.19957900047302246 0.5687980055809021
vt 0.20563900470733643 0.5687980055809021
vt 0.7078239917755127 0.6738899946212769
vt 0.7592679858207703 0.6738899946212769
vt 0.6868119835853577 0.6738899946212769
vt 0.702148973941803 0.6738899946212769
vt 0.06692299991846085 0.34564200043678284
vt 0.07236599922180176 0.34564200043678284
vt 0.07236599922180176 0.36144599318504333
vt 0.06692299991846085 0.3614470064640045
vt 0.15497300028800964 0.36144599318504333
vt 0.14321500062942505 0.36144599318504333
vt 0.14321500062942505 0.34564098715782166
vt 0.15497300028800964 0.34564098715782166
vt 0.702148973941803 0.8603230118751526
vt 0.6868119835853577 0.8603230118751526
vt 0.6868119835853577 0.8445180058479309
vt 0.702148973941803 0.8445180058479309
vt 0.7078239917755127 0.8445180058479309
vt 0.7592679858207703 0.8445180058479309
vt 0.7592679858207703 0.8603230118751526
vt 0.7078239917755127 0.8603230118751526
vt 0.20563900470733643 0.7552310228347778
vt 0.19957900047302246 0.7552310228347778
vt 0.19957900047302246 0.7394260168075562
vt 0.20563900470733643 0.7394260168075562
vt 0.24651999771595 0.7680870294570923
vt 0.2724570035934448 0.7693589925765991
vt 0.2587220072746277 0.7838919758796692
vt 0.24651999771595 0.7838919758796692
vt 0.3266249895095825 0.7838919758796692
vt 0.3233020007610321 0.7838919758796692
vt 0.3189310133457184 0.7686240077018738
vt 0.3266249895095825 0.7680870294570923
vt 0.22304999828338623 0.7511839866638184
vt 0.2291100025177002 0.7511839866638184
vt 0.2291100025177002 0.76698899269104
vt 0.22304999828338623 0.76698899269104
vt 0.9231520295143127 0.8603230118751526
vt 0.839372992515564 0.8603230118751526
vt 0.839372992515564 0.8445180058479309
vt 0.9231520295143127 0.8445180058479309
vt 0.6657999753952026 0.8192570209503174
vt 0.6811370253562927 0.8192570209503174
vt 0.6811370253562927 0.8350620269775391
vt 0.6657999753952026 0.8350620269775391
vt 0.3963089883327484 0.3614470064640045
vt 0.3703010082244873 0.36144599318504333
vt 0.3703010082244873 0.34564098715782166
vt 0.3963089883327484 0.34564200043678284
vt 0.4598580002784729 0.3614470064640045
vt 0.40223801136016846 0.3614470064640045
vt 0.40223801136016846 0.34564200043678284
vt 0.4598580002784729 0.34564200043678284
vt 0.4931449890136719 0.3614470064640045
vt 0.46713799238204956 0.3614470064640045
vt 0.46713799238204956 0.34564200043678284
vt 0.4931449890136719 0.34564200043678284
vt 0.5769249796867371 0.34564200043678284
vt 0.5769249796867371 0.3614470064640045
vt 0.2408449947834015 0.76698899269104
vt 0.23478500545024872 0.76698899269104
vt 0.23478500545024872 0.7511849999427795
vt 0.2408449947834015 0.7511849999427795
vt 0.33230000734329224 0.7680870294570923
vt 0.33999499678611755 0.7686240077018738
vt 0.33562299609184265 0.7838919758796692
vt 0.33230000734329224 0.7838919758796692
vt 0.41240501403808594 0.7838919758796692
vt 0.40020298957824707 0.7838919758796692
vt 0.38646799325942993 0.7693589925765991
vt 0.41240501403808594 0.7680870294570923
vt 0.21131399273872375 0.7394260168075562
vt 0.21737399697303772 0.7394260168075562
vt 0.21737399697303772 0.7552310228347778
vt 0.21131399273872375 0.7552310228347778
vt 0.7084730267524719 0.3614470064640045
vt 0.6570299863815308 0.3614470064640045
vt 0.6570299863815308 0.34564200043678284
vt 0.7084730267524719 0.34564200043678284
vt 0.7202320098876953 0.34564200043678284
vt 0.7202320098876953 0.3614470064640045
vt 0.7965239882469177 0.3614470064640045
vt 0.7910810112953186 0.3614470064640045
vt 0.7910810112953186 0.34564200043678284
vt 0.7965239882469177 0.34564200043678284
vt 0.059463001787662506 0.3614470064640045
vt 0.00184299994725734 0.3614470064640045
vt 0.00184299994725734 0.34564200043678284
vt 0.059463001787662506 0.34564200043678284
vt 0.21737399697303772 0.8076670169830322
vt 0.21131399273872375 0.8076670169830322
vt 0.23478500545024872 0.8194260001182556
vt 0.2408449947834015 0.8194260001182556
vt 0.2291100025177002 0.8194260001182556
vt 0.22304999828338623 0.8194260001182556
vt 0.19957900047302246 0.8076670169830322
vt 0.20563900470733643 0.8076670169830322
vt 0.3091759979724884 0.825543999671936
vt 0.3163689970970154 0.8157510161399841
vt 0.31916600465774536 0.8016610145568848
vt 0.3156059980392456 0.7838919758796692
vt 0.3011080026626587 0.769868016242981
vt 0.31484198570251465 0.5974590182304382
vt 0.31916600465774536 0.5784389972686768
vt 0.3163689970970154 0.5622079968452454
vt 0.34255701303482056 0.5622079968452454
vt 0.3397589921951294 0.5784389972686768
vt 0.3440830111503601 0.5974590182304382
vt 0.35781699419021606 0.769868016242981
vt 0.34332001209259033 0.7838919758796692
vt 0.3397589921951294 0.8016610145568848
vt 0.34255701303482056 0.8157510161399841
vt 0.34974899888038635 0.825543999671936
vt 0.14321500062942505 0.3234289884567261
vt 0.15497300028800964 0.3234289884567261
vt 0.06692299991846085 0.3234289884567261
vt 0.07236599922180176 0.3234289884567261
vt 0.00184299994725734 0.3234289884567261
vt 0.059463001787662506 0.3234289884567261
vt 0.7910810112953186 0.3234289884567261
vt 0.7965239882469177 0.3234289884567261
vt 0.7084730267524719 0.3234289884567261
vt 0.7202320098876953 0.3234289884567261
vt 0.6570299863815308 0.3234289884567261
vt 0.21131399273872375 0.7172139883041382
vt 0.21737399697303772 0.7172139883041382
vt 0.3862510025501251 0.7466040253639221
vt 0.41240501403808594 0.7458750009536743
vt 0.3804379999637604 0.7688329815864563
vt 0.3803110122680664 0.7497820258140564
vt 0.37189701199531555 0.7501180171966553
vt 0.37189701199531555 0.7680870294570923
vt 0.35803499817848206 0.7499740123748779
vt 0.3400599956512451 0.7497720122337341
vt 0.33230000734329224 0.7458750009536743
vt 0.23478500545024872 0.7289720177650452
vt 0.2408449947834015 0.7289720177650452
vt 0.4931449890136719 0.3234289884567261
vt 0.5769249796867371 0.3234289884567261
vt 0.46713799238204956 0.3234289884567261
vt 0.40223801136016846 0.3234289884567261
vt 0.4598580002784729 0.3234289884567261
vt 0.3703010082244873 0.3234289884567261
vt 0.3963089883327484 0.3234289884567261
vt 0.6657999753952026 0.7970439791679382
vt 0.6811370253562927 0.7970439791679382
vt 0.839372992515564 0.8223050236701965
vt 0.9231520295143127 0.8223050236701965
vt 0.22304999828338623 0.7289720177650452
vt 0.2291100025177002 0.7289720177650452
vt 0.31886500120162964 0.749770998954773
vt 0.3266249895095825 0.7458750009536743
vt 0.3008910119533539 0.7499740123748779
vt 0.2870289981365204 0.7680870294570923
vt 0.2870289981365204 0.7501180171966553
vt 0.27861499786376953 0.7497820258140564
vt 0.2784869968891144 0.7688329815864563
vt 0.27267399430274963 0.7466040253639221
vt 0.24651999771595 0.7458750009536743
vt 0.19957900047302246 0.717212975025177
vt 0.20563900470733643 0.717212975025177
vt 0.7078239917755127 0.8223050236701965
vt 0.7592679858207703 0.8223050236701965
vt 0.6868119835853577 0.8223050236701965
vt 0.702148973941803 0.8223050236701965
vt 0.3481549918651581 0.8599330186843872
vt 0.3481549918651581 0.8521689772605896
vt 0.35176900029182434 0.8521689772605896
vt 0.35176900029182434 0.8599330186843872
vt 0.11604200303554535 0.5335469841957092
vt 0.11604200303554535 0.6452649831771851
vt 0.11242800205945969 0.6452649831771851
vt 0.11242800205945969 0.5335469841957092
vt 0.31209900975227356 0.8924199938774109
vt 0.31209900975227356 0.8840060234069824
vt 0.31571298837661743 0.8840060234069824
vt 0.31571298837661743 0.8924199938774109
vt 0.3481549918651581 0.8726869821548462
vt 0.35176900029182434 0.8726869821548462
vt 0.31209900975227356 0.8701440095901489
vt 0.31571298837661743 0.8701440095901489
vt 0.31209900975227356 0.8521689772605896
vt 0.31571298837661743 0.8521689772605896
vt 0.12171699851751328 0.6462879776954651
vt 0.12171699851751328 0.5335469841957092
vt 0.12533099949359894 0.5335469841957092
vt 0.12533099949359894 0.6462879776954651
vt 0.3481549918651581 0.8914350271224976
vt 0.35176900029182434 0.8914350271224976
vt 0.37831801176071167 0.8726860284805298
vt 0.37831801176071167 0.8914350271224976
vt 0.3747040033340454 0.8914350271224976
vt 0.3747040033340454 0.8726860284805298
vt 0.15187999606132507 0.5335469841957092
vt 0.15187999606132507 0.6462879776954651
vt 0.14826600253582 0.6462879776954651
vt 0.14826600253582 0.5335469841957092
vt 0.34226199984550476 0.8521689772605896
vt 0.34226199984550476 0.8701440095901489
vt 0.3386479914188385 0.8701440095901489
vt 0.3386479914188385 0.8521689772605896
vt 0.34226199984550476 0.8840060234069824
vt 0.3386479914188385 0.8840060234069824
vt 0.37831801176071167 0.8599330186843872
vt 0.3747040033340454 0.8599330186843872
vt 0.37831801176071167 0.8521689772605896
vt 0.3747040033340454 0.8521689772605896
vt 0.34226199984550476 0.8924199938774109
vt 0.3386479914188385 0.8924199938774109
vt 0.08587899804115295 0.6452649831771851
vt 0.08587899804115295 0.5335469841957092
vt 0.08949299901723862 0.5335469841957092
vt 0.08949299901723862 0.6452649831771851
vt 0.2340960055589676 0.8529520034790039
vt 0.2340960055589676 0.8710160255432129
vt 0.2039330005645752 0.8710160255432129
vt 0.2039330005645752 0.8529520034790039
vt 0.2340960055589676 0.8810179829597473
vt 0.2039330005645752 0.8810179829597473
vt 0.4143730103969574 0.8666250109672546
vt 0.4143730103969574 0.882856011390686
vt 0.3842099905014038 0.882856011390686
vt 0.3842099905014038 0.8666250109672546
vt 0.4143730103969574 0.9018759727478027
vt 0.3842099905014038 0.9018759727478027
vt 0.30620700120925903 0.8521689772605896
vt 0.30620700120925903 0.8674290180206299
vt 0.27604401111602783 0.8674290180206299
vt 0.27604401111602783 0.8521689772605896
vt 0.30620700120925903 0.8799830079078674
vt 0.27604401111602783 0.8799830079078674
vt 0.30620700120925903 0.8876299858093262
vt 0.27604401111602783 0.887628972530365
vt 0.30620700120925903 0.8930280208587646
vt 0.27604401111602783 0.8930280208587646
vt 0.30620700120925903 0.9057459831237793
vt 0.27604401111602783 0.9057450294494629
vt 0.4202660024166107 0.9018759727478027
vt 0.4202660024166107 0.882856011390686
vt 0.4504280090332031 0.882856011390686
vt 0.4504280090332031 0.9018759727478027
vt 0.4202660024166107 0.8666250109672546
vt 0.4504280090332031 0.8666250109672546
vt 0.2340960055589676 0.8231179714202881
vt 0.2340960055589676 0.8327190279960632
vt 0.2039330005645752 0.8327190279960632
vt 0.2039330005645752 0.8231179714202881
vt 0.2340960055589676 0.8410919904708862
vt 0.2039330005645752 0.8410919904708862
vt 0.16787800192832947 0.8410159945487976
vt 0.16787800192832947 0.8264409899711609
vt 0.19804100692272186 0.8264409899711609
vt 0.19804100692272186 0.8410170078277588
vt 0.16787800192832947 0.8185520172119141
vt 0.19804100692272186 0.8185520172119141
vt 0.16787800192832947 0.8113589882850647
vt 0.19804100692272186 0.8113589882850647
vt 0.45632100105285645 0.8984839916229248
vt 0.45632100105285645 0.8843939900398254
vt 0.48648399114608765 0.8843939900398254
vt 0.48648399114608765 0.8984839916229248
vt 0.45632100105285645 0.8666250109672546
vt 0.48648399114608765 0.8666250109672546
vt 0.2399889975786209 0.9090520143508911
vt 0.2399889975786209 0.8945540189743042
vt 0.2701509892940521 0.8945540189743042
vt 0.2701509892940521 0.9090520143508911
vt 0.2399889975786209 0.8804749846458435
vt 0.2701509892940521 0.8804749846458435
vt 0.2399889975786209 0.8719339966773987
vt 0.2701509892940521 0.8719339966773987
vt 0.2399889975786209 0.8659030199050903
vt 0.2701509892940521 0.8659030199050903
vt 0.2399889975786209 0.8521689772605896
vt 0.2701509892940521 0.8521689772605896
vt 0.5225390195846558 0.8666250109672546
vt 0.5225390195846558 0.8843939900398254
vt 0.4923759996891022 0.8843939900398254
vt 0.4923759996891022 0.8666250109672546
vt 0.5225390195846558 0.8984839916229248
vt 0.4923759996891022 0.8984839916229248
vt 0.16787800192832947 0.8702769875526428
vt 0.16787800192832947 0.8609409928321838
vt 0.19804100692272186 0.8609409928321838
vt 0.19804100692272186 0.8702769875526428
vt 0.16787800192832947 0.8493720293045044
vt 0.19804100692272186 0.8493720293045044
vt 0.16787800192832947 0.8459140062332153
vt 0.19804100692272186 0.8459140062332153
vt 0.04694100096821785 0.6043959856033325
vt 0.03615599870681763 0.6043959856033325
vt 0.03615599870681763 0.5335469841957092
vt 0.04694100096821785 0.5335469841957092
vt 0.05673300102353096 0.6043959856033325
vt 0.05673300102353096 0.5335469841957092
vt 0.030480999499559402 0.6043959856033325
vt 0.011460999958217144 0.6043959856033325
vt 0.011460999958217144 0.5335469841957092
vt 0.030480999499559402 0.5335469841957092
vt 0.6601250171661377 0.5471720099449158
vt 0.6601250171661377 0.5697180032730103
vt 0.5892760157585144 0.5697180032730103
vt 0.5892760157585144 0.5335469841957092
vt 0.6601250171661377 0.5814769864082336
vt 0.5892760157585144 0.5814769864082336
vt 0.6601250171661377 0.597707986831665
vt 0.5892760157585144 0.597707986831665
vt 0.5892760157585144 0.6167280077934265
vt 0.6601250171661377 0.6167280077934265
vt 0.5892760157585144 0.6312819719314575
vt 0.6601250171661377 0.6312819719314575
vt 0.5892760157585144 0.6517490148544312
vt 0.6601250171661377 0.6517490148544312
vt 0.5892760157585144 0.7651439905166626
vt 0.6601250171661377 0.7651429772377014
vt 0.5892760157585144 0.7873560190200806
vt 0.6601250171661377 0.7873560190200806
vt 0.5892760157585144 0.8031610250473022
vt 0.6601250171661377 0.8031610250473022
vt 0.5892760157585144 0.820930004119873
vt 0.6601250171661377 0.820930004119873
vt 0.5892760157585144 0.8350200057029724
vt 0.6601250171661377 0.8350200057029724
vt 0.6601250171661377 0.8448119759559631
vt 0.5892760157585144 0.8448119759559631
vt 0.5892760157585144 0.8555970191955566
vt 0.6601250171661377 0.8555970191955566
vt 0.6601250171661377 0.8768960237503052
vt 0.5892760157585144 0.8920940160751343
vt 0.5450599789619446 0.8767549991607666
vt 0.5450599789619446 0.8875399827957153
vt 0.5284320116043091 0.8875399827957153
vt 0.5284320116043091 0.8767549991607666
vt 0.00184299994725734 0.6789370179176331
vt 0.00184299994725734 0.6080880165100098
vt 0.018470000475645065 0.6080880165100098
vt 0.018470000475645065 0.6789370179176331
vt 0.5518680214881897 0.9163640141487122
vt 0.5518680214881897 0.9055789709091187
vt 0.5684959888458252 0.9055789709091187
vt 0.5684959888458252 0.9163640141487122
vt 0.5450599789619446 0.8669630289077759
vt 0.5284320116043091 0.8669630289077759
vt 0.5518680214881897 0.8957859873771667
vt 0.5684959888458252 0.8957859873771667
vt 0.02545900084078312 0.6789370179176331
vt 0.02545900084078312 0.6080880165100098
vt 0.042086999863386154 0.6080880165100098
vt 0.042086999863386154 0.6789370179176331
vt 0.5919319987297058 0.8957859873771667
vt 0.5919319987297058 0.9148060083389282
vt 0.5753039717674255 0.9148060083389282
vt 0.5753039717674255 0.8957859873771667
vt 0.04889500141143799 0.6818410158157349
vt 0.04889500141143799 0.6109920144081116
vt 0.06552299857139587 0.6109920144081116
vt 0.06552299857139587 0.6818410158157349
vt 0.5987399816513062 0.9148060083389282
vt 0.5987399816513062 0.8957859873771667
vt 0.6153680086135864 0.8957859873771667
vt 0.6153680086135864 0.9148060083389282
vt 0.07233099639415741 0.7198060154914856
vt 0.07233099639415741 0.6489570140838623
vt 0.08895900100469589 0.6489570140838623
vt 0.08895900100469589 0.7198060154914856
vt 0.5612980127334595 0.5335469841957092
vt 0.5612980127334595 0.5560929775238037
vt 0.5446709990501404 0.5560929775238037
vt 0.5446709990501404 0.5335469841957092
vt 0.5669739842414856 0.5697180032730103
vt 0.5669739842414856 0.5335469841957092
vt 0.5836009979248047 0.5335469841957092
vt 0.5836009979248047 0.5697180032730103
vt 0.11239500343799591 0.6489570140838623
vt 0.11239500343799591 0.7198060154914856
vt 0.09576699882745743 0.7198060154914856
vt 0.09576699882745743 0.6489570140838623
vt 0.5612980127334595 0.5678510069847107
vt 0.5446709990501404 0.5678510069847107
vt 0.5669739842414856 0.5814769864082336
vt 0.5836009979248047 0.5814769864082336
vt 0.5612980127334595 0.5840820074081421
vt 0.5446709990501404 0.5840820074081421
vt 0.5669739842414856 0.597707986831665
vt 0.5836009979248047 0.597707986831665
vt 0.5669739842414856 0.6167280077934265
vt 0.5836009979248047 0.6167280077934265
vt 0.5612980127334595 0.6031020283699036
vt 0.5446709990501404 0.6031020283699036
vt 0.5669739842414856 0.6312819719314575
vt 0.5836009979248047 0.6312819719314575
vt 0.5612980127334595 0.6176559925079346
vt 0.5446709990501404 0.6176559925079346
vt 0.5669739842414856 0.6517490148544312
vt 0.5836009979248047 0.6517490148544312
vt 0.5612980127334595 0.6381239891052246
vt 0.5446709990501404 0.6381239891052246
vt 0.5669739842414856 0.7651439905166626
vt 0.5836009979248047 0.7651439905166626
vt 0.5612980127334595 0.7515180110931396
vt 0.5446709990501404 0.7515180110931396
vt 0.5669739842414856 0.7873560190200806
vt 0.5836009979248047 0.7873560190200806
vt 0.5612980127334595 0.7737299799919128
vt 0.5446709990501404 0.7737299799919128
vt 0.5669739842414856 0.8031610250473022
vt 0.5836009979248047 0.8031610250473022
vt 0.5612980127334595 0.7895349860191345
vt 0.5446709990501404 0.7895349860191345
vt 0.5669739842414856 0.820930004119873
vt 0.5836009979248047 0.820930004119873
vt 0.5612980127334595 0.8073040246963501
vt 0.5446709990501404 0.8073040246963501
vt 0.5669739842414856 0.8350200057029724
vt 0.5836009979248047 0.8350200057029724
vt 0.5612980127334595 0.8213940262794495
vt 0.5446709990501404 0.8213940262794495
vt 0.5612980127334595 0.8311870098114014
vt 0.5446709990501404 0.8311870098114014
vt 0.5669739842414856 0.8448119759559631
vt 0.5836009979248047 0.8448119759559631
vt 0.5669739842414856 0.8555970191955566
vt 0.5836009979248047 0.8555970191955566
vt 0.5612980127334595 0.8419719934463501
vt 0.5446709990501404 0.8419719934463501
vt 0.5612980127334595 0.8632709980010986
vt 0.5446709990501404 0.8632709980010986
vt 0.13583099842071533 0.6499800086021423
vt 0.13583099842071533 0.7208290100097656
vt 0.11920300126075745 0.7208290100097656
vt 0.11920300126075745 0.6499800086021423
vt 0.5669739842414856 0.8920940160751343
vt 0.5836009979248047 0.8920940160751343
o mesh_input
f 1/1 25/2 26/3 3/4
f 3/5 26/6 666/7 625/8
f 5/9 29/10 30/11 7/12
f 626/13 627/14 25/15 1/16
f 2/17 646/18 647/19 4/20
f 625/21 626/22 1/23 3/24
f 7/25 10/26 9/27 5/28
f 7/29 30/30 31/31 10/32
f 12/33 11/34 8/35 6/36
f 9/37 28/38 29/39 5/40
f 9/27 10/26 33/41 34/42
f 10/32 31/31 40/43 33/44
f 37/45 38/46 11/34 12/33
f 34/47 35/48 28/38 9/37
f 18/49 17/50 2/51 4/52
f 647/53 648/54 18/55 4/56
f 20/57 36/58 37/59 12/60
f 21/61 20/57 12/60 6/62
f 22/63 21/64 6/65 8/66
f 23/67 22/68 8/69 11/70
f 38/71 39/72 23/67 11/70
f 17/73 645/74 646/75 2/76
f 131/77 132/78 17/50 18/49
f 648/54 649/79 131/80 18/55
f 153/81 154/82 155/83 156/84
f 139/85 140/86 20/57 21/61
f 138/87 139/88 21/64 22/63
f 137/89 138/90 22/68 23/67
f 39/72 136/91 137/89 23/67
f 132/92 644/93 645/74 17/73
f 41/94 42/95 14/96 13/97
f 13/98 27/99 48/100 41/101
f 157/102 158/103 159/104 160/105
f 46/106 47/107 19/108 16/109
f 16/110 15/111 45/112 46/113
f 24/114 44/115 45/116 15/117
f 134/118 135/119 44/115 24/114
f 42/120 43/121 32/122 14/123
f 34/42 33/41 475/124 476/125
f 33/44 40/43 518/126 475/127
f 500/128 501/129 136/91 39/72
f 499/130 500/128 39/72 38/71
f 498/131 499/132 38/46 37/45
f 37/59 36/58 497/133 498/134
f 155/83 154/82 495/135 496/136
f 476/137 477/138 35/48 34/47
f 142/139 665/140 666/7 26/6
f 26/3 25/2 141/141 142/142
f 25/15 627/14 628/143 141/144
f 32/122 43/121 150/145 151/146
f 149/147 517/148 518/126 40/43
f 148/149 149/147 40/43 31/31
f 31/31 30/30 147/150 148/149
f 30/11 29/10 146/151 147/152
f 29/39 28/38 145/153 146/154
f 162/155 161/156 163/157 164/158
f 478/159 479/160 163/157 161/156
f 167/161 165/162 166/163 168/164
f 663/165 664/166 50/167 89/168
f 50/169 51/170 98/171 89/172
f 51/173 629/174 630/175 98/176
f 52/177 53/178 96/179 97/180
f 193/181 514/182 515/183 196/184
f 94/185 95/186 54/187 55/188
f 55/188 56/189 93/190 94/185
f 56/191 57/192 92/193 93/194
f 57/195 58/196 91/197 92/198
f 169/199 170/200 171/201 172/202
f 481/203 482/204 206/205 207/206
f 175/207 173/208 174/209 176/210
f 650/211 651/212 100/213 60/214
f 178/215 177/216 179/217 180/218
f 492/219 493/220 209/221 211/222
f 183/223 182/224 181/225 184/226
f 107/227 108/228 68/229 67/230
f 106/231 107/232 67/233 66/234
f 105/235 106/236 66/237 65/238
f 65/238 64/239 104/240 105/235
f 198/241 503/242 504/243 200/244
f 102/245 103/246 63/247 62/248
f 101/249 642/250 643/251 61/252
f 100/253 101/254 61/255 60/256
f 652/257 653/258 357/259 69/260
f 185/261 186/262 377/263 378/264
f 373/265 490/266 491/267 214/268
f 371/269 372/270 189/271 192/272
f 369/273 370/274 71/275 72/276
f 368/277 369/278 72/279 73/280
f 367/281 368/282 73/283 74/284
f 74/284 75/285 366/286 367/281
f 201/287 505/288 506/289 365/290
f 360/291 361/292 76/293 77/294
f 358/295 640/296 641/297 78/298
f 357/299 358/300 78/301 69/302
f 661/303 662/304 405/305 79/306
f 188/307 187/308 425/309 426/310
f 421/311 483/312 484/313 215/314
f 419/315 420/316 190/317 191/318
f 417/319 418/320 81/321 82/322
f 416/323 417/324 82/325 83/326
f 415/327 416/328 83/329 84/330
f 84/330 85/331 414/332 415/327
f 204/333 512/334 513/335 413/336
f 408/337 409/338 86/339 87/340
f 406/341 631/342 632/343 88/344
f 405/345 406/346 88/347 79/348
f 651/212 652/257 69/260 100/213
f 69/302 78/301 101/254 100/253
f 78/298 641/297 642/250 101/249
f 77/294 76/293 103/246 102/245
f 200/244 504/243 505/288 201/287
f 105/235 104/240 75/285 74/284
f 74/284 73/283 106/236 105/235
f 73/280 72/279 107/232 106/231
f 72/276 71/275 108/228 107/227
f 192/272 189/271 182/224 183/223
f 491/267 492/219 211/222 214/268
f 180/218 179/217 186/262 185/261
f 13/97 14/96 110/349 109/350
f 14/123 32/122 111/351 110/352
f 151/146 152/353 111/351 32/122
f 113/354 112/355 52/177 97/180
f 114/356 407/357 408/337 87/340
f 115/358 359/359 360/291 77/294
f 116/360 115/358 77/294 102/245
f 117/361 116/360 102/245 62/248
f 118/362 133/363 134/118 24/114
f 119/364 118/362 24/114 15/117
f 120/365 119/366 15/111 16/110
f 19/108 121/367 120/368 16/109
f 129/369 130/370 121/367 19/108
f 99/371 123/372 122/373 59/374
f 70/375 124/376 123/372 99/371
f 355/377 356/378 124/376 70/375
f 403/379 404/380 125/381 80/382
f 49/383 127/384 126/385 90/386
f 27/99 128/387 143/388 144/389
f 109/390 128/387 27/99 13/98
f 59/374 122/373 130/370 129/369
f 131/80 649/79 650/211 60/214
f 60/256 61/255 132/78 131/77
f 61/252 643/251 644/93 132/92
f 134/118 133/363 117/361 62/248
f 62/248 63/247 135/119 134/118
f 136/91 501/129 502/391 64/239
f 137/89 136/91 64/239 65/238
f 65/238 66/237 138/90 137/89
f 66/234 67/233 139/88 138/87
f 67/230 68/229 140/86 139/85
f 184/226 181/225 154/82 153/81
f 494/392 495/135 154/82 181/225
f 159/104 158/103 177/216 178/215
f 142/142 141/141 51/170 50/169
f 664/166 665/140 142/139 50/167
f 144/389 143/388 127/384 49/383
f 176/210 174/209 165/162 167/161
f 479/160 480/393 170/200 163/157
f 164/158 163/157 170/200 169/199
f 146/154 145/153 58/196 57/195
f 147/152 146/151 57/192 56/191
f 148/149 147/150 56/189 55/188
f 55/188 54/187 149/147 148/149
f 54/187 516/394 517/148 149/147
f 151/146 150/145 53/178 52/177
f 112/355 152/353 151/146 52/177
f 141/144 628/143 629/174 51/173
f 36/395 20/396 156/397 155/398
f 20/396 140/399 153/400 156/397
f 129/401 19/402 160/403 159/404
f 19/405 47/406 157/407 160/408
f 496/409 497/410 36/395 155/398
f 28/411 35/412 161/413 162/414
f 145/415 28/411 162/414 164/416
f 35/412 477/417 478/418 161/413
f 48/419 27/420 168/421 166/422
f 27/423 144/424 167/425 168/426
f 91/427 58/428 169/429 172/430
f 49/431 90/432 175/433 176/434
f 99/435 59/436 178/437 180/438
f 68/439 108/440 183/441 184/442
f 378/443 355/444 70/445 185/446
f 71/447 370/448 371/449 192/450
f 426/451 403/452 80/453 188/454
f 81/455 418/456 419/457 191/458
f 108/440 71/447 192/450 183/441
f 70/445 99/435 180/438 185/446
f 140/459 68/439 184/442 153/460
f 59/436 129/401 159/404 178/437
f 144/424 49/431 176/434 167/425
f 58/428 145/461 164/462 169/429
f 96/463 53/464 195/465 194/466
f 515/467 516/468 54/469 196/470
f 54/469 95/471 193/472 196/470
f 64/473 502/474 503/475 198/476
f 63/477 103/478 199/479 197/480
f 104/481 64/473 198/476 200/482
f 76/483 361/484 362/485 202/486
f 365/487 366/488 75/489 201/490
f 86/491 409/492 410/493 203/494
f 413/495 414/496 85/497 204/498
f 103/478 76/499 202/500 199/479
f 75/489 104/501 200/502 201/490
f 171/503 170/504 207/505 206/506
f 170/504 480/507 481/508 207/505
f 174/509 173/510 205/511 208/512
f 493/513 494/514 181/515 209/516
f 181/515 182/517 211/518 209/516
f 179/519 177/520 210/521 212/522
f 189/523 372/524 373/525 214/526
f 376/527 377/528 186/529 213/530
f 190/531 420/532 421/533 215/534
f 424/535 425/536 187/537 216/538
f 182/539 189/523 214/526 211/540
f 186/541 179/519 212/522 213/542
f 247/543 248/544 42/95 41/94
f 41/101 48/100 276/545 247/546
f 275/547 276/548 48/419 166/422
f 165/162 274/549 275/550 166/163
f 174/209 273/551 274/549 165/162
f 272/552 273/553 174/509 208/512
f 205/554 271/555 272/556 208/557
f 216/558 270/559 423/560 424/561
f 213/562 269/563 375/564 376/565
f 212/566 268/567 269/563 213/562
f 210/568 267/569 268/567 212/566
f 177/520 266/570 267/571 210/521
f 158/103 265/572 266/573 177/216
f 264/574 265/572 158/103 157/102
f 47/406 263/575 264/576 157/407
f 262/577 263/578 47/107 46/106
f 46/113 45/112 261/579 262/580
f 45/116 44/115 260/581 261/582
f 44/115 135/119 259/583 260/581
f 258/584 259/583 135/119 63/247
f 257/585 258/586 63/477 197/480
f 256/587 257/588 197/589 199/590
f 255/591 256/587 199/590 202/592
f 362/593 363/594 255/591 202/592
f 410/595 411/596 254/597 203/598
f 252/599 253/600 194/601 195/602
f 53/464 251/603 252/604 195/465
f 250/605 251/606 53/178 150/145
f 249/607 250/605 150/145 43/121
f 248/608 249/607 43/121 42/120
f 218/609 217/610 325/611 326/612
f 217/613 246/614 354/615 325/616
f 246/614 245/617 353/618 354/615
f 245/617 244/619 352/620 353/618
f 351/621 352/622 244/623 243/624
f 243/625 242/626 350/627 351/628
f 239/629 238/630 346/631 347/632
f 238/633 237/634 345/635 346/636
f 237/637 236/638 344/639 345/640
f 343/641 344/639 236/638 235/642
f 342/643 343/641 235/642 234/644
f 341/645 342/646 234/647 233/648
f 233/649 232/650 340/651 341/652
f 339/653 340/654 232/655 231/656
f 231/657 230/658 338/659 339/660
f 337/661 338/659 230/658 229/662
f 336/663 337/664 229/665 228/666
f 335/667 336/668 228/669 227/670
f 331/671 332/672 224/673 223/674
f 223/675 222/676 330/677 331/678
f 329/679 330/680 222/681 221/682
f 328/683 329/679 221/682 220/684
f 220/685 219/686 327/687 328/688
f 326/689 327/690 219/691 218/692
f 80/382 125/381 380/693 381/694
f 379/695 660/696 661/303 79/306
f 79/348 88/347 402/697 379/698
f 88/344 632/343 633/699 402/700
f 400/701 401/702 114/356 87/340
f 87/340 86/339 399/703 400/701
f 398/704 399/705 86/491 203/494
f 254/597 397/706 398/707 203/598
f 395/708 511/709 512/334 204/333
f 85/497 394/710 395/711 204/498
f 393/712 394/713 85/331 84/330
f 84/330 83/329 392/714 393/712
f 83/326 82/325 391/715 392/716
f 82/322 81/321 390/717 391/718
f 389/719 390/720 81/455 191/458
f 191/318 190/317 388/721 389/722
f 387/723 388/724 190/531 215/534
f 484/313 485/725 387/726 215/314
f 384/727 385/728 270/559 216/558
f 187/537 383/729 384/730 216/538
f 382/731 383/732 187/308 188/307
f 80/453 381/733 382/734 188/454
f 279/735 655/736 656/737 581/738
f 579/739 580/740 278/741 277/742
f 608/743 579/744 277/745 300/746
f 300/747 299/748 607/749 608/750
f 606/751 607/752 299/753 298/754
f 298/755 297/756 605/757 606/758
f 602/759 603/760 334/761 296/762
f 600/763 601/764 488/765 295/766
f 295/767 294/768 599/769 600/770
f 598/771 599/772 294/773 293/774
f 293/775 292/776 597/777 598/778
f 596/779 597/780 292/781 291/782
f 595/783 596/784 291/785 290/786
f 594/787 595/788 290/789 289/790
f 289/790 288/791 593/792 594/787
f 592/793 593/794 288/795 287/796
f 287/797 508/798 591/799 592/800
f 348/801 589/802 590/803 286/804
f 586/805 587/806 285/807 284/808
f 284/809 283/810 585/811 586/812
f 584/813 585/814 283/815 282/816
f 282/816 281/817 583/818 584/813
f 582/819 637/820 638/821 280/822
f 581/823 582/824 280/825 279/826
f 519/827 520/828 248/544 247/543
f 247/546 276/545 548/829 519/830
f 547/831 548/832 276/548 275/547
f 275/550 274/549 546/833 547/834
f 274/549 273/551 545/835 546/833
f 544/836 545/837 273/553 272/552
f 272/556 271/555 543/838 544/839
f 541/840 604/841 605/757 297/756
f 268/567 267/569 539/842 540/843
f 267/571 266/570 538/844 539/845
f 266/573 265/572 537/846 538/847
f 536/848 537/846 265/572 264/574
f 264/576 263/575 535/849 536/850
f 534/851 535/852 263/578 262/577
f 262/580 261/579 533/853 534/854
f 261/582 260/581 532/855 533/856
f 260/581 259/583 531/857 532/855
f 530/858 531/857 259/583 258/584
f 529/859 530/860 258/586 257/585
f 528/861 529/862 257/588 256/587
f 587/806 588/863 527/864 285/807
f 524/865 525/866 253/600 252/599
f 252/604 251/603 523/867 524/868
f 522/869 523/870 251/606 250/605
f 521/871 522/869 250/605 249/607
f 520/872 521/871 249/607 248/608
f 277/742 278/741 428/873 429/874
f 427/875 654/876 655/736 279/735
f 279/826 280/825 450/877 427/878
f 280/822 638/821 639/879 450/880
f 448/881 449/882 281/817 282/816
f 282/816 283/815 447/883 448/881
f 446/884 447/885 283/810 284/809
f 284/808 285/807 445/886 446/887
f 443/888 507/889 508/798 287/797
f 287/796 288/795 442/890 443/891
f 441/892 442/893 288/791 289/790
f 289/790 290/789 440/894 441/892
f 290/786 291/785 439/895 440/896
f 291/782 292/781 438/897 439/898
f 437/899 438/900 292/776 293/775
f 293/774 294/773 436/901 437/902
f 435/903 436/904 294/768 295/767
f 295/766 488/765 489/905 435/906
f 432/907 433/908 297/756 298/755
f 298/754 299/753 431/909 432/910
f 430/911 431/912 299/748 300/747
f 300/746 277/745 429/913 430/914
f 301/915 658/916 659/917 452/918
f 474/919 451/920 302/921 303/922
f 473/923 474/924 303/925 304/926
f 304/927 305/928 472/929 473/930
f 471/931 472/932 305/933 306/934
f 306/935 307/936 470/937 471/938
f 468/939 486/940 487/941 309/942
f 309/943 310/944 467/945 468/946
f 466/947 467/948 310/949 311/950
f 311/951 312/952 465/953 466/954
f 464/955 465/956 312/957 313/958
f 463/959 464/960 313/961 314/962
f 462/963 463/964 314/965 315/966
f 315/966 316/967 461/968 462/963
f 460/969 461/970 316/971 317/972
f 317/973 509/974 510/975 460/976
f 457/977 458/978 319/979 320/980
f 320/981 321/982 456/983 457/984
f 455/985 456/986 321/987 322/988
f 322/988 323/989 454/990 455/985
f 453/991 634/992 635/993 324/994
f 452/995 453/996 324/997 301/998
f 90/386 126/385 404/380 403/379
f 405/305 662/304 663/165 89/168
f 89/172 98/171 406/346 405/345
f 98/176 630/175 631/342 406/341
f 408/337 407/357 113/354 97/180
f 97/180 96/179 409/338 408/337
f 410/493 409/492 96/999 194/1000
f 253/600 411/596 410/595 194/601
f 413/336 513/335 514/182 193/181
f 95/1001 414/496 413/495 193/1002
f 415/327 414/332 95/186 94/185
f 94/185 93/190 416/328 415/327
f 93/194 92/193 417/324 416/323
f 92/198 91/197 418/320 417/319
f 419/457 418/456 91/427 172/430
f 172/202 171/201 420/316 419/315
f 421/533 420/532 171/1003 206/1004
f 482/204 483/312 421/311 206/205
f 424/561 423/560 271/555 205/554
f 173/1005 425/536 424/535 205/1006
f 426/310 425/309 173/208 175/207
f 90/432 403/452 426/451 175/433
f 357/259 653/258 654/876 427/875
f 429/874 428/873 356/378 355/377
f 430/914 429/913 355/444 378/443
f 378/264 377/263 431/912 430/911
f 432/910 431/909 377/528 376/527
f 376/565 375/564 433/908 432/907
f 435/906 489/905 490/266 373/265
f 373/525 372/524 436/904 435/903
f 437/902 436/901 372/270 371/269
f 371/449 370/448 438/900 437/899
f 439/898 438/897 370/274 369/273
f 440/896 439/895 369/278 368/277
f 441/892 440/894 368/282 367/281
f 367/281 366/286 442/893 441/892
f 443/891 442/890 366/488 365/487
f 365/290 506/289 507/889 443/888
f 446/887 445/886 363/594 362/593
f 362/485 361/484 447/885 446/884
f 448/881 447/883 361/292 360/291
f 360/291 359/359 449/882 448/881
f 450/880 639/879 640/296 358/295
f 427/878 450/877 358/300 357/299
f 452/918 659/917 660/696 379/695
f 379/698 402/697 453/996 452/995
f 402/700 633/699 634/992 453/991
f 455/985 454/990 401/702 400/701
f 400/701 399/703 456/986 455/985
f 457/984 456/983 399/705 398/704
f 398/707 397/706 458/978 457/977
f 460/976 510/975 511/709 395/708
f 395/711 394/710 461/970 460/969
f 462/963 461/968 394/713 393/712
f 393/712 392/714 463/964 462/963
f 392/716 391/715 464/960 463/959
f 391/718 390/717 465/956 464/955
f 466/954 465/953 390/720 389/719
f 389/722 388/721 467/948 466/947
f 468/946 467/945 388/724 387/723
f 387/726 485/725 486/940 468/939
f 471/938 470/937 385/728 384/727
f 384/730 383/729 472/932 471/931
f 473/930 472/929 383/732 382/731
f 382/734 381/733 474/924 473/923
f 381/694 380/693 451/920 474/919
f 476/125 475/124 217/610 218/609
f 218/692 219/691 477/138 476/137
f 478/418 477/417 219/686 220/685
f 220/684 221/682 479/160 478/159
f 221/682 222/681 480/393 479/160
f 481/508 480/507 222/676 223/675
f 223/674 224/673 482/204 481/203
f 224/673 422/1007 483/312 482/204
f 484/313 483/312 422/1007 225/1008
f 225/1008 386/1009 485/725 484/313
f 486/940 485/725 386/1009 469/1010
f 487/941 486/940 469/1010 308/1011
f 488/765 601/764 602/759 296/762
f 489/905 488/765 296/762 434/1012
f 490/266 489/905 434/1012 374/1013
f 491/267 490/266 374/1013 226/1014
f 226/1014 227/670 492/219 491/267
f 227/670 228/669 493/220 492/219
f 228/666 229/665 494/514 493/513
f 229/662 230/658 495/135 494/392
f 496/136 495/135 230/658 231/657
f 231/656 232/655 497/410 496/409
f 498/134 497/133 232/650 233/649
f 233/648 234/647 499/132 498/131
f 234/644 235/642 500/128 499/130
f 235/642 236/638 501/129 500/128
f 502/391 501/129 236/638 237/637
f 503/475 502/474 237/634 238/633
f 504/243 503/242 238/630 239/629
f 505/288 504/243 239/629 240/1015
f 506/289 505/288 240/1015 364/1016
f 507/889 506/289 364/1016 444/1017
f 508/798 507/889 444/1017 286/804
f 590/803 591/799 508/798 286/804
f 510/975 509/974 318/1018 459/1019
f 511/709 510/975 459/1019 396/1020
f 512/334 511/709 396/1020 241/1021
f 513/335 512/334 241/1021 412/1022
f 514/182 513/335 412/1022 242/626
f 515/183 514/182 242/626 243/625
f 243/624 244/623 516/468 515/467
f 517/148 516/394 244/619 245/617
f 518/126 517/148 245/617 246/614
f 475/127 518/126 246/614 217/613
f 326/612 325/611 520/828 519/827
f 325/616 354/615 521/871 520/872
f 354/615 353/618 522/869 521/871
f 353/618 352/620 523/870 522/869
f 524/868 523/867 352/622 351/621
f 351/628 350/627 525/866 524/865
f 527/864 588/863 589/802 348/801
f 347/632 346/631 529/862 528/861
f 346/636 345/635 530/860 529/859
f 345/640 344/639 531/857 530/858
f 532/855 531/857 344/639 343/641
f 533/856 532/855 343/641 342/643
f 534/854 533/853 342/646 341/645
f 341/652 340/651 535/852 534/851
f 536/850 535/849 340/654 339/653
f 339/660 338/659 537/846 536/848
f 538/847 537/846 338/659 337/661
f 539/845 538/844 337/664 336/663
f 540/843 539/842 336/668 335/667
f 334/761 603/760 604/841 541/840
f 544/839 543/838 332/672 331/671
f 331/678 330/677 545/837 544/836
f 546/833 545/835 330/680 329/679
f 547/834 546/833 329/679 328/683
f 328/688 327/687 548/832 547/831
f 519/830 548/829 327/690 326/689
f 303/922 302/921 550/1023 549/1024
f 551/1025 657/1026 658/916 301/915
f 301/998 324/997 552/1027 551/1028
f 324/994 635/993 636/1029 552/1030
f 554/1031 553/1032 323/989 322/988
f 322/988 321/987 555/1033 554/1031
f 556/1034 555/1035 321/982 320/981
f 320/980 319/979 557/1036 556/1037
f 319/979 526/1038 558/1039 557/1036
f 559/1040 558/1039 526/1038 349/1041
f 560/1042 559/1040 349/1041 318/1018
f 509/974 561/1043 560/1042 318/1018
f 562/1044 561/1043 509/974 317/973
f 317/972 316/971 563/1045 562/1046
f 564/1047 563/1048 316/967 315/966
f 315/966 314/965 565/1049 564/1047
f 314/962 313/961 566/1050 565/1051
f 313/958 312/957 567/1052 566/1053
f 568/1054 567/1055 312/952 311/951
f 311/950 310/949 569/1056 568/1057
f 570/1058 569/1059 310/944 309/943
f 309/942 487/941 571/1060 570/1061
f 572/1062 571/1060 487/941 308/1011
f 308/1011 333/1063 573/1064 572/1062
f 574/1065 573/1064 333/1063 542/1066
f 575/1067 574/1065 542/1066 307/936
f 576/1068 575/1067 307/936 306/935
f 306/934 305/933 577/1069 576/1070
f 578/1071 577/1072 305/928 304/927
f 304/926 303/925 549/1073 578/1074
f 549/1024 550/1023 580/740 579/739
f 581/738 656/737 657/1026 551/1025
f 551/1028 552/1027 582/824 581/823
f 552/1030 636/1029 637/820 582/819
f 584/813 583/818 553/1032 554/1031
f 554/1031 555/1033 585/814 584/813
f 586/812 585/811 555/1035 556/1034
f 556/1037 557/1036 587/806 586/805
f 557/1036 558/1039 588/863 587/806
f 592/800 591/799 561/1043 562/1044
f 562/1046 563/1045 593/794 592/793
f 594/787 593/792 563/1048 564/1047
f 564/1047 565/1049 595/788 594/787
f 565/1051 566/1050 596/784 595/783
f 566/1053 567/1052 597/780 596/779
f 598/778 597/777 567/1055 568/1054
f 568/1057 569/1056 599/772 598/771
f 600/770 599/769 569/1059 570/1058
f 570/1061 571/1060 601/764 600/763
f 605/757 604/841 574/1065 575/1067
f 606/758 605/757 575/1067 576/1068
f 576/1070 577/1069 607/752 606/751
f 608/750 607/749 577/1072 578/1071
f 578/1074 549/1073 579/744 608/743
f 589/1075 588/1076 609/1077 610/1078
f 588/1079 558/1080 611/1081 609/1082
f 558/1083 559/1084 612/1085 611/1086
f 590/1087 589/1075 610/1078 613/1088
f 559/1084 560/1089 614/1090 612/1085
f 560/1089 561/1091 615/1092 614/1090
f 561/1093 591/1094 616/1095 615/1096
f 591/1097 590/1087 613/1088 616/1098
f 602/1099 601/1100 617/1101 618/1102
f 601/1103 571/1104 619/1105 617/1106
f 571/1107 572/1108 620/1109 619/1110
f 572/1108 573/1111 621/1112 620/1109
f 603/1113 602/1099 618/1102 622/1114
f 604/1115 603/1113 622/1114 623/1116
f 573/1111 574/1117 624/1118 621/1112
f 574/1119 604/1120 623/1121 624/1122
f 335/1123 227/1124 239/1125 347/1126
f 227/1124 226/1127 240/1128 239/1125
f 226/1129 374/1130 364/1131 240/1132
f 374/1130 434/1133 444/1134 364/1131
f 434/1135 296/1136 286/1137 444/1138
f 296/1136 334/1139 348/1140 286/1137
f 334/1139 541/1141 527/1142 348/1140
f 541/1141 297/1143 285/1144 527/1142
f 297/1143 433/1145 445/1146 285/1144
f 433/1147 375/1148 363/1149 445/1150
f 375/1148 269/1151 255/1152 363/1149
f 269/1153 268/1154 256/1155 255/1156
f 268/1154 540/1157 528/1158 256/1155
f 540/1157 335/1123 347/1126 528/1158
f 350/1159 242/1160 224/1161 332/1162
f 242/1160 412/1163 422/1164 224/1161
f 412/1163 241/1165 225/1166 422/1164
f 241/1167 396/1168 386/1169 225/1170
f 396/1168 459/1171 469/1172 386/1169
f 459/1173 318/1174 308/1175 469/1176
f 318/1174 349/1177 333/1178 308/1175
f 349/1177 526/1179 542/1180 333/1178
f 526/1179 319/1181 307/1182 542/1180
f 319/1181 458/1183 470/1184 307/1182
f 458/1185 397/1186 385/1187 470/1188
f 397/1186 254/1189 270/1190 385/1187
f 254/1191 411/1192 423/1193 270/1194
f 411/1192 253/1195 271/1196 423/1193
f 253/1195 525/1197 543/1198 271/1196
f 525/1197 350/1159 332/1162 543/1198
f 109/350 110/349 626/22 625/21
f 110/352 111/351 627/14 626/13
f 628/143 627/14 111/351 152/353
f 629/174 628/143 152/353 112/355
f 630/175 629/174 112/355 113/354
f 668/1199 667/1200 669/1201 670/1202
f 671/1203 668/1199 670/1202 672/1204
f 633/699 632/343 114/356 401/702
f 634/992 633/699 401/702 454/990
f 635/993 634/992 454/990 323/989
f 636/1029 635/993 323/989 553/1032
f 637/820 636/1029 553/1032 583/818
f 638/821 637/820 583/818 281/817
f 639/879 638/821 281/817 449/882
f 674/1205 673/1206 675/1207 676/1208
f 641/297 640/296 359/359 115/358
f 642/250 641/297 115/358 116/360
f 643/251 642/250 116/360 117/361
f 644/93 643/251 117/361 133/363
f 645/74 644/93 133/363 118/362
f 646/75 645/74 118/362 119/364
f 647/19 646/18 119/366 120/365
f 120/368 121/367 648/54 647/53
f 121/367 130/370 649/79 648/54
f 650/211 649/79 130/370 122/373
f 677/1209 678/1210 679/1211 680/1212
f 678/1210 681/1213 682/1214 679/1211
f 681/1213 683/1215 684/1216 682/1214
f 685/1217 684/1216 683/1215 686/1218
f 687/1219 685/1217 686/1218 688/1220
f 689/1221 687/1219 688/1220 690/1222
f 691/1223 689/1221 690/1222 692/1224
f 693/1225 691/1223 692/1224 694/1226
f 695/1227 693/1225 694/1226 696/1228
f 697/1229 695/1227 696/1228 698/1230
f 699/1231 697/1229 698/1230 700/1232
f 700/1232 701/1233 702/1234 699/1231
f 703/1235 702/1234 701/1233 704/1236
f 704/1236 705/1237 706/1238 703/1235
f 127/384 143/388 665/140 664/166
f 666/7 665/140 143/388 128/387
f 625/8 666/7 128/387 109/390
f 631/1239 630/1240 667/1241 668/1242
f 630/1243 113/1244 669/1245 667/1246
f 113/1247 407/1248 670/1249 669/1250
f 632/1251 631/1239 668/1242 671/1252
f 407/1248 114/1253 672/1254 670/1249
f 114/1255 632/1256 671/1257 672/1258
f 640/1259 639/1260 673/1261 674/1262
f 639/1263 449/1264 675/1265 673/1266
f 449/1267 359/1268 676/1269 675/1270
f 359/1271 640/1272 674/1273 676/1274
f 122/1275 123/1276 678/1277 677/1278
f 651/1279 650/1280 680/1281 679/1282
f 650/1283 122/1284 677/1285 680/1286
f 123/1276 124/1287 681/1288 678/1277
f 652/1289 651/1279 679/1282 682/1290
f 124/1287 356/1291 683/1292 681/1288
f 653/1293 652/1289 682/1290 684/1294
f 654/1295 653/1293 684/1294 685/1296
f 356/1291 428/1297 686/1298 683/1292
f 655/1299 654/1295 685/1296 687/1300
f 428/1297 278/1301 688/1302 686/1298
f 656/1303 655/1299 687/1300 689/1304
f 278/1301 580/1305 690/1306 688/1302
f 657/1307 656/1303 689/1304 691/1308
f 580/1305 550/1309 692/1310 690/1306
f 658/1311 657/1307 691/1308 693/1312
f 550/1309 302/1313 694/1314 692/1310
f 659/1315 658/1311 693/1312 695/1316
f 302/1313 451/1317 696/1318 694/1314
f 660/1319 659/1315 695/1316 697/1320
f 451/1317 380/1321 698/1322 696/1318
f 661/1323 660/1319 697/1320 699/1324
f 380/1321 125/1325 700/1326 698/1322
f 125/1325 404/1327 701/1328 700/1326
f 662/1329 661/1323 699/1324 702/1330
f 663/1331 662/1329 702/1330 703/1332
f 404/1327 126/1333 704/1334 701/1328
f 126/1333 127/1335 705/1336 704/1334
f 127/1337 664/1338 706/1339 705/1340
f 664/1341 663/1331 703/1332 706/1342
f 610/1078 609/1077 623/1116 622/1114
f 609/1082 611/1081 624/1122 623/1121
f 611/1086 612/1085 621/1112 624/1118
f 612/1085 614/1090 620/1109 621/1112
f 614/1090 615/1092 619/1110 620/1109
f 615/1096 616/1095 617/1106 619/1105
f 616/1098 613/1088 618/1102 617/1101
f 613/1088 610/1078 622/1114 618/1102
